review,sentiment
"Oh boy! Oh boy! On the cover of worn out VHS has a picture of Sandra Bullock and her name written on top. I think only reason they had chance to sell the movie in nineties, was because of Sandra Bullock's name. Bullock's fans don't have to disappoint. Sandra is only thing to watch in this movie and her performance is the only you can call acting. Rest of the movie It's fun to watch in first fifteen minutes because it's bad but after that it's going worse. Much worse. Directing is awful. Acting is awful. Script is awful. Dialog is awful. Action is awful. Music is quite good actually. Typical score for eighties action movies. This movie is so bad that it goes close to anything Andy Sidaris has ever produced. It's so bad that there isn't proper word to describe this poor attempt to be a movie. But still, there was Sandra Bullock. And super cool (sarcasm) Jake LaMotta who tried to be Marlon Brando. <br /><br />I think they can now bring the film out on DVD. It could be cool! And they should write on the cover: ACADEMY AWARD WINNER SANDRA BULLOCk IN HANGMEN<br /><br />1 out of 10",negative
"The best thing about the movie is the name, as it both describes the plot and the acting. At least they cannot say they didn't warn you... Kind of like the button labeled, ""Don't push this"".<br /><br />Segal must have run out of things that move like planes, trains, and ships but the plot remains the same. Under cover guy who fights slowly, but still beats like 40 mercenary types and doesn't even blink when doing so. What amazes me is that Segal is now as big as a barn and the bad guys still cannot hit him in a hallway with a machine gun and 50 clips of ammo. Where do all these bullets actually go to? The only redeeming feature of this movie is watching Nia Peeples pound Ja Rule (real name Jeffrey Atkins doesn't quite sound so punk) into the floor. I could spend days watching that woman kick her foot over her shoulder like that... especially wearing an outfit like that! It was just a bonus watching Jeffy get is *ss kicked, and fun hoping one of those kicks actually landed. Sorry, it's just time we get stupid wannabe tough guy can't act rappers out of the movies. PLEEEEEASE! Who came up with idea anyway? I'd lay odds it was the person who decided that Cameron Diaz and Drew Barrymore would pass as witty athletic Angels.<br /><br />The only surprising twist in this movie is that they don't do the politically correct thing and have Jeffy come in and save the day. No doubt if Snoop (otherwise known by his momma as Calvin Broadus which again doesn't sound so cool when you refer to him as Cal) had been in the movie, he'd throw some signs down on her and probably saved Segal's life or something.",negative
"I normally do not take the time to make comments that few people will read, about movies few will see. However, in this case, I feel I must warn all those who might consider wasting time on it. I just finished watching it only five minutes ago. This is, quite simply, one of the worst movies that I have ever seen in my life. The acting is horrible, a plot is nonexistent, and production values are poverty level at best. I know that even a low budget movie can be great, but not this one. There is only thing that could have saved this movie for any horror fan's purposes--more on-screen gore and slashing! The grand total of three times that this occurs is off-screen. While it is effective and reasonably disturbing when it happens--especially the end scene--there is simply not enough of it. The movie is just too long for it's minimal content, too dialogue heavy, and consequently almost impossible to watch. What happens? To put it all in a nutshell with room to spare, three teenage girls irresponsibly and knowingly go out driving through an isolated area where over 20 girls have previously been abducted and murdered. Their car, of course, breaks down, and they are taken to an old boring house inhabited by three crazy people--one of whom is the psychotic killer. All three are eventually murdered, one by one, off-screen, after what seems like an eternity of boring, slow-paced nonsense. As I said, the only things worth watching even once are the murders. Please don't buy it or rent it just for that, and don't be fooled like I was by the misleading box art and movie description. Save your money and your time.",negative
"Uzak (2002), a Turkish film shown in the U.S. as ""Distant,""<br /><br />was directed, produced, written, and filmed by Nuri Bilge<br /><br />Ceylan.<br /><br />This movie is a gritty and somber version of the clash between a ""city mouse,"" Mahmut, played by Muzaffer Özdemir, and a ""country mouse,"" Yusuf, played by Emin Toprak. <br /><br />Both men are superb actors, and the plot allows them to demonstrate their acting skill. (Tragically, Emin Toprak died in an automobile accident shortly after the movie was completed.)<br /><br />In most country cousin/city cousin tales, the contrast between rural and urban life styles is portrayed in a humorous fashion. In this film, there's little humor or even warmth. Both men<br /><br />have lost touch with human society. Mahmut 's work as a<br /><br />commercial photographer for a tile company gives him no satisfaction. He has divorced a woman he clearly<br /><br />still loves, and has no satisfying human relationships.<br /><br />Mahmut has lost his job because of a factory closing in his small town, and doesn't have the skills or the energy to find work in the city. His human interactions are primarily confined to silent observations of the other people who cross his path. He's clearly a warm and caring person, but can't express these qualities in an urban environment.<br /><br />The cousins don't relate well to the world, and they don't relate well to each other. Neither makes an effort to act in a way that would provide an opportunity for bonding or closeness. <br /><br />In a sense, this film portrays an opportunity wasted. <br /><br />Conceivably, each cousin could have provided at least part of what was lacking in the other's life. Instead, they steer parallel unhappy courses. The two men are distant throughout, which is a situation suggested by the film's title.<br /><br />One of my friends mentioned the masterful way in which Ceylan builds detail upon detail. These details ultimately tell us more about the characters than we might have learned by simple exposition.<br /><br />Uzak was shown as part of the Rochester Labor Film series. It's not a ""labor film"" in the traditional sense of that genre. It is a labor film because it demonstrates the harmful effects of unsatisfying work (Mahmut) and unemployment (Yusuf).<br /><br />This is a quiet, absorbing, dark film. Although it doesn't make for happy viewing, I walked out of the<br /><br />theater realizing that I had seen a truly creative and<br /><br />important movie. This film is worth finding and seeing!",positive
"If you want a complete waste of time, because pulling lint out of your belly button or cleaning the wax out of your ears or grouting your tile is your idea of a carnival thrill ride, then you'll not want to miss this one.<br /><br />For one thing, forget the VHS cover. NO body in this movie looks that attractive (ie, the Indian girl). Someone else commented that whoever posed for the cover is not the same girl and I agree. The cover is THE most exciting thing about this movie.<br /><br />To put this in perspective, I bought this VHS for 99 cents at K-Mart and three minutes, no, 40 seconds into the movie, I knew I had been ripped off.<br /><br />I finished watching it because 1) I did pay 99 cents after all and, 2)there might possibly, conceivably been a hair of chance some scene in this turkey was worth more than a pinched loaf.<br /><br />There wasn't.<br /><br />Good grief, Fonda. I know you were hard up for roles when you did this, but this is beneath you.",negative
"Ya know, I have no idea how everybody else's teenage life was, but this does not reflect the folks I knew and hung around with let alone, myself. And just in case if you're wondering..NO..we weren't pristine/clean cut/Pat Boone type teens. (If there was ever such a thing!!!!)<br /><br />Look, I'm NOT saying being a teenager is easy. The better, well actually the BEST teen movie of this time is ""Fast Times at Ridgemont High"". Now those kids I knew and were as realistic as it got back then (and maybe now).<br /><br />This was crap. This was a low rent version of Fast Times and even then it didn't do much for me. It had a few moments, but not enough for me to recommend this, or even claim ""this is how it was for teens back in 1982"". I couldn't relate. The lead girl (girls) did nothing for me and please if they really wanted to keep their virginity, they would have, in which case, this film would not have been made. Pure crap and a bad staple to be left behind as a time-capsule cinema for teens/young adults in the early '80's.",negative
"I think its time for Seagal to go quietly into the night. What I have just seen makes all his direct to video releases in the last few years look like his early 90's smash hits in comparison.<br /><br />A secret bio lab is making a new kind of drug that jacks up a human's adrenaline system to the point where they become psychopathic killers or something. Somehow Seagal is supposed to stop the infection or its the end of the world...or something. Seagal also went through hit squads like jellybeans, every time I look up he was commanding a new face so it kinda got hard to follow character development as well I know Steven's athsma prevent him from yelling at the top of his lungs but even so why is he constantly being dubbed by people who sound nothing like him? Usually the films plot and action sequences can save it from being a total waste of time but this was not even close. Like I said, it was more of a horror movie with a lot of blood and shank stabbing rather than straight up fighting. The problem was it wasn't really scary and Seagal looked completely out of place because the infected people were supposed to have speed of light movement yet the 40 year old 280 lb Seagal killed them all singlehandedly? I guess the lone highlight of the movie was the first 20 minutes where the new recruits ask Seagal to come to the strip club with them.<br /><br />2 out of 10",negative
"Jamie Foxx was the epitome of Ray Charles. After a few moments you stop seeing a film and see a biography played by the great man himself. Ray Charles was truly a genius of music and the movie excellently depicted that. No one has ever or will ever write, play, or record music like this musical giant. When he passed the flesh, the world lost one of it's greatest American heroes. As far as the movie, the fact that Jamie Foxx received a classical music scholarship to college and could play like Ray was an asset to the director. What could be better than that? You don't have to have a ""double"" play piano and then try to split the screen from someone else's hands to Jamie's face. It worked beautifully. I loved the fact that it also picked up how difficult Ray was. He wasn't always a nice man. You didn't also root for him. He was a drug addict, a womanizer, and sometimes just plain hard-headed. But I guess that's what made him genius so I can't fault him for that. I pick Jamie for Best Actor!",positive
"'The second beginning' as it's title explains, shows us the beginning of the end for the human race. Set long before the matrix existed, this short anime written by the Wachowski's shows us the world that could lay infront of us in the not to distant future, set at the turn of the 21st century, the second renaissance delves into issues common with human behaviour; greed, power, control, vanity etc.<br /><br />The use of robots or artificial intellegence as slaves or servents is common among science fiction/fantasy stories. The second renaissance is no exeption to this concept, however instead of a simple man vs. machine layout, this story explains the struggle that the machines put up with, the struggle for acceptance in a world ruled by humans. Where the matrix films show us the human perspective, these short animations tell both sides of the story.<br /><br />The second renaissance part 1 + 2, answer many questions brought up by the original Matrix film, such as how the war broke out, how the sky was blackend, what led to the use of humans as batteries and it also introduces us to the machine city called 01, which may have relevance to the upcoming Matrix Revolutions film.<br /><br />I won't give away too much of the story, as I do not want to ruin the experience for perspective viewers, however, I will recommend it to anybody interested in the world of the matrix or simply anybody interested in Japanese animation (anime).<br /><br />9/10.",positive
"Well, basically, the movie blows! It's Blair Witch meets Sean Penn's ill conceived fantasy about going to Iraq to show the world what the ""War on Terror"" is really about. The script sounds like it was written by 8th grader (no offense to 8th graders); the two main actors over-act the entire film; they used the wrong kind of camera and the wrong type of film(not that i know anything about those things--but it just didn't look like real documentaries I've watched), and worst of all Christian Johnson took a great idea and made it suck. It reminded me of the time I tried to draw a picture of my dog and ended up with a really bad stick figure looking thing that looked more like a giant turd. I'd rather watch the Blair Witch VIII, than sit through that again.",negative
"I don't know how expensive was the creation of this movie but the effects were awful. Half of the movie was filmed on stage in front of a movie canvas (that's sure that blue box wouldn't look so artificial). When they traveled on a boat, the background canvas was moved imitating the movement of waves but the characters weren't moving. The CGI effects: terrible (I am not sure but I guess the effect were created with Paint and made a GIF sequence of them - next time the creators should hire a professional CGI maker team). It looks like the CGI creator would have drawn on the picture strip with shaky hands. Awful, that's sure. When I first saw the trailer, I thought it was created in 1983. One of my friend told me the correct date: 2005. My jaw dropped, I was so shocked, I thought he was kidding. People, I recommend you to skip this movie, the story is also twisted, you won't enjoy it.",negative
"I first saw this in the theater in 1969 when I was 9 and immediately fell in love with it. I'm sad that Sony has not seen fit to release this on DVD (""but one day, one day...""). I recently obtained a VHS copy of this on eBay and sat down to watch it 39 years later. I'm happy to report it still stands the test of time. The acting is spot-on, John Williams' orchestrations are lush and Leslie Bricusse's songs memorable (""When I Am Older,"" ""You and I,"" ""Fill the World With Love,"" ""London Is London"" are just a few of the standouts. And not enough can be said about Peter O' Toole, Petula Clarke, Michael Redgrave and Michael Bryant's acting. Terence Rattigan deserves an A+ for his update of the James Hilton story. There really is nothing not to like about this film. It's a good cheer-me-up selection. Glad they have released the original soundtrack as a three-CD set with lots of extras. Wish Sony would hurry up and do the same with the film.",positive
"I am a fan of the paranormal and I love Ghost Hunters so when this show first came out I decided to give it a try. I could barely sit through one episode. The show is so obviously staged. I mean come on, every single episode involves someone being possessed or involves a demonic force trying to kill the family. Another huge flaw is that these guys never debunk anything. When I watch Ghost Hunters they find evidence and try to disprove it and if they can't then it is evidence. On this show they find a voice or a piece of video evidence and they are very quick to call it a ghost. This completely ruins their credibility unlike TAPS and Ghost Hunters who actually know what they're doing. Honestly if you're interested in the paranormal and want to watch a show about it watch Ghost Hunters.",negative
"I was prepared for a bad movie, and a bad movie it is, so I guess I shouldn't complain. Twentysomething Tom (gay poster boy Robert Stadlober) has so many issues he doesn't know if he's coming or going. I wouldn't have stayed but for the pretty girls: Serious Mavie (Anna Brüggemann); no-nonsense Angie (Emma Daubas); Sarah Baumann as the star of the movie within the movie. And then there's Tom's soul mate, wild-eyed Margarete (Jana Pallaske). She reminds me of Béatrice Dalle and Gina Gershon. If you've got to remember, these are fine memories. She looks good even in the most ridiculous outfits, and I mean ridiculous, even by Berlin standards. I wonder whether I'd have liked this movie when I was the characters' age. My guess is I wouldn't. Watch out for indie idols Oli Schulz and Max Schröder of ""Der Hund Marie"" performing as street musicians, feeling no pain.",negative
"**** WARNING: here be spoilers **** Why do I waste my hastily fleeing years watching garbage like this? This film is an impressive collection of clichés, poor writing, worse directing, and then we haven't even got to the acting yet. <br /><br />And of course, you can predict the whole story from beginning to end.<br /><br />Hero expert fights against stupid, corrupt and incompetent henchmen. One avalanche goes off, burying all the heroes who somehow manage to get out alive in spite of going through all sorts of cliffhanger perils. Corrupt partner who caused the whole thing gets fried alive together with his payoff money. Second avalanche heroically deflected by renegade expert's adventurous experiment. Evil henchmen in the end turn out to have a heart as well. Troubled teenager falls into the arms of her crusty stepmother after being saved by her. Etc, etc, etc, etc, on and on it goes. <br /><br />In fact, there's little reason to warn for spoilers. You could probably work the whole plot out if I gave you the basic ingredients. At least, I wasn't too wide off the mark most of the time, anticipating what would happen next.<br /><br />And then we haven't discussed the factual errors.<br /><br />I agree with a previous commentator that even though there are usually SOME redeeming features even of a bad movie. you'd be hard pressed to find any in this one. I suppose I gave it 2 out of 10 for some nice scenery shots, but that's it.<br /><br />It's been some time since a film made me groan, but this one certainly did.",negative
"I loved this show. I used to actually leave the pub ten minutes before closing and run down the road to catch it. I remember Daniel Peacock's sketch about Gandhi in the newsagents as a masterpiece. The set design and lighting were out of this world, creating an atmosphere that you felt you were actually living in. V unusual for a comedy.<br /><br />Unfortunately I have only encountered one other person (apart from the other reviewer here) who ever knew that this programme existed. In fact I have to thank the IMDb for coming into existence and proving to me that I hadn't in fact imagined the whole series in a drunken haze, which I was seriously starting to believe!",positive
"Just saw it yesterday in the Sao Paulo Intl Film Festival. Just before going I came here to see how it was rated, and at that time it was 7.4, a pretty nice rate...<br /><br />After 15 minutes I was dying to get out (never did this), but felt embarrassed to do so as the producer of the movie was in the screening.<br /><br />I did not like at all, the dialogs are shallow and lead nowhere, the characters are shallower than the dialogs, nothing lead anywhere, and the worst and worst: plenty of Siemens and Organics advertising on the movie. Despite the fact that I already paid to go to the movie and entertain myself, I still have to be bombarded by the main character chatting on the internet and Siemens mobile popping-up all the time on her lap-top; or another character having a bath or cutting her hair just to have Organics shampoo displayed enormously on the screen! All of this would be bearable if the plot, characters, romances, anything was good, but was bad, really bad! A ""don't know how to do"" sex-in-the-city.<br /><br />Don't waste your time or money.",negative
"I saw one of the stage performances in Denver and have never been less impressed. The word ""vagina"" says it all. A body part. Nothing shocking here. I could say to my doctor, ""My left arm has been hurting a bit after tennis"" or ""My vagina hurts after cycling"" with equal or more social commentary. It could be the ""Tricep Monologues"" for all the entertainment or radical comment I heard. The monologues were dull but delivered with drama, the topics were outdated, and I was alternately bored and annoyed. Once I think I laughed but apparently it wasn't when I was supposed to. Surely this isn't really a hit. Oh, and spoilers: there was a LESBIAN! - oh, wait, maybe not, come to think of it. And Inappropriate Fondling! And a Crack Mama! That about covers it.",negative
"This reminded me of Spinal Tap, on a more serious level. It's the story of a band doing a reunion tour, but things are not harmonious between them. I was especially impressed with the performance of Bill Nighy as Ray. You felt sorry for him, yet he had a certain creepiness about him. It's a great movie to watch if you have ever seen your favorite band get wrinkly,old and pathetic.Bittersweet, highly recommended..",positive
"I tend to get furious when hearing about Lucio Fulci's reputation as a director. Too often he's categorized as a no-talented filmmaker, only out to shock and disgust entire audiences with images of pure gore. True, his films contain more explicit filth and sickness as your average mainstream American production, but his films always are of wide range and the plots are gruesomely morbid. Don't Torture a Duckling is yet another story! This film is a pure gem of the Italian shock cinema! I easily dare to call this film a masterpieceit's an old-fashioned giallo that includes all brilliant aspects of genuine horror. The film shows the search for a inhuman serial murderer in a small Italian mountain-town. The bodies of 3 young boys are found, horribly mutilated. There are quite a lot of pseudo-madmen in the town but every trail leads to nowhere. Among the suspects are a greedy bum and a scary woman, obsessed by witchery and voodoo. Like a true mastermind, Fulci knows to find the right creepy tone for his film. He portrays the small town as a claustrophobic and inescapable setting of macabre happenings, supported by a giddy soundtrack. Fulci also develops himself as a genius storyteller here. The script always is one step ahead of you and the complex plot will mislead you more than once. In other words, this is a unique giallo (horror slash murder mystery). The gore isn't presented as grotesque and explicit as in Lucio's later milestones (among them are the legendary Zombie 2, The Beyond and the New York Ripper), although there still are a few nauseating and hard-to-watch shock-sequences shown. <br /><br />Don't torture a Duckling is the most compelling and effective achievement Lucio Fulci ever brought forward and it easily ranks among the greatest Italian horror movies ever made. Right next to the masterpieces made by Mario Bava and Dario Argento. The film is fascinating from start to finish, some plot aspects are alarmingly realistic and the tension is adrenalin-rushing at all times! A must see for horror fans and an absolute priority for Italian shock-lovers!",positive
"Here is another great film critics will love. The problem is that it is not a very good movie.<br /><br />The films premise is simple. Nine convicts escape a prison after the tenth one goes crazy and tells them where the treasure is.<br /><br />The first half has a lot of slapstick some of it very broad while the second half is a character driven descent into fantasy and melancholy.<br /><br />The two halves simply don't mix. Individual scenes do work very well (The guys crashing a friends house who has a new Filipino bride is hilarious While a later scene with the big guy working in the restaurant tugs at the heartstrings.) They simply don't mesh with each other.<br /><br />The movie as well is missing entire set-ups. One scene shows the guys desperately looking for change under a deserted vending machine to buy a snack. The very next scene has the whole crew in drag sitting down in a restaurant. Where did they get the dresses and wigs? (The crew includes both the big guy and a midget) How did they get all the clothes and money to buy the meal? And most puzzling is why are they in drag? They are clearly guys in drag and lets face it is there anything more memorable to witnesses than a big guy and a dwarf eating a meal dressed as women? I mention the big guy and the dwarf because besides the old guy everyone else seems to blend into each other. (In fact they wear matching white jumpsuits throughout most of the movie) The movie has very little character development in the first half and as a result the second half really lacks an emotional punch. As we are often trying to figure out who is who in their individual payoff scenes.<br /><br />Speaking of a drag the second half has all those wonderful sweeping camera shots and big emotional moments and great symbolism that makes a great film. It is also excruciatingly slow which makes for a boring movie.<br /><br />9 Souls is a big disappointment, the reviews gush about a great film and it's in there somewhere, good luck finding it yourself.",negative
"The main reason to see this film is Warren William, who is in top form as the shyster campaign manager. He is electric, constantly finding ways to fool the public and defeat the opposing party in the midst of the biggest disasters. William is a great actor -- I feel he never got his due. Bette Davis as his girlfriend also shines in an under-written role. Personally, I found Guy Kibbee not quite right as the lame-brained candidate that William and the others are trying to foist on the public. He seemed more like an empty canvas than a person. I would have preferred to see a real character emerge rather than a non-character. The story itself is implausible, silly and clichéd. But Warren William and Bette Davis are well worth watching.",positive
"A widely unknown strange little western with mindblowing colours (probably the same material as it was used in ""Johnny Guitar"", I guess ""Trucolor"" or something, which makes blood drips look like shining rubies), nearly surrealistic scenes with twisted action and characters. Something different, far from being a masterpiece, but there should be paid more attention to this little gem in western encyclopedias.",positive
"Yep, lots of shouting, screaming, cheering, arguing, celebrating, fist clinching, high fiving & fighting. You have a general idea as to why, but can never be 100% certain. A naval knowledge would be an advantage for the finer points, but then you'd probably spot the many flaws. Not an awful film & Hackman & Washington are their usual brilliant, but the plot was one you could peg pretty early on. I'm still waiting to see a submarine film where people get on with each other & don't argue, but then you probably wouldn't have a film.<br /><br />4/10",negative
"Basil Rathbone and Nigel Bruce as Sherlock Holmes and Dr. Watson respectively, the second of the Universal series, where it's again established by means of a written prologue that the famed detective is legendary and spans time. This helps to comfortably set things up here in the ""present"" era of the early 1940's.<br /><br />In this offering, Holmes goes through a few different disguises (with Rathbone's very prominent features, is it likely that people really wouldn't recognize his true identity?) as he protects a physicist from the hands of the Nazis as well as from Holmes' greatest nemesis Professor Moriarty (now played by Lionel Atwill). The scientist has developed a bomb sight which will greatly aid in aerial bombardment, and he's promised his plans to the British. But Moriarty wants to get hold of it so he can sell them to the Nazis.<br /><br />A good entry boosted a bit by the participation of the properly villainous Atwill now cast as Moriarty (though George Zucco was no slouch himself in THE ADVENTURES OF SHERLOCK HOLMES). It's always intriguing watching Holmes and his greatest enemy engaging in witty banter together (""the needle to the last, eh, Holmes?"").",positive
"There are plenty of comments already posted saying exactly how I felt about this film so Ill keep it short.<br /><br />""The Grinch"" I thought was marvellous - Jim Carrey is a truly talented, physical comedian as well as being a versatile clever actor (in my opinion). Mike Myers on the other hand gets his laughs by being annoying. I used to like him very much in his ""Waynes World"" and ""So I Married an Axe Murderer"" days - but Ive never been fond of Austin Powers and ""the Cat In The Hat"" has just finished me off. <br /><br />This film was horrible - the gags were horrible! inappropriate for children not only in adult content but in the fact that some of them were so dated they havent amused anyone for 50 years! The plot was messy, messy, messy! Its a shame really because the children were very likeable as was ""Mom"". They probably could have picked a better villain than Alec Baldwin - but he could have pulled it off if it weren't for Myers ugly, revolting over-acted portrayal of the Cat.<br /><br />I mean - did Myers even glance at a script? Was one written? The other actors seemed to have one - but the Cat just seemed to be winging it!<br /><br />On the other hand I would like to mention that the sets and props were marvellous!!! But unfortunately they cant save this film.<br /><br />Poor Dr Seuss - the man was a genius! Dont ruin his reputation by adapting his work in a such a lazy, messy way!!!<br /><br />1/10",negative
"right the hospital scene with Holly and Shannon was done brilliantly it starts off with Piper On A gurney looking very badly injured, the docs race her into a resuscitation room & they move her from the gurney onto a bed and Prue Holds Her Hand from that point on it is obvious that Piper is having a lot of trouble breathing and her lungs are failing, as she turns to beg of Prue to not leave her side she gaps ""don't go i love you and then her pulse drops and she goes into cardiac arrest & the monitor shows a clear flat line & the nurses go into full out trauma mode & bring in a defibrillator Prue Steps back from the bed in horror as the doctors desperately try to shock her dying sisters heart but there is no response and she is tragically pronounced dead well great scene well done girls",positive
"I still can't believe that Wes Craven was responsible for this piece of crap.This movie is worse than ""Deadly Friend"".The plot is stupid,the acting is mediocre and the film is deadly dull.I don't know why Wes Craven hates his debut ""Last House on the Left""-an absolute masterpiece of the genre and likes(probably)this turkey.Don't get me wrong,I really like some of his movies,but it was a real torture sitting and watching this.",negative
"I can not believe such slanted, jingoistic material is getting passed off to Americans as art house material. Early on, from such telling lines like ""we want to make sure they are playing for the right team"" and manipulative framing and lighting, A Love Divided shows it's true face. The crass manner in which the Irish Catholics are shown as hegemonic, the Protestants as peaceful and downtrodden, is as poor a representation of history as early US westerns that depict the struggle between cowboys and American Indians. The truth of the story is distorted with the stereotypes and outright vilification of the Irish Catholics in the story; a corruption admitted by the filmmakers themselves! It is sad that people today still think that they can win moral sway by making a film so easily recognized for it's obvious intent, so far from attempting art. This film has no business being anywhere in any legitimate cinema or library.",negative
"There are some things I will never understand; why underwear comes in packs of threes when clearly thats not enough is an example. Similarly, I will never understand this film, and that is brilliant. If you approach this film expecting an actual movie, you might as well be approaching Satan expecting a hug; although that may well be possible if you greet this film's Satanic figures. Take Pitch for instance; the most ineffectual, camp, unhellish portrayal of a devil since Freddy Mercury and Wayne Sleep joined forces to create a ten foot Satan costume from red body paint and horns covered with condoms. However, it does create some of the most hilarious moments of any film ever. Seriously, this is no understatement. The same can be applied to every other character, bar the little girl who acts so sickly innocent she's probably overcompensating for some serious crime she's part of. Then again, if Santa's inter-space recon station is real, there is no chance she could have avoided him this long. Put simply, if you haven't seen this movie, you cannot consider yourself a serious buff. The achingly funny characterisation, acting, concept, and almost-under-the-radar racism makes this a must see above any film to date (if you're after pure laughter that is).",positive
"Went to see this as Me and my Lady had little else to do on a sunday afternoon I like films that deal with sleazy,loser characters and this is full of em. After a slow start we get some good turns from the cast but it is the actual 'Bellini' that both makes and lets the film down. The 'Bellini' is one of the funniest scenes I have seen in a film for a long while but is too short and could have made this a masterpiece overall 71/2 out of 10",positive
"""Journey of Hope"" tells of a poor Turkish family and their odyssey of hope which spirals downward into despair as they travel to Switzerland in search of prosperity. Although this Oscar winning film is fairly well crafted, it is lacking in substance and has many implausibilities. Much of the film's 1.7 hour run time is get on the bus, get off the bus, get on the boat, get off the boat, get in the van, get out of the van, etc.; time which could have been better spent or left out completely. The story has a predictable conclusion, especially for those who have an awareness of the common crime of trafficking in illegal immigrants. A worthwhile and reasonably entertaining watch but over-rated.",positive
"The original ""les visiteurs"" was original, hilarious, interesting, balanced and near perfect. LV2 must be a candidate for ""Worst first sequel to a really good film"". In LV2 everyone keeps shouting, when a gag doesn't work first it's repeated another 5 times with some vague hope that it will eventually become funny. LV2 is a horrible parody of LV1, except of course that a parody should be inventive. If you loved LV1 just don't see this film, just see LV1 again!!",negative
"The whole point of making this film, one of the earliest and best international color releases of cinematic opera, was to make it more accessible to the masses. And it succeeded admirably in doing so. The general public would not sit still for a love story about two young exotic lovers in ancient Egypt if played by the typical 300 pound over 40 tenor and soprano with the vocal equipment to sing the glorious music properly. Hence the visual substitution of the beautiful principals (a young Loren, handsome Della Marra, and a slinky Ms. Maxwell)who make the story much more believable, giving those not familiar with the plot or the music a better chance at being wooed into the lovely arias who otherwise might not be. Altogether, an enchanting introduction to one of Verdi's great works. I remember seeing this when I was in junior high school and it certainly awakened my interest in opera, a form with which I was then not well acquainted. I still regard this film fondly and would recommend it highly to those who might appreciate the great music accompanied by better than average visuals. Luciano Della Marra was a standout as Radames, and unfortunately for audiences did not appear in any other films.",positive
"Writer/Director Peter Greenaway cements his title as the High Lord of Art House Pretension with his latest exercise in obnoxious self-indulgence, 8 ½ Women. The film follows a wealthy Englishman and his son on their mutual quest for sexual satisfaction, as they lure and blackmail women (guess how many) into joining their personal collection of concubines.<br /><br />Think of any possible way that this premise could be offensive, and chances are Greenaway's done it. The female characters are little more than a catalogue of fetishes for the two protagonists to partake of. There's the Kabuki-obsessed Mio, the ever-pregnant Giaconda and Beryl, who's got a thing for farm animals. Giulietta has no legs and uses a wheelchair, she's the ""half woman,"" get it? Greenaway vehemently denies all accusations of misogyny, but if this isn't it, then what is?<br /><br />The film goes on to eroticize anything and everything having to do with Japan, a continuation of themes from his snore-worthy (but less sexist) 1996 film, The Pillow Book. But where the The Pillow Book was erotic and graceful, 8 ½ Women just gets horny and exploitative. Greenaway's work is tasteless and arrogant in its fetishism, and the only person likely to enjoy watching it is the auteur himself.",negative
"THE MAN IN THE WHITE SUIT, like I'M ALL RIGHT JACK, takes a dim view of both labor and capital. Alec Guinness is a scientific genius - but an eccentric one (he has never gotten his university degree due to an...err...accident in a college laboratory). He manages to push himself into various industrial labs in the textile industry. When the film begins he is in Michael Gough's company, and Gough (in a memorable moment) is trying to impress his would-be father-in-law (Cecil Parker) by showing him the ship-shape firm he runs. While having lunch with Parker and Parker's daughter (Joan Greenwood), Gough gets a message regarding some problems about the lab's unexpectedly large budget problems. He reads the huge expenditures (due to Guinness's experiments), and chokes on his coffee.<br /><br />Guinness goes on to work at Parker's firm, and repeats the same tricks he did with Gough - but Parker discovers it too. Greenwood has discovered what Guinness is working on, and convinces Parker to continue the experiments (but now legally). The result: Guinness and his assistant has apparently figured out how to make an artificial fiber that can constantly change the electronic bonds within it's molecular structure so that (for all intents and purposes) the fiber will remain in tact for good. Any textile made from it will never fade, get dirty, or wear out - it will last forever.<br /><br />Guinness has support from a female shop steward, but not her chief. He sees Guinness as selling out to the rich. But when he explains to them what he's done, they turn against him. If everyone has clothes that will last forever then they will not need new clothes! Soon Parkers' fellow textile tycoons (led by Gough, Ernest Theisinger - in a wonderful performance, and Howard Marion-Crawford) are equally panic stricken by what may end their businesses. They seek to suppress the invention. With only Greenwood in his corner (although Parker sort of sympathizes with him), Guinness tries to get the news of his discovery to the public.<br /><br />In the end, Guinness is defeated by science as well as greed. But he ends the film seeing the error in his calculations, and we guess that one day he may still pull off his discovery after all.<br /><br />It's a brilliant comedy. But is the argument for suppression valid? At one point the difficulties of making the textile are shown (you have to heat the threads to a high temperature to actually enable the ends of the material to be united. There is nothing that shows the cloth will stretch if the owner gets fat (or contract if the owner gets thin). Are we to believe that people only would want one set of clothing for ever? What happened to fashion changes and new styles? And the cloth is only made in the color white (making Guinness look like a white knight). We are told that color dye would have to be added earlier in the process. Wouldn't that have an effect on the chemical reactions that maintain the structure of the textile? <br /><br />Alas this is not a science paper, but a film about the hypocrisies of labor and capital in modern industry. As such it is brilliant. But those questions I mention keep bothering me about the validity of suppressing Guinness' invention",positive
"Fame, I think, was the best movie that I have ever seen. In ways it was funny and dramatic, but that is what makes a movie. True, it has a few loose ends, actually a lot, but I still think that it is a terrific movie. Some of the funny things happen in the audition at the beginning of the movie. I think it is hilarious when the girl tries to act out O.J. Simpson in ""The Towering Inferno"" and Raul/Ralph goes around to every art department saying that his father was great at every one. He says that his dad danced with the Rockets and left Ralph his tap shoes. The Rockets, as far as I know, are made up of women. And the tap shoes were just regular shoes with bottle caps on the bottom. Also the guy who read the lines of Juliet in the Romeo and Juliet play was funny. One thing about the movie that just turns me on is the music. I have never heard anything like it!!! My favorite song is ""I Sing the Body Electric"" and my second is the theme song itself ""Fame"". Irene Cara has a great voice and is a great actress. I like the way the movie focused on many ethnic groups. It showed all of the kinds of people there actually are in what is now called ""La Guardia School of the Performing Arts"". This movie showed the triumphs and trials of many young performers, including Angelo, Doris, Bruno, Coco, Montgomery, Ralph, Leroy, Hilary, and Liza. They all had a hard time, but made it their own way. This movie could have added on about another 30-45 minutes (before the graduation), but it is still my favorite movie no matter what!!!!",positive
"Do you know that they want to escavate the Moon for real?And in Geneve there is the debated project that could lead to make possible time machine?All i can say about this movie that is based on facts about future(at the time of the movie)scientifical projects but real. Hope the moon will exist not happen as in the movie. Now about the movie itself, I saw the original movie too, and I also read the book. The book I didn't like though, but the movie yes.I totally agree with a previous comment that this movie was depressing,unlike the 60's one.That was very good with force, this one was only a paralled future of what is good movie.",negative
"I'll never understand why when a studio like Universal buys a musical it then butchers it when bringing it to screen. My first thought when seeing Ava Gardner and Robert Walker were starring I would be seeing something from MGM which did musicals best at that time. Boy was I wrong and disappointed.<br /><br />One Touch Of Venus which starred Mary Martin, Kenny Baker, and John Boles on Broadway ran for 567 performances in the 1943-1945 season and Gardner, Walker, and Tom Conway play the roles that Martin, Baker, and Boles did on stage. The Kurt Weill-Ogden Nash musical with book by Nash and S.J. Perelman was a comeback vehicle for Mary Martin who reestablished herself as the Queen of Broadway after a disappointing venture in Hollywood. <br /><br />Look at the names that went into this show. Given who was responsible for the book I expected to see some sparkling wit in this production. Instead I got a rather pedestrian screenplay, it was like all the wit was drained out of it. Doing her best to make up for it is Eve Arden playing her usual girl Friday role with Tom Conway, but it's even too much for Eve.<br /><br />The story concerns department store window dresser Robert Walker who kisses a very valuable statue of Venus who springs to life in the person of Ava Gardner. Of course when the statue goes missing, Conway yells for the law and is suspicious of Walker, the last person to be with the statue. <br /><br />The rest of the film is Walker dealing with Gardner and what will happen to both of them. For reasons I don't understand, Ava was of course dubbed by Eileen Wilson and Walker sings only a couple of lines. The singing is carried by Dick Haymes and Olga San Juan playing Walker's friends and coworkers. Of course on Broadway the songs were done by singers Mary Martin and Kenny Baker. You would kind of think that Haymes would be playing Walker's role at least. It was awkward to say the least.<br /><br />Only three songs survived from the score, Don't Look Now, But My Heart Is Showing, That's Him, and the incomparable Speak Low. Haymes's silken baritone is shown to best advantage in Speak Low which was sung as a duet by Martin and Baker on Broadway. For some reason the lyrics of one of the greatest men of verse of the last century, Ogden Nash, were done over by Ann Ronnell. I suspect the infamous Code was at work here.<br /><br />In Lee Server's biography of Ava Gardner he makes mention of a brief fling Ava had with Robert Walker when she had had a spat with her current man, Howard Duff. When Duff and Gardner reunited, Walker took it badly and didn't speak at all to Gardner off camera. I'm sure the fact that both of them were not in their best work didn't help matters either.<br /><br />Hopefully some repertoire company will do One Touch Of Venus and you'll get to see it the way, Weill, Nash, and Perelman wrote it.",negative
"Great acting, great movie. If you are thinking of building see this movie first. The dollar amounts may have changed but everything else is the same. The humor is true to life and emotions are those that anyone who has built has felt.",positive
"I first flicked onto the LoG accidentally one night while waching television: since then, I have never missed an episode.<br /><br />It's humour is very weird, like a cross between Brass Eye's social commentary, the Fast Show's excellent one-liners, and an amazing plot that seems to develop each week without ever going anywhere. The best example of this was Hillary Briss's special stuff - what was that all about?<br /><br />The humour will not appeal to all. Some will say it's just too sick, and it's easy to see where they're coming from. Nonetheless, give it a try. If you don't like it, don't watch it, but if you do like it you'll be very glad you took my advice.",positive
"Did we all see the same movie??? I can't believe the raves some of the others are giving this really awful bio which, believe or not, was authorized by Shirley Temple herself, based on her book CHILD STAR. Gives me the feeling that some are awfully easy to please.<br /><br />First of all, ASHLEY ROSE ORR, whatever her modest talents are, in no way, shape or form even resembles Shirley Temple enough to be cast as her in this sort of straightforward biography of the world's most famous child star. She gives no indication of why or how this child was so revered except for trying her hardest to do a Shirley impersonation which never clicks on any level. None whatsoever.<br /><br />And that is the major handicap of the whole piece. But as if that isn't bad enough, any drama inherent in Shirley's story of her climb to almost overnight stardom has been completely white-washed with insipid writing peppered with occasional song and dance moments that don't even approximate what Shirley did (as for example, ""The Codfish Ball"" with Buddy Ebsen which was probably the high point of Shirley's choreographed dance routines).<br /><br />Simply putting a girl in a polka dot dress doesn't make her Shirley Temple. None of Shirley's own brand of charm, warmth and appeal is even remotely suggested. All we see on display is a pale imitation of the original proving, once and for all, that there was only one Shirley Temple.<br /><br />It's worthless to write anything further about this mess. None of the others are more than ordinary in lifeless roles. My advice for Shirley's fans is to read her book--or better still--watch her movies.<br /><br />This is the pits.",negative
"Arnold fans will holler in joy, fans of brainless action will holler in astonishment, and Catholics will just holler.<br /><br />Illogically written by Andrew W. Marlowe and ham-handedly directed by Peter Hyams, *End of Days* gets The Terminator out of his open-backed hospital gown (Arnold Schwarzenegger's return to the big screen after his heart operation), whilst blowing things up in Mysterious Ways and blaspheming Biblical verse to give Catholics something more to whine about.<br /><br />It is 1999 and doom-sayers the world over live in trepidation of their computers going fritz and losing their downloaded porn. Even as the technological stank of Y2K muttons the New York streets, ex-cop turned alcoholic security guard, Jericho Cane (Schwarzenegger, with the perfunctory ""dead-wife-and-kid"" back-story for Loose Cannon effect), must brave theological waters to save 20-year-old virgin Christine (Robin Tunney) from being conscripted as  wait for it  The Bride of Satan. Dun dah daaaarrrh! Stupidity ensues.<br /><br />For every anti-hero, there is his anti-Christ. Gabriel Byrne is the devil here  and he's out to party like it's 1999, on a mission to impregnate Christine with the Anti-Christ between 11 pm and 12 midnight, December 31, 1999  ironically, in the hour that all porn will be lost  thereby bringing about the End of Days. Being able to read minds, conjure hallucinations and employ limitless magic, it doesn't occur to Satan to expedite the impregnation process by appearing months in advance and courting Christine as a teen model and then closing the panty raid easily at the appointed time; instead, he appears on December 28th like a Keyser Soze Terminator and wonders why she doesn't welcome him with open thighs (See above comment re: stupidity.) Here is a movie where nothing makes sense the moment it is uttered, let alone after contemplating its veracity or mythology. A priest (Rod Steiger) tells Jericho that '666' is really '999' upside down with a '1' in front of it. So wait - *Prince* is the Anti-Christ?<br /><br />Satan Soze pursues Jericho and Christine (J and C  get it?) around town, at no point doing anything which would actually precipitate their capture. In one scene, Satan recreates Jericho's wife and child to tempt him into revealing where he hid Christine. But if he can see so deeply into Jericho's mind in recreating his family with enough nuance to inspire nostalgia, why can't he see where Jericho hid Christine not ten minutes ago? <br /><br />Satan can make an assassin talk without a tongue, yet he can't make that assassin unjam a semi-automatic weapon. And when Jericho shoots Satan at point blank range, Satan is courteous enough to open his shirt to reveal the wounds closing, so Jericho won't worry unduly about Satan's health - not sanitary to go about with open bullet wounds Matter of fact, instead of simply possessing Jericho himself to get close to Christine and rape her, Satan expends so much unnecessary energy on side-projects (crucifying the tongue-less guy, blowing up Jericho's partner (Kevin Pollak) and then saving him, and then blowing him up again, ridiculously battling Jericho when he could snuff him out with the effort of thought) that we wonder whether a more efficient assassin/lover shouldn't be put on the case  say, Antonio Banderas.<br /><br />What I find most precious about *End of Days* is Arnold's valiant attempts at The Method: ""sad"" means scrunching up his eyes and not blurting out anything in a foreign accent; ""depressed"" means raising a bottle to his lips and not blurting out anything in a foreign accent; ""deathly scared"" means widening his eyes and not blurting out anything in a foreign accent. There's definitely a pattern here, if we could only decipher it.<br /><br />In the end, the devil is dispatched not by the holy men whom Catholics pray to for deliverance from apocalypses such as these, but from the atheist Jericho. While the timid men of an impotent god exhort ""faith"" and quiver in their cells doing nothing about Satan actually walking amongst them, the Prince of Darkness is thwarted by a nullifidian with a big gun and a foreign accent. Which clearly says something that Catholics blindly refuse to hear: that even if the Devil were to exist, those who have been indoctrinated to unconditionally and irrationally fear him would be unable to conjure a belief in his downfall, let alone act towards it. Further, they might not truly WANT him defeated, for only through his contrary polarity does their god's existence become tenable.<br /><br />For it is written in the Book of Revelations: ""And the Prince of Darkness shall descendeth upon the Earth without any solid game plan, and impregnate a virgin on a date which won't have any significance until the Gregorian Calendar of the 1500s adopts the day numbering which will put it in sync with the equinoxes and the Anno Domine syntax which will annoy sensible people for millennia, by which time, Christians will have forgotten Christ's actual birth date and appropriated the pagan Saturnalia festival in its stead. And the Prince shall effect a Revolution through tight purple pants and ambiguously-lesbian band members"" I can believe the people being drained of blood and crucified, and the alcoholic built like a Mr. Universe; I can believe that a giant, supernatural monster can't kill a guy armed only with a foreign accent; I can even believe that the devil needs to perform some hokey thirteenth century Celtic Druid ritual as foreplay - but what I cannot believe is the 20-year-old virgin in New York City in 1999.<br /><br />Especially around Prince...",negative
excellent drama. very dark. i have never seen california photographed in such a way. bridget fonda as the deaf wife beaten by her husband is superb. the film gripped me from start to finish. very understated performance by sutherland. the direction was very european. amazing to get such a performance from fonda.,positive
"These days, Ridley Scott is one of the top directors and producers and can command huge sums to helm movies--especially since he has films like ALIEN, GLADIATOR and BLADE RUNNER to his credit. So from this partial list of his credits, it's obvious he's an amazing talent. However, if you watch this very early effort that he made while in film school, you'd probably have a hard time telling that he was destined for greatness. That's because although it has some nice camera-work and style, the film is hopelessly dull and uninvolving. However, considering that it wasn't meant for general release and it was only a training ground, then I am disposed to looking at it charitably--hence the score of 4.<br /><br />By the way, this film is part of the CINEMA 16: European Shorts DVD. On this DVD are 16 shorts. Most aren't great, though because it contains THE MAN WITHOUT A HEAD, COPY SHOP, RABBIT and WASP, it's an amazing DVD for lovers of short films and well worth buying.",negative
"Blue ribbon banners, stars and stripes forever, decorated generals, and unconditional surrender from the enemies which required tons and tons of radiation, this was the summon substance of the United States victory in World War II!! The celebration on Times Square as well as everywhere else in the United States suggests a national zenith!!! America is on top right!! one thing, one agonizing and painstakingly perverse thing..The period of adjustment!!..The actual celebration ended when the bottle of champagne was finished..Now everyone needs to get on with their lives...only one problem though...they have to get new lives...the old lives are gone forever...Polite and pleasant smiles had a fragile facade with a longevity of ice cubes in boiling water!! Everyone of the characters in the movie is paraded by primal doubts, and unable to masquerade a pretense about how nothing was seriously wrong, for the simple reason that it was not true!!! Once sergeants, and generals, and their wives, and daughters, and sons and virtually all other Americans touched by World War II, were exposed to disabilities, nightmares and recriminations of World War II and what it really accomplished as well as negated, nobody was the same!! For now, social and moral issues had a self serving interest...Frederick March and Myrna Loy had to start over!! Dana Andrews realized that he should never have been married to Virginia Mayo in the first place!!! Theresa Wright has become painfully aware of the fact that she is constructively selfish!! Las but not least, the character, Homer, is about to get married and he thinks that everyone around him is as devastated by his injury as he is, basically in the sense that they are unable or unwilling to cope!!<br /><br />The reason this film is so fabulous is because a happy ending was attained the hard way, once everybody recognized the new beginning of the new United States and the new world overall, tragedy from WWII was recognized, and things that were emotionally torn asunder were taken in stride, and dealt with accordingly!! Frederick March and Myrna Loy need to go back to chapter one in their marriage, Homer has apprised his new bride as to what it takes to be married to him (i.e. half the times, she will feel like a nurse) and Thresa Wright's involvement with Dana Andrews means that her entrance into adulthood has resulted in partial responsibility for breaking up a marriage...This is tantamount to learning how to drive a car to get your driver's license at the Indianapolis 500...The characters in the movie are the typical post WWII Americans in that they are stalemated by the rude awakening of coercive changes to their lives...Happiness no longer is afforded the luxury of the adjective cop-aesthetic...it is now about formidable conditions, and good winning out over evil by way of the less ugly choice!!...World War II did not just happen!! It will henceforth dominate the social patterns of American living!!!<br /><br />The aggregate catastrophe of World War II has mirrored most Americans' feelings of personal human inadequacy as well!!I loved this film and so did AFI, probably for the reason that it brought out issues that were at one time unjustifiably taboo!!..Bottom line, see this movie!! Nightmares about combat, dilemmas about marital unhappiness and/or readjustment, coping with your life when stricken-ed by a disability and just basically acting human are portrayed constantly in movies and television today, HOWEVER!! this is 1946!! Very new to Americans then....REMEMBER THAT!! Director William Wyler has illustrated how Americans feel about the aftermath of WWII in the days when the movie industry has left him with one hand tied behind his back!!! Take that into account and you will probably realize just how sensational this movie really was!!",positive
"This movie will always be a Broadway and Movie classic, as long as there are still people who sing, dance, and act.",positive
"I'm not one of those folks who bemoans everytime a film based on an old TV show comes out. Rather, I usually run out and see it (If I had watched the show) and try to get nostalgic. But if anyone feels like running down films based on old shows, this is exhibit A (So you can actually say something more than just ""McHale's Navy""). ""Mod Squad"" is dreary, tiring, and lethargic. At least the original series was angst riddled long before anyone knew teens could be so glum, making it groundbreaking. This is just tedious. Claire Danes is nice to look at, but does nothing else but mood swing and sneak around spying on the baddies. Giovanni Ribisi's acting extent in this flick is that Droopy the Dog look for an hour and forty five minutes. And Omar Epps looks like he wants to flee the set, but the script's chlostraphobia has trapped him. Sure, the production is nice, with the now seemingly obligitory ""rave"" nightclub opening action sequence and shootouts galore. Oh, and the kids yell and get mad at each other and their superiors a lot too. It's kind of like deciding to use the Scooby Doo Mystery Machine to go on a family vacation to Hollywood with your teenage kids who you and your spouse know need heavy therapy and prescription drugs. I really wanted to like this movie, and there were promising moments, but the next scene would suck the life out of it. You can knock another Spelling remake, ""Charlie's Angels"", all you want, but at least that film knew it wanted to have fun with itself. ""The Mod Squad"" makes you wonder where the inspiration from the original series went.",negative
"Though Cher and Cage are the focal points of this story, Gardenia and Dukakis are good counterparts for them- this is where Loretta and Ronny will be in 50 years- still in love. The whole cast does a nice job from Aiello to John Mahoney- it shows a real slice of life. Though I saw this long ago- I am glad it finally catapulted Cage to the place where he was recognized in Hollywood for his talent. From the music to the scenes at the opera to the kitchen table arguments- this is a very entertaining movie.",positive
"<br /><br />This film is a summary of Visconti's obssessions: the decadence of nobility, death, aesthetic search, homosexuality...All mingled with melancholic mastery. Slow-paced just to make you abler to contemplate all its beauty (which is in the music and the images as well as in the story)this is the type of film we are not allowed to enjoy anymore, brave, deeply personal and intelligent. The genuine fruit of a genius like Visconti.",positive
"Three horror stories based on members of a transgressive Hindu cult that return home but changed in some way. In the first story our former cult member is now in an insane asylum and is visited by a reported who wants to find out about what went on at the cult. Somewhat slow going as story is told in flashbacks while the two sit on chairs and face each other. Reporter is particularly interested in what lead to the death of the participants. What seemed rather boring suddenly turns very exciting with a surprising twist in the story. Things get quite bloody.<br /><br />Second story has a violent young criminal visiting a psychiatrist for mandatory therapy. The patient seems to have some type of agenda but the psychiatrist is up to the task. Again, things slow down a bit and get weird. Then there's a strange twist in the story that is very well written and surprising.<br /><br />Final story deals with spiritual healer who claims to be able to remove the persons illness from them with his hands. One of the patients is a former cult member, so the successful healing gets more complicated. Again, we are surprised by a twist. Has a pretty gory scene in there.<br /><br />There some nice female full frontal nudity as well as male full frontal nudity for some reason. I found the stories to be very well written and the director succeeds entirely in setting up each story with its surprising twist and the gory aftermath.<br /><br />Note: review of the German DVD.",positive
"The Salena Incident is set in Arizona where six death row inmates are being transfered from the state prison for reasons never explained, while driving along the heavily armed prison bus gets a flat & the driver is forced to pull off the road. Then two blonde birds turn up & after seducing the incompetent prison guards manage to get the better of them, the six prisoners are released but in a shoot-out their getaway car is damaged leaving them all stranded in the middle of the Arizona desert. They decide to head to the nearest town, Salena several miles away & take the cops with them as hostage. Once they reach Salena they find it odd that the place is completely deserted with not one single other person in sight. They soon discover that the entire town has been killed by flesh eating aliens & they are firmly placed on the menu...<br /><br />Also known as Alien Invasion Arizona in the US on DVD & apparently having the working title Terror Town this rubbishy low budget sci-fi horror flick was co-written, co-produced & directed by Dustin Rikert & has no real redeeming features at all, to be frank The Salena Incident is the sort of film which gives films a bad name. The film could roughly be divided into two parts, the opening forty or fifty odd minutes focuses on the prisoners in a thriller feeling opening, the guards & the escape although it's pretty poorly written & staged stuff. The dialogue between the two blonde birds & the prison guards is so bad it's unintentionally funny as the two fit birds chat up the two not so fit prison guards. Funny stuff actually, unfortunately The Salena Incident is supposed to be a sci-fi horror film not a comedy. Then once the escaped cons & their prison guard hostages arrive at Salena it goes into sci-fi horror mode as the aliens turn up & start killing our clichéd character's off which is good because they are annoying. Look, the whole film sucks as it's badly written, thought out & made. I can't really be bothered to go into why but trust me The Salena Incident is awful on every level.<br /><br />As well as being just a bad, boring & stupid film The Salena Incident is also poorly made. The action set-piece scenes are awful, the aliens looks terrible & are never shown on screen at the same time as the human character's & as such it's sometimes difficult to tell what's happening. The special effects are poor too, the aliens look rubbish & the CGI computer effects are absolutely terrible as well. The editing is poor, the cinematography is poor, the sets are cheap & the whole thing is just an eyesore really. There's a bit of gore, there's some gunshot wounds, someone is ripped in half & a severed hand is seen.<br /><br />Obviously shot on a low budget The Salena Incident has low production values & looks cheap from start to finish. Filmed in Superior in Arizona. The acting is terrible from no-one I have ever heard of although the actress who plays the female doctor is pretty good looking.<br /><br />The Salena Incident is a rubbish sci-fi horror film that is terrible in just about every way, not worth 90 minutes of yours, mine or anyone else's time.",negative
"Some people have stated that as of the 11th season, South Park has started a trend of leaving behind their politically biting satire for shallow spoofs; but this could not be further from the truth.<br /><br />While this episode does spoof the Living Dead series, there is more. It is a satire of how people treat the homeless. Characters say things like ""They're pretending to be just like us"" or ""They want to be human."" This episode attacks a culture of people who ignore the lower class who are often just down on their luck.<br /><br />So yes, it is still a satire, and also a wonderful spoof. What more could you want?",positive
"My mother forced me to watch this movie with her. She apparently will watch anything with a vampire counsel in it. I was bored throughout.<br /><br />At different points, Underworld: Rise Of The Lycans is reminiscent of Spartacus, Battle For The Planet Of The Apes, The Passion Of The Christ, and Mandingo! What it reminds me most of are those Italian sword and sandal pictures of the nineteen-sixties (not the good ones) that spend an inordinate amount of time showing Greek or Roman despots in robes talking and plotting incessantly while you wait impatiently for the muscle man hero and his lover, usually the despots daughter, to do something.<br /><br />This film was in desperate need of some color and suspense. The characters were pretty two-dimensional.<br /><br />The sets looked as if they were constructed entirely of pewter! I wonder how many Civil War Chess Sets were melted down to make this movie.<br /><br />All those wearing fishnet stockings on your arms and black lipstick, feel free to click NO.",negative
"Maybe it's just a personal affection for this screen version of the Mika Waltari novel, or a fondness for things Egyptian (I grew up loving to visit the mummies in Boston's Museum of Fine Arts) but I think Maltin is a tad tough on this rather good film. The production values are great regarding color and cinematography, and it appears some effort went into historical authenticity (much of it from the novel, I'm sure). Purdom is admittedly a bit stiff in the lead role, but one can accept this as part of Sinuhe's character. Victor Mature is, well, Victor Mature. Peter Ustinov is a delight to watch in this type of role, which he always did so well and so wittily. Bella Darvi's performance as Nefer is classically camp, and I find even Michael Wilding's rather dry portrayal of Akenaten to have its own appeal.<br /><br />The historical oddity of Akenaten's monotheism, a brief detour in ancient Egypt's theological history, is interesting, as is Akenaten himself, and well worth reading about; the religious wars portrayed here have a basis in fact.<br /><br />An interesting footnote regarding Darvi, whose birth name was Bayla Wegier: she was a Polish emigre who producer Darryl Zanuck and his wife Violet took under their wing (I believe they may even have adopted her). Her screen name Darvi is formed from Zannuck's and his wife's first names. She continued her acting career in France, but never achieved great success and, after a rather unhappy life, died at her own hand in 1971.<br /><br />Altogether this is an interesting film and enjoyable to watch for the visual values alone. American Movie Classics shows this occasionally in letterbox, which is essential to capturing the scope and sweep of the story.",positive
"Ostensibly a story about the young child of Jimmy Stewart and Doris Day. The kid gets kidnapped to keep his parents quiet. They know something about a plot to assassinate the ambassador of an unnamed country during a performance at Albert Hall in London.<br /><br />The movie is rich in Hitchcockian incidents. A friendly but opaque Frenchman seems to grill the innocent Stewart -- a doctor from Indiana -- a little too intensely to be merely idly curious. Later the Frenchman shows up in Arab disguise, a knife in his back, and whispers some information about the murder plot to Stewart. Stewart tells his wife -- Doris Day looking very saucy indeed -- but refuses to cooperate with the police and risk his son's life.<br /><br />Instead the couple try to track down the assassins, buy them off, and get their son back, taking them from Morocco, where Hitchcock has given us his usual tourist's eye view of the customs, locations, and food, to London. There is a hilarious wild goose chase involving a set-to between Stewart and the staff of a taxidermy shop. The staff are more concerned about guarding their half-stuffed specimens than anything else, and they shuffle around protectively holding the carcasses of a leopard and a swordfish. In the course of the scuffle, Stewart manages to save his throat from being cut by the swordfish bill, but is bitten on the hand by a stuffed tiger, the action boosted along by Bernard Hermann's bumptious score. The scene ends with Stewart rushing out the door. Hitchcock ends it with a shot of a lion's head gaping at the slammed door. There is also a running gag, well done, about some visitors waiting around the couple's hotel room in London, waiting for things to be explained.<br /><br />There are two serious issues that are lightly touched on. One is the relationship between Stewart and Day, which is not as rosy as it ought to be, considered as a bourgeois ideal. She's been a stage musical star for some years and is internationally known. And she's given it all up to marry an ordinary guy who happens to be a doc. That's understandable in, say, a nurse or a flight attendant or almost any woman other than an international star with a promising career in her own right. It isn't delved into, but the edginess is noticeable, as it was not in the original version. It reminds me a little of an exchange between Joe Dimaggio and his then-wife Marilyn Monroe, who had just returned from entertaining the troops in Korea. ""Oh, Joe,"" she gushed, ""did you ever see ten thousand people stand up and cheer?"" ""Seventy thousand,"" muttered Joe, former hero of the New York Yankees.<br /><br />The second problem is one of allegiance. Who is of greater social value? One's own young son? Or an unknown ambassador. Do we put ourselves or our loved ones at risk for the sake of national stability? Day is faced with this dilemma in its starkest form at the climax in the Albert Hall. Her solution opts for allegiance to political stability, although her motives are problematic. Does she scream to save the ambassador's life, or does she do so just to release the anxiety that is overwhelming her? (Cf: Alec Guiness falling on the detonator at the end of ""The Bridge on the River Kwai."") The photography is extremely good, and the settings can be menacing, even on a quiet street in a residential neighborhood of London. It's mid-day, and Stewart is alone and determined, but frightened too. There are footsteps echoing on Gulliver Street from someone, somewhere. Is he being followed? Is his life in danger? And where the hell is everybody who lives on this street? Hitchcock pays such close attention to location details that we can make out the garden wall bonding of the bricks beside him.<br /><br />The director had a rare disagreement with Francois Truffaut while being interviewed for Truffaut's otherwise laudatory book. Truffaut argued that the earlier version of ""The Man Who Knew Too Much"" lacked the depth of the later version. Hitchcock replied, ""It seems to me you want me to make films for the art house audience,"" but finally agreed that the 1930s version was the work of a talented amateur and this version was the work of a professional. No argument there.<br /><br />This is Hitchcock pretty much near his zenith.",positive
"I usually like hongkong - martial arts - fantasy movies but I hated this one. Once Upon A Time In China, Shogun Assassin, A Chinese Ghost Story and even Big Trouble In Little China are my favorites but this film sucked! Too much fancy tricks and stupid story.<br /><br />4/10",negative
"Just bought the VHS on this film for two bucks, Did I waste my money! Hey, I dig Adam ""Batman"" West and Tina ""Giligan's Island"" Louise, but hello! This third rate production is a rehash of a dozen other biker films; crazed bunch of bikers psychos ride into a hick town, beat up everybody and everything, and then are defeated in the man by a dashing hero. Adam West looks the part as a hero, but he's missing cape, and his Batman uniform. Sorry, just isn't the same. Tina L. looks really nervous and frightened the whole show, but at least we know what happened to ""Ginger"" once she was rescued from the island...LOL! The bikers are a motley group, and known of them ever acted again or at least shouldn't have. Hell Riders is Hell to Watch!",negative
"As a South African, living in South Africa again after a 32 year stay in the UK, I am sorry to say that this movie is a huge disappointment. The three main problems I had with the movie was a) why Swank and Ejiofor - an American and a Nigerian - to play the leads. This country is bursting with talent and has no need of imports... b) Gillian Slovo has been trading off her Struggle credentials for years now. She's a very mediocre writer and even her novel doesn't stand up the flaccid direction of Mr Hooper... and c) Hilary Swank again, such a great actor, as proved in Million Dollar Baby (but that's Eastwood too), here dressed in the contemporary New York style whilst roaming freely around the poverty of the Karoo. Where was the consideration and sensitivity needed by the costumer and director? Yes, the film is ultimately moving - how could it not be? - but the overall mood at the conclusion is one of tremendous letdown. Heart's in the right place but needs a pace maker.",negative
"""It's not like that big mechanical toy"", says a character early on, commenting on ""Jaws"". Well, ""Blood Surf"" would only wish to have a beast as convincing as the shark of the ""Jaws"" series. In other words, the digital special effects of this movie are TERRIBLE. Acting and directing are not much better, either; they seem more suited to a deodorant or a bubble-gum commercial than to a horror movie. The attitude of the people who worked on this film shows contempt not only for the genre, but for the audience too. Saying you ""liked"" this film only encourages filmmakers to offer us more of this crap, further destroying the poor horror genre. (*1/2)",negative
"A man named Jerry comes into possession of an ancient Aztec doll.However this creepy little figure is possessed by an evil spirit,which takes over Jerry's body and pushes him to spill the blood...I have seen two other horror movies ""The Dorm that Dripped Blood"" and ""The Kindred"" made by Stephen Carpenter and Jeffrey Obrow and I must say that ""The Power"" doesn't disappoint either.The plot is slow-moving,but there are some effective human goo effects and a little bit of gore.The scene of a female tabloid reporter being attacked by arms that come ripping out of a mattress is a hoot.I liked this low-budget horror movie and you should too,if you are into 80's horror genre.8 out of 10.",positive
"Just about everything in this movie is wrong, wrong, wrong. Take Mike Myers, for example. He's reached the point where you realize that his shtick hasn't changed since his SNL days, over ten years ago. He's doing the same cutesy stream-of-consciousness jokes and the same voices. His Cat is painfully unfunny. He tries way to hard. He's some weird Type A comedian, not the cool cat he's supposed to be. The rest of the movie is just as bad. The sets are unbelievably ugly --- and clearly a waste of millions of dollars. (Cardboard cut-outs for the background buildings would have made more sense than constructing an entire neighborhood and main street.) Alec Balwin tries to do a funny Great Santini impression, but he ends up looking and sounding incoherent. There's even an innapropriate cheesecake moment with faux celebrity Paris Hilton --- that sticks in the mind simply because this is supposed to be a Dr. Seuss story. Avoid this movie at all costs, folks. It's not even an interesting train wreck. (I hope they'll make Horton Hears a Who with Robin Williams. Then we'll have the bad-Seuss movie-starring-spasitc- comedian trilogy.)",negative
"Why is it that a woman cannot be a strong character in a movie without sleeping with the leading man? The campaign manager in this movie dreams of leading Tom Sellick to the White House. It's all she can think about. So, why on earth must she have had an affair with him? It added nothing to the plot and served only to demean successful women. The only value of that tidbit was the cute ""we've all slept with your husband"" scene. <br /><br />Also, couldn't the people who made this movie have watched the national conventions they were spoofing? Airing between the two major political conventions only served to highlight their total ignorance of the nomination and selection process.",negative
"Historical movies always take liberties -- conversations are concocted where no one could actually know what was said, customs are adjusted to be comprehensible to modern audiences, etc. However, historical films about actual historical personages should make at least a minimal nod to history. This film does not. The only scene I actually remember is when our hero surprises an assassin who creeps into his chamber at night. He confronts the dangerous intruder with, ""I don't remember sending for room service"". The main entertainment value is in its badness; I recommended my local video story put it on the ""Turkeys"" shelf.",negative
"The Haunting is a film that boasts a really creepy house, good effects work and sound work, a cast that seems to believe that everything around them is real and that house. There are scenes that make you jump, and the sinister aspects of what went on at Hill House in the past, I found interesting. There are genuinely creepy moments in the film and I liked the way the ghosts manifested themselves in sheets, curtains and the house itself. Jerry Goldsmith's score gave it the right atmosphere and the sound design had voices popping up around you. What I wish could've happened is for something a little more intense. Jan De Bont had a PG-13 rating to contend with and I think that he held back a little too much. Poltergeist scared me silly when I saw it many years ago, and it still holds up. The Haunting could've used a few more scenes of pure terror. The ending was for me, a little anticlimactic. Overall, I enjoyed it. The acting is good and there are moments that make you jump. I just wish it scared me more.",positive
"Soldier isn't a great movie, and everyone that hated it has plenty of good reasons. But I liked Soldier alot, partly because my expectations were so low that what I saw surprised me.<br /><br />First, the art direction is tight and well executed. As far as science fiction backdrops go, Soldier was doing things with more design then 90% the genre. The sets, costumes and props were all consistent and competently executed; I didn't love all of their future military style, but I was impressed with the effort. For me, this made the movie worth the time it took to watch.<br /><br />Second, I'm a Kurt Russell fan. I grew up watching this guy in some of the most memorable movies of my youth ... The Barefoot Executive and his John Carpenter films. Soldier is essentially an action movie, and the role of Sergeant Todd is an essential action hero. It's not an award winning role, but Kurt musters up convincing emotion with VERY little dialog.<br /><br />Third, the fight scenes and battles are well choreographed. This isn't iron monkey, or even the matrix, but once again, it far exceeds the average level of quality in the genre.<br /><br />If you haven't seen it, and you like sci-fi action films, pick it up if you pass at your rental depot of choice. Just don't expect the next Bladerunner.",positive
"A hilarious and insightful perspective of the dating world is portrayed in this off beat comedy by first time writer/director Peter M. Cohen. The story unfolds as the four male protagonists meet weekly at the local diner to confer about their dating woes. We meet Brad: a good-looking, wall-street playboy with a quick-wit and sharp tongue; Zeek: a cynical, sensitive writer; Jonathan: a sexually perplexed nice guy with an affinity for hand creams and masturbation; and Eric: the married guy, who cherishes his weekly encounters with his single friends in hope for some enlightenment to his boring and banal married existence. The trials and tribulations of the men's single lives in New York are amusingly expressed, mirroring that of Sex in the City and HBO's new comedy The Mind of Married Man, and bring an astute light to scamming. The story takes a twist as the three singletons meet Mia--wittily played by Amanda Peet-and all fall for her. She seduces them each with her uncanny ability to conform to the personalities' they exhibit. When they come to realize they have all met and fallen in love with the same woman, they chose her over their friendship. Whipped is a realistic portrayal of the dating world, one that the critic's failed to recognize. In plain language, they missed the point. The protagonist's here are caricatures of real people. The exaggerations are hysterical, mixing satire and humility, and are not to be taken as seriously as the critic's disparagement suggests. See this movie, you'll laugh from start to finish.",positive
"Having not read the book, I was more open to the fresh interpretation that each director gives to their medium (which is film, not ""to the letter"" reproductions of literature)on this particular film. I was happy that the holocaust that occurred in Russia (and it's neighboring countries) finally received some attention. The Nazis were particularly cruel to Russians and Russian Jews. If you read the histories and see the monuments built in Smolensk and nearby regions you will understand this movie and why many kept silent when they should've spoken up.<br /><br />It was certainly time for this to be chronicled and I hope that more stories will come out of this. It's high time.",positive
"What a mess--and I'm not referring to the ""destruction"" in the title. I could go on about the hackneyed plot, the lousy effects, the (actually notable) cast grimacing as they deliver the worst lines of their careers, etc. I'll just say there weren't any palm trees in Chicago the last time I checked, and leave it at that.<br /><br />Hmmm...need ten lines to get this posted on IMDb.. OK, well, I think a DVD release with outtakes could be interesting. Maybe Dennehy will reveal what favor got called in for him to appear in this thing. Maybe Dianne Weist will show us the bag of money it must have taken to get her involved. Maybe CBS execs will apologize...",negative
"I love these ""Diaper Baby"" movies! You couldn't make a movie like this today and it is rich in cinematic history. It is goofy and the film was made to make you laugh, which it does. How they ever got these kids to ""act"" I'll never know. I think they are precious and the kids make me laugh but so do the others who made this movie as it shows the naiveté that existed in the early 30's. You have to remember that this is when the film industry was very young, the stock market had crashed, the world wide depression was beginning and these films were made to give a person a break from the real world. The fact that you could see movies for five cents is beyond my comprehension, but then dinner for 25 cents is too. It was a different time with a totally different mind set.",positive
"This third Darkman was definitely better than the second one, but still far worse than the original movie. What made this one better than D2 was the fact that The Bad Guy had been changed and Durant was not brought back again. Furthermore there was actually some hint of character development when it came to the bad guy's family and Darkman himself. This made my heart soften and I gave this flick as much as 4/10, i.e. **/*****.",negative
"It may have not been up for academy awards and admittedly, it's pretty cheesy, but it's just so much fun! Nothing makes me smile like Bill and Ted. Lovable, optimistic, and hilarious, Bill and Ted are a great way to unwind.<br /><br />Although I love Excellent Adventure, Bogus Journey is funnier to me. Death is flippin hilarious and Bill and Ted are even more endearing. People give me grief about loving this movie, but only really pretentious movie-watchers will say it's not even a bit entertaining. If you like this, you'll probably also be a fan of Wayne's World, Dude Where's My Car, and Dumb and Dumber. Admit it, though foolish, they make you grin and turn your tickle box over. So watch them just for kicks and giggles!!",positive
"I know that many people will/have automatically given this film a rating of 1, just because it doesn't have the huge budget and top-of-the-line special effects that they are used to. I, however, knew what I was getting myself into when I popped this into the VCR.<br /><br />I don't think we get much more low-budget that this, unless we are filming a family reunion. The lighting is awful, sound quality is at times incomprehensible, and the acting is ultra-bad by almost all involved. BUT, this is still a fun movie and the plot is interesting enough. It centers around a fellow named Tom Russo (Asbestos Felt), who has been down on his luck with his job. He is very protective of his wife and does not allow her to work, putting even more pressure on himself. As he begins working more hours, we see him slowly transcend into madness and obsession and he becomes suspicious that his wife cheating on him and begins to brutally murder the various men (most repair guys) that he feels are responsible. <br /><br />I must say that the gore effects are extremely cheap, but fit with the overall tone of the film.. The brutal ways that Tom Russo comes up with to murder these men gives us an idea of just has mad he has become. The pacing of the film is also very good and there is rarely a boring moment. The ending really doesn't follow the rest of the plot of the film, as it seems to want to go from a psycho-slasher film, to a ""Dawn of the Dead"" wannabe, but it is entertaining nonetheless and I must give Tim Ritter credit for wanting to use an unconventional ending. <br /><br />I can honestly say that I enjoyed this film, but it is by no means a good film, if that makes sense. It's budget is its main stumbling block and the consequences are almost too much to overlook. I DO NOT recommend this to people who are totally spoiled by the big-budget movies and who can't have an open-mind to ultra-low budget films. You simply won't enjoy it. For others, and fans of gore--I say give it a shot. You will find at least SOMETHING redeeming in it! <br /><br />My Grade: D",negative
"There are exactly 2 good things to be said about ""Fantasies"" (both mentioned by a previous reviewer as well): <br /><br />a) Bo Derek's extraordinary, poetry-inspiring beauty. She has shots in this movie where she gives even Catherine Zeta-Jones a run for her money, and that's a high compliment indeed. Her nudity is brief and discreet, but just looking at her face is enough.<br /><br />b) The Greek island setting, with its sun and crystal-clear blue waters.<br /><br />Other than that, there is no story, the dialogue is abysmal and at times unintentionally funny (""He touched you where you're a woman!""), and Peter Hooten's character is a slimy jerk. Bo overplays the naivete of her character, but then again when you have to work with dialogue this bad it's unfair to blame the actors (the fact that she kept saying the name ""Damir"" in almost every sentence is a major irritation). Oh, and although the film is set on a Greek island, there is hardly a Greek word to be heard - apparently everyone there, from kids to old people, speaks English the whole time. (*)",negative
"Nothing really unpredictable in this movie, but a solid flick in all respects. Everything from acting to cinematography was solid. Not a perfectly linear plot line, but there wasn't anything you couldn't see coming. Perhaps a tad melodramatic at points, but again, a fairly decent movie none the less. Definitely worth checking out. If in doubt of what film to rent over the weekend, give this a go. Though you may not feel like running out and buying it, I found it to be quite worth while.",positive
"This is like a school video project and a propaganda film that puts the whole class as well as the teacher to sleep.<br /><br />Utterly boring long silent(yes, silent) strings of unrelated video clips.<br /><br />Instead of this movie watch the paint dry or the grass grow- it will be more interesting unless you enjoy seeing Arabs being malicious to everyone around them.<br /><br />Sulieman (the Director) should be embarrassed of this lame waste of film.<br /><br />It deserves a one for the movie quality, a zero for the ridiculous propaganda message and a negative number for the script (or lack thereof.)",negative
"The only thing worse than surfers without any waves is a film about surfers without any waves. For viewers who love surfing this film will be a gigantic disappointment since the total number of minutes of surfing footage struggles to reach three.<br /><br />The story is a slice of life about beached surfers who are waiting not for the perfect wave, but for any wave at all. J.C. (Sean Pertwee) is an aging super surfer who is flirting with a commitment with his girlfriend Chloe (Catherine Zeta Jones). Just as he is about to find grown up bliss with the woman he loves, three old surfing friends turn up and convince him to hit the beach looking for monster waves at the Bone Yard. The trouble is, there are no waves until the very end of the film, so most of the story dissipates itself on a meandering succession of disconnected beach happenings.<br /><br />The acting is mostly mediocre. Sean Pertwee has a few comical moments, but mostly his acting was mundane. Ewan McGregor was decent as the drug dealing wild man, by far the most interesting and peculiar character of the bunch. Probably the funniest performance was turned in by Peter Gunn as Terry who turned his corpulent body into a continual sight gag. Catherine Zeta-Jones was sexy as usual, but her character didn't really have enough meat for her to show much acting ability.<br /><br />There is really not much here on which to comment. I rated it a 3/10. It's a real beach bummer.",negative
"I love Sarah Waters's Fingersmith, and was worried about the TV adaptation as I'd been disappointed by the BBC's version of Tipping the Velvet (which although beautiful to look at was let down by Keeley Hawes not being able to sing, and Rachael Stirling not being able to act). Fingersmith is a very tightly plotted novel with breath taking twists and turns and I wondered if this could be done justice to in just 3 hours.<br /><br />I needn't have worried. The adaptation was excellent, very little cut out, and went along at a cracking pace (although I did wonder whether if you hadn't read the book, would you miss things?). It had the look and feel of a BBC classic costume drama and i kept having to remind myself that this is a contemporary book.<br /><br />The acting was stellar. Sally Hawkins acting her heart out as Sue Trinder, and Elaine Cassidy, a slow burner, who by the end of the story was incandescent as Maud Lilley. The love, the passion, the realisation of the acts of betrayal both would have to perform, were written on their faces. It was a joy to watch.<br /><br />I hope Rachael Stirling was watching: that's how you play a Sarah Waters character!",positive
"I really wanted to like The Pillow Book. Intriguing story, interesting character outlines, Ewan Macgregor in the utterly glorious altogether. Unfortunately, I hated every minute of it. Greenaway got so enamoured with presenting the movie uniquely, and not to the film's benefit. I won't even get into Vivian Wu's abysmal acting.<br /><br />You get distracted from the story with 4 billion teeny windows and calligraphy that rolls on the bottom of the screen displaying the lyrics of the music that's playing. It seems he lost sight of presenting the actual story and developing the plot, and got entangled with foo-foo embellishments that have nothing to do with anything. It's a bit like presenting a John Singer Sargeant portrait in a chintzy Hallmark frame that says ""GRANDMA LOVES ME!"" in big sparkly letters.<br /><br />This movie seems to be a casualty of the director auteur's ego instead of what it could have been - disturbingly and horrifyingly beautiful. In another director's hands (Jeunet? Coppola?), it could have been a masterpiece. In Greenaway's hands, it's best relegated to fine arts classes that also take themselves too seriously.",negative
I've heard a lot of different opinions about this film and then to find out that Paris Hilton was in it as well didn't give Me the best impression of the film .... then to be dragged to the cinema by a group of my friends and sit there expecting a pile of pants i was shocked to find that i was scared stiff all the way through the film ... it was predictable yes but the build up of the deaths and the whole atmosphere of the film made it REALLY scary for me ... i was watching through my fingers the whole way through. So i say go watch it and decide for yourself and if the fact that its a scary film doesn't convince you to go watch it then it also has Chad Michael Murray in it which can't be bad to watch for a couple of hours eh?,positive
"This is a great example of a good, dumb movie. No, it is not high art by any means. Nor is the script anywhere close to a Woody Allen or Mel Brooks. BUT SO WHAT! The Killer Tomatoes series (four movies and a cartoon series) are basically good-natured romps gleefully trampling on the kind of territory the Zuckers ruled before they switched to making serious flicks.<br /><br />As the title suggests, this fourth installment of the Killer Tomatoes trilogy deals with the Killer Tomatoes plot against France. In this case, Professor Gangrene (John Astin's 3rd time in the role) has a plan to rule France through an ancient prophecy about the return of the rightful King of France. Steve Lundquist returns as Igor, a humanoid tomato who wants to be a sportscaster and who just happens to be a dead ringer for the long-lost true King of France. Obviously he also plays the aforementioned l-l t K of F, happily skewering the French language.<br /><br />Opposing them is the fearless Fuzzy Tomato (like the others, FT was introduced in the second film and would be a main character in the cartoon) and his human allies. Mark Price, recently unemployed as a result of the conclusion of the FAMILY TIES series, plays a thinly disguised version of himself, passing himself as ""Michael J Fox"" as a way to win the girl of his dreams. And Angela Visser is a dream as Marie, gleefully bouncing between unabashed virginal sexuality and borderline psychosis. Oh that the former Miss Netherlands had had more of a film career! Another returning member of the Killer Tomatoes stock company is Rick Rockwell (now best known as the hapless title subject of ""Who Wants to Marry a Millionaire?""). Like co-creator John De Bello, Rockwell works both in front of and behind the camera in this series.<br /><br />What can you say about Jon De Bello? Not much, really, except that he had a singular vision and managed to pull it off and, having done that, has apparently dropped into obscurity. John, if you ever see this, thanks for giving us the Killer Tomatoes.<br /><br />The script is heavily but not obnoxiously aware that this is just a movie. Like RETURN OF THE KILLER TOMATOES, the action occasionally veers off the set and into the middle of the film crew. And Mark Price has a funny forum to complain about his own lack of success compared to his former costar Michael J Fox. This is the biggest budgeted of all the Killer Tomatoes flicks and is a nice send-off to the series. Okay, the show then moved to Fox Kids as a cartoon series (which was also quite clever), but cartoons just aren't the same.",positive
"As winter approaches, our state-owned broadcaster, the ABC, has decided for some reason to have a partial Jane Austen Festival on Sunday nights. This commenced with a twelve-year old movie length version of ""Emma"" last Sunday; more recent versions of three other novels, ""Persuasion"", ""Northanger Abbey"" and ""Mansfield Park"" are to come.<br /><br />The curious thing about this production by A&E Television Networks, with script by the ever-reliable Andrew Davies, is that it appeared almost simultaneously with two much bigger budget movie versions, one starring Gwyneth Paltrow, and ""Clueless"", a ""modernized"" version, starring Alicia Silverstone, which transported the plot to Beverly Hills. Perhaps as a result, even with Kate Beckinsale in the lead, this production sank without trace.<br /><br />As a general rule, much is lost when novels are shrunk to fit feature movie length. The adaptations one tends to both enjoy and remember are those which have adequate room to develop both story and characters. An outstanding example is ""Brideshead Revisited"" which had 13 50-minute episodes back in 1982. You only have to compare the very ordinary movie-length version of ""Pride and Prejudice"" in 2005 with the brilliant 1995 six-part TV mini-series. It's not that a novel should be filmed page by page, and some novels (often not very good ones) adapt wonderfully to film (""Atonement"" is a recent example), but novels of the Jane Austen sort need some time and space to exert their full charm.<br /><br />Given the shortcomings of this type of adaptation, this production is OK. Kate Beckinsale gives Emma the right mix of self-assuredness and vulnerability and Mark Strong is a forthright Mr Knightly (he reminded me that Jane tended to recycle characters  Knightly is a more articulate version of the moody Mr Darcy of P&P). Samantha Morton was a rather limp Harriet but Prunella Scales got the blabbermouth Miss Bates perfectly  Sybil Fawlty on speed. Bernard Hepton as Emma's feeble father was also excellent. We saw the damp countryside, the mud and the poverty as well as the posh interiors, in case anyone thought this was a particularly idyllic age for everybody.<br /><br />Even though this was a condensed adaptation it was oddly slow in places  some of the conversations were rather stilted, even allowing for the formalities of the times. I'd have to look at the film again to be sure, but it might be due to the under-use of reaction shots.<br /><br />If you do like filmed period stuff this is a perfectly nice example, and compares well with the Paltrow version. Anyway, there is more to come!",positive
"This movie is a true reflection of the Australian resourcefulness that has been required to make this country what it is over the last 200 years. Not pompous like the British, not Gung-Ho like the Americans. If either of those countries had attempted what this crew did, it would have failed dismally. Either due to ignorance on the British part, or too much faith in superior firepower on the American side. ""True"" Australians (i.e. non-imports) are the only ones who can excel in modern military conflicts because they have had to improvise most of their adult lives. Just look at examples like Gallipoli; Paschendale; Tobruk; New Guinea and Vietnam.",positive
"*** Spoiler in fifth paragraph *** This was an amazingly frank (uh-huh, uh-huh) picture for 1955. Otto Preminger and Carlyle Productions took a chance by making it, the Motion Picture Association of America balked at certifying a film that openly shows a junky jabbing a syringe full of heroin into his arm. Frank Sinatra took a chance both on playing an addicted musician and at falling flat on his face in a role that required at least twice as much acting as he'd ever done. All in all these gambles paid off, the movie is a classic, though it's not perfect.<br /><br />Nelson Algren's novel may be great, but it has far too much going on to fit comfortably into a two hour movie 'The Man with the Golden Arm' is 119 minutes and often feels much longer. However, in my opinion it's not just Frankie Machine (Sinatra) that makes the film but the other characters and their sub-plots, all involving Frankie. Ultimately it's not just Frankie who has the addiction, everyone and everything seems to be dependent on him and he feels it keenly. When the pressure gets to be too much the drums start pounding on the soundtrack and Frankie steps across the street with his well-dressed ""friend"" Louie.<br /><br />It's an exaggeration to say that Frank Sinatra's music career was ever really in the doldrums, but in the early 50's he was in limbo between his days touring with big bands and the Las Vegas era. 'From Here to Eternity' established him as a serious actor and his career as a singer rebounded as well, but 'The Man with the Golden Arm' was still a significant challenge, the whole show sinks or swims with his performance. He pulls it off with such skill that for several minutes at a time I forgot I was watching Frank Sinatra, he must have known junky musicians and exploited that knowledge to the utmost.<br /><br />Set side by side with Billy Wilder's masterpiece 'The Lost Weekend' there is more emphasis on the sociological causes of addiction in 'The Man with the Golden Arm.' Whereas Don Birnem (Ray Milland in 'The Lost Weekend') seems to struggle mostly against himself, Frankie Machine is beset by external forces and he takes refuge in the needle. Neither approach is wholly right or wrong, mostly because addiction is impossible to fully explain, but it seems like this film might have benefited from a little more insight into Frankie's internal struggle.<br /><br />*** Spoiler *** One of the problems I have with this film is the clichéd reliance on ""quitting cold turkey."" I realize that 'The Man with the Golden Arm' was probably setting the trend rather than following it but that doesn't make it any better. In the beginning of the movie Frankie has to all appearances kicked his habit with the help of a doctor and a treatment facility of some sort. Naturally the drama of the film requires that he backslide, but I found the All-American ideal that a man has to face his problems alone (or maybe with the help of a good woman) out of place here. Going cold turkey and riding off into the sunset with Kim Novak seemed too unrealistic. The end of 'The Lost Weekend' was similar but in my opinion was a little less rosy.",positive
"When you go at an open air cinema under the Greek summer night you usually don't care what the movie is! Edison started really good with some good effort from the singers-who-want-to-be actors and a once again great Morgan Freeman but... (In a movie there is usually a good start to catch audience,done, a bit boring yet story filling middle of the movie that is more about characters and less about action ,done, and the third part is something really good so that you can remember the movie...) when you see 30 elite police officers (packed with weapons that can demolish a building) shoot at a guy behind a car, fail to hit him even once while he kills all (but 3) and then the guy takes out a flame thrower (to kill the rest 3) ,you realise that the Greek summer sky filled with stars is way too good to be distracted by a movie like this!",negative
"Highly flawed but just about watchable `comedy' that runs like a Farrelly brothers reject. The most criminal thing about it though is the casting. I couldn't for one minute believe Jerry O Connell and Jake Busey in the role of superstuds, who could pull any woman at the drop of a hat, nor could I believe (the very beautiful) Shannon Elizabeth as a streetwise tough cop!. Story is predictable but does manage to raise a titter on a few occasions, although, the `gross out', meant to be `shock comic' scenes, (one involving an amputated testicle, and another set in a sperm bank) are just plain awful. If this film is on TV then its probably worth watching if you are extremely bored, but please don't waste your money renting it!!",negative
The old man mouse in this cartoon would have you believe that all men are created equally EVIL............so if we have to kill men in order to stop Hitler..........we are just as bad as Hitler was killing the Jews........ Well.....I don't buy it Mr. Mouse............but I guess it paints a pretty picture and makes a cute cartoon.......but it wasn't the reality then and it ain't reality now.,negative
"It's astonishing that some people saw this as art. We saw it as a poorly filmed (shaky hand-held camera and all), (generally) badly acted, unscripted mess that seemed more like a high school film project with the kids experimenting in black & white film making. Injecting mounds of poetry in place of a story does not an art film make. When we watched this in the theatre, people were starting to have fits of the giggles (us included) at the endless stupidity of this self-indulgent, meandering mess. And believe me, it does seem endless. Had we finished our candy and popcorn, we too would have walked out of the theatre with the other two dozen people who packed up and left looking for something more interesting to do!",negative
"If this movie was written directed and produced with the intention of creating a bad movie cult classic, it might (i say might) have been a hit. Have you ever sat and watched a movie that was so absolutely awful that it becomes fascinating in terms of its faults? Well this is it. Every one of the acting cast should be nominated for worst acting performance awards. It would be hard to find another film, with this kind of production budget, that contains so little of any value whatsoever. The whole thing, from the opening scenes defies logic. Dialogue is completely unbelievable and illogical. Ditto for the behaviour and general storyline of the film itself. What is really mind boggling, is that some buffoons in a boardroom actually made decisions to spend money on this piece of trash. Wow.",negative
"Well, I was hoping I'd heard wrong about this film as I'm a big fan of Ruggero Deodato and really didn't want to see him slip up; but unfortunately, this Giallo-styled supernatural load of nonsense is just as bad as I'd been lead to believe it would be - and that's pretty terrible! The plot doesn't work at all, as the film attempts to blend murders and a supernatural theme through a telephone and it all feels very forced and silly. Furthermore, the plot doesn't make much sense at all, and you have to ask yourself ""what's the point"" numerous times throughout the movie. The plot focuses on a young woman living in an apartment block and being terrorised by a telephone. The best thing about the movie is undoubtedly the presence of the beautiful English actress Charlotte Lewis, and unfortunately the good points pretty much stop there. There are a handful of deaths scenes, some of which are gory; but all of which are incredibly stupid, the one that sees someone get killed by coins sticks out especially in that respect. Overall, I really can't recommend this to anyone; non-Deodato fans are unlikely to impressed, and Deodato fans are likely to find the film depressing. Avoid!",negative
"At first,this movie seems so bad that i almost fell in a trance the first time i saw it.It was like a bad dream.A cosmic bore.But i gave it a second chance,then another and another,etc...I finally got addicted to this film,due to it's dreamlike slow pace,wonderful natural sets,bathed in a mellow autumn light and especially the musical score,which is made of some 70's progressive rock and absolute exquisite folk songs by actor/singer/songwriter Derek Lamb(the Troubadour).You should notice the song about hazel wood,silver trout and lady vanishing in the air...,heard in the middle and near the end of the film.There are some carnal scenes in the beginning ,wich allow us to appreciate the natural charms of Elizabeth Suzuki.If that movie had been made by some ""repertoire"" directors like Bergman,Lars Von Triers or Jean-Luc Goddard,critics would have rolled on the floor,raving about that movie as if it were a cosmic masterpiece.I personally think this film is one million times superior to any of Fellini's cinematic sh#¤@t!Definitely not for the pretentious.",positive
This is a good example a film that in spite of the low rating is more than worth watching. The story is engaging and it doesn't take long before the chemistry between Nicole Kidman and Ben Chaplin grabs your attention. The acting is first class and the characters are represented well. Sometimes it feels like the director couldn't decide himself between drama and romantic comedy. Ben Chiller's portrayal of the law abiding and shy Englishman with porn S.M. magazines hidden in the bedroom creates plenty of moments for laughs! As does the look in Nicole Kidman's eyes when she is offering John his first taste of intimacy in a long time... Other times the actors and especially Nicole Kidman give this comedy quite expertly a dramatic slant.,positive
"This is not an entirely bad movie. The plot (new house built next door seems to be haunted) is not bad, the mood is creepy enough, and the acting is okay. The big problem I had is that, being familiar with Lara Flynn Boyle (from Twin Peaks and other shows), I couldn't get over how different she looks with her apparently new, big lips. I kept staring at them. They look so out of place on her face! They make her look completely different (and not better).<br /><br />Mark-Paul Gosselaar, the actor who plays Kim the architect who designs and pours his heart and soul into the house, does a fine job. And Lara (as Col) is also quite good (but those lips!) as the owner of the house next door. Her husband, Walker (Colin Ferguson) is appropriately wooden. The various characters who live in the house were also fine. I particularly liked Pie (Charlotte Sullivan) and her husband, Buddy (Stephen Amell), the first people to move into the house. The attempt to involve us in the overall neighborhood vibe fails, unfortunately, as the other neighbors are not particularly likable.<br /><br />For some reason the director was unable to make the ""haunted"" house particularly ominous. Other movies (such as Amityville Horror, The Legend of Hell House) manage to achieve that spooky feel, but it just doesn't happen here. The closest is when Col paints a depiction of the house.<br /><br />Another thing that didn't work for me is the plot twist that occurs with Kim, the architect. Initially, he appears to be a victim of the house like the others (it has sucked him dry of inspiration), but later he seems to have joined forces with it in evil.<br /><br />Overall, not a bad movie for horror fans if you can take your eyes off those big lips!",negative
"I recently stumbled across a TV showing of ""Passion...."" (having missed the opening scenes). Ms Currier in to be praised for having the vision and courage to bring such a strange de Balzac tale to the screen. I am grateful to the entire cast and crew for their parts in producing such a thoroughly fine motion picture. It must have been arduous shooting so many scenes in the desert. And I cannot comprehend how her trainer coaxed such a fine ""performance"" from the leopard, Simoon. (This adverture calls to mind another suspenseful adventure, ""Naked Prey""). Why isn't this film more well-known?. Hope I can find it on video.",positive
"I cannot get past the message of this movie. It's laid out much too clearly to ignore, and it is obscene because it has lost its sense of what it's about. I haven't read the novel, but Pollack's film opens with a scene at a CIA-front organization in New York, which is broken into by two professional assassins, headed by Max von Sydow, who proceed to brutally slaughter the half dozen quirky staff members we've come to know and understand. The staff include an elderly female receptionist, a fussy elderly professorial guy who's toupee falls off when he is machine-gunned (is that a joke?), and, last, the beautiful Tina Chen who looks up from the copier, realizes she is about to be murdered, and says, pitifully brave, ""I won't scream."" Von Sydow replies sympathetically, ""I know."" These murders are completely unexpected, savage, unmotivated by anything that we are aware of, and graphic. It is a brutal scene. <br /><br />There is absolutely no way in which von Sydow and his henchman can be redeemed. And yet that is exactly what Pollack tries to do towards the end.<br /><br />After having killed these innocent good guys, von Sydow switches sides (because the other side is willing to pay him) and assassinates the evil mastermind behind a complicated intramural CIA plot. The script then turns him into a perfectly reasonable, sensitive human being. ""It is better to live in Europe. Things are not so rushed."" Or whatever. I swear I'm not making this up. Pollack wants us to believe that it is better to be an honest mass murderer than a crooked bureaucrat. That's the message. You should write it down in case you forget. Just exactly what kind of psychiatric shambles do you have to be in order to turn ordinary values, not to mention common sense, upside-down like that? I understand that there are thoughtful adults who dislike the government of the United States, even hate it, and who see conspiracies just about everywhere, providing a knee-jerk explanation for otherwise unexplainable events. I know that people who think this way exist because I number some of them among my closer friends. Nevertheless, at some point this dislike, this hatred, if it increases in intensity, must pass beyond politics or ethics and into the realm of the psychiatric. I don't for a moment believe that a man who murders people for money is better than a sinister government official. I don't care how suave and cultured the murderer is or whether he knows how to reach the Louvre on the Metro. Whoever is purveying that message needs either medication or meditation.<br /><br />I'd like to be able to argue that the production is as thoroughly rotten as its message, but I can't. It's quite well done. (In some ways that's worse, because it makes the film less dismissable.) Even New York City looks photogenic on the screen. And it's been a long time since I've thought of New York as photogenic. Robert Redford does an admirable job of projecting his character's initial shock and confusion, but then turns into a telecommunicational semi-genius. And, man, he looks just fine! His wardrobe is just right. Even his rimless glasses are becoming. And his peacoat. It's not everyone who can make a navy pea jacket look glamorous. He seems extremely handsome too, the swine. I want to look like that. I want to wear a denim shirt and a tie with such panache. Faye Dunaway is alright in her role but it's not too believable a role. Would anybody eagerly sleep with a guy who has just kidnapped her and is holding her at gunpoint? Even if he did look like Redford? Would anyone be emotionally wounded if, when this ambivalent relationship is about to end, Redford asked her not to tell anybody about what happened? Cliff Robertson is surprisingly good. He does one or two extremely good double-takes. The mailman is superb. The fight between him and Redford in a crowded apartment is exquisitely choreographed and, for once, we really don't know for sure how it will turn out, because Redford (a book reader after all) seems mismatched against the brute cunning of this hired assassin. This is one of John Housemann's final roles. A shame. He's a magnet on screen. And what an end to his life: a friend finds him lost, wandering the streets of New York, in a neighborhood he'd been familiar with for most of his life. <br /><br />Yes, the movie is very well executed, but I can't ignore that vicious, paranoid message. I have the same problem with Leni Riefenstahl's ""Triumph of the Will."" Or her Olympic documentary in which the announcer is watching a foot race in which Jesse Owens is pulling into the lead and says ominously, ""This Negro is dangerous.""",negative
"One more of those brilliant young men who went all out and dared to make a teen romance film( can i actually call it that?- it would invoke the devil out of its fans)on a micro budget but packed with such taste, sensitiveness and maturity. Peter Sollett- you deserve more admiration and respect.Thanks once again for demonstrating to the powers that be in the ""industry"" that stereotypes can be flushed down the toilet. One location,a handful of rich characters, low budget,good acting(and that too amateurs),decent lighting - worshippers of true indie cinema should watch more of this and STOP watching...well...you know what.",positive
"It is hard to imagine anyone making a Tom Cruise film look good; hard indeed, but this one makes him look good. Very good. Actually, it makes him look like Sir John Gielgud celebrating Very Good Acting Day with a bravura performance.<br /><br />The acting from the entire ensemble struggled to rise above the risible and failed. The fault was, in part let us be fair, that the plot bore as much resemblance to the HG Wells original as did the butchered carcasses of the human victims in the film to their living predecessors: both were bloodied and violated remnants of more attractive predecessor. But to describe a plot such as this to be a bit holy is to say of the Colander ""My, this kitchen utensil has a remarkable lot of holes"", unless, that is, holes are your bag; in which case this film will commend itself to you.<br /><br />The fault in the other part was that these were demotivated, jobbing, DVD actors who knew full well, one assumes, that this was their exhibition that would wind up on the $5 DVD shelf. And overpriced at that.<br /><br />So should you watch it? Why yes, of course, you should. You are a miserable sinner and deserve punishment.",negative
"Well...now that I know where Rob Zombie stole the title for his ""House of 1,000 Corpses"" crapfest, I can now rest in peace. Nothing about the somnambulant performances or trite script would raise the dead in ""The House of Seven Corpses,"" but a groovie ghoulie comes up from his plot (ha!) anyway, to kill the bloody amateurs making a low-rent horror flick in his former abode! In Hell House (sorry, I don't remember the actual name of the residence), a bunch of mysterious, unexplained deaths took place long ago; some, like arthritic Lurch stand-in John Carradine (whose small role provides the film's only worthwhile moments), attribute it to the supernatural; bellowing film director John Ireland dismisses it as superstitious hokum. The result comes across like ""Satan's School for Girls"" (catchy title; made-for-TV production values; intriguing plot) crossed with ""Children Shouldn't Play With Dead Things"" (low-rent movie about low-rent movie makers who wake the dead); trouble is, it's nowhere near as entertaining or fun. ""The House of Seven Corpses"" is dead at frame one, and spends the rest of its 89 minutes going through rigor mortis, dragging us along for every aching second...",negative
"I saw this film on True Movies (which automatically made me sceptical) but actually - it was good. Why? Not because of the amazing plot twists or breathtaking dialogue (of which there is little) but because actually, despite what people say I thought the film was accurate in it's depiction of teenagers dealing with pregnancy.<br /><br />It's NOT Dawson's Creek, they're not graceful, cool witty characters who breeze through sexuality with effortless knowledge. They're kids and they act like kids would. <br /><br />They're blunt, awkward and annoyingly confused about everything. Yes, this could be by accident and they could just be bad actors but I don't think so. Dermot Mulroney gives (when not trying to be cool) a very believable performance and I loved him for it. Patricia Arquette IS whiny and annoying, but she was pregnant and a teenagers? The combination of the two isn't exactly lavender on your pillow. The plot was VERY predictable and but so what? I believed them, his stress and inability to cope - her brave, yet slightly misguided attempts to bring them closer together. I think the characters, acted by anyone else, WOULD indeed have been annoying and unbelievable but they weren't. It reflects the surreality of the situation they're in, that he's sitting in class and she walks on campus with the baby. I felt angry at her for that, I felt angry at him for being such a child and for blaming her. I felt it all.<br /><br />In the end, I loved it and would recommend it.<br /><br />Watch out for the scene where Dermot Mulroney runs from the disastrous counselling session - career performance.",positive
"I and my brother are very big Asian movie fans, so when finding this movie hidden in a shop, I bought this one on DVD, because it sounded very promising and I couldn't wait to watch it. So I watched this movie with my brother and I must say, in the beginning it was very promising. Both of us really loved this brutal ball scene in the first scene. But i guess that was all. There are some interesting fights, but it is not a action movie, as it claims to be. Instead it's a love movie... with the cliché of love so extremely played over the top, even Shakespeare would vomit on this title. Sorry for my language. By the way: The characters act like being picked up from the street and given 100 for playing in this movie.<br /><br />Well, I and my brother watched it to the end, because we thought, it can only become better. But, heck, it never did. This movie challenged place #1 on my and my brothers ""worst movies ever seen""-list, only followed by ""Fantasy mission force"" - do not watch this either.",negative
"First and foremost this movie has the stupidest plot of any movie I have ever seen, and unfortunately I had to see this one. I was flipping through channels one day and stumbled upon this lousy excuse for a movie, and it confirmed what I have been saying for a long time. Carrot Top is not an actor, and IS NOT funny in the slightest sense. He acts like he's a great comedian and thinks he commands the audiences attention. Frankly he has the acting ability of a 10 year old class clown, scratch that less than a 10 year old's ability to compare them to Carrot Top would be a grave insult upon their good name. This movie tries to be funny using dull one liners which all seem to have been lifted from 50's cartoons. By the end I would have done anything to erase my memory of this movie, but sadly the memories stay with me. The only thing I can do is to warn others to never to watch this movie. However it proves the rumors true Carrot Top can't act worth a damn.",negative
"In the opinion of several of my friends and family members, including myself, this is the finest of the entire gamut of Tarzan movies. Johnny Weissmuller never played the part as well in the following issues in the series. It definitely rates a ""10"" in my collection of films.",positive
"The numbers don't lie, 109 people have voted for this film. That says a great deal about the standing of one of the most intuitively insightful comedians of the late 20th century. And for those of you who know the work of Bill Hicks, if he were alive today, imagine what he would have to say about the boy president from his home state? That his short career remains unrecognized is a sad situation and this film, or rather these two films explain why. First, you see how his talent was obvious from the start, again and again, those who knew Bill Hicks always say he was not only funny, he was also unique. The film also shows how the quality of his material was too challenging for many in the entertainment industry. His drinking also contributed to his career problems, but that is less evident in this film. And then the second film is a complete performance. If you have never seen or heard Bill Hicks, this is a wonderful introduction to the person and his dark but intelligent humor. Especially due to the fact that the topics are now almost 14 years old, yet remain ironically up to date is underlined by the fact that many of the events took place under the first President Bush.<br /><br />Watching them together - first the biography and then the performance - makes you aware of how greatly talented this young man was, how quickly his life passed and how the American media can sometimes act as the great big homogenizer. Let's make sure nothing is too provocative, nothing will be too interesting And the result? Well, as the man himself said, go to sleep America, your government is in control........... In his lifetime, at least in Great Britian this artist was recognized for his talent and was successful there. 11 years after his death, 109 people at IMDb can say something about the film. After you've seen them both, I hope you understand why more people should be listening to Bill Hicks.",positive
"I always enjoy seeing movies that make you think, and don't just drip-feed the answers to their audience. ""Revolver"" is one of these films, and although many reviewers have stated that it is difficult to follow, with a bit of concentration and an open mind I got it. First time. True, it doesn't compare to other mind-mucks like ""The Usual Suspects"" or ""Memento"", but in its own right its an intelligent and thought-provoking film. <br /><br />Another thing I really liked about this film is how damn beautiful it is. Every scene, every camera angle seems to have been thought about for ages. If you see it you'll know what I mean.<br /><br />So, to conclude... watch it with an open mind and you may enjoy it. If not, well, no-one ever said ""Revolver"" is for everyone. And that's my 2 cents.",positive
"I voted this a 10 out of 10 simply because it is the best animated story I have been able to see in quite some time. The animation is stunning. The artwork behind each and every landscape was beautiful. From the colors to the lighting to the not standard fare of artistry. I was amazed. Moving beyond the beauty on the screen, you are immersed in a storyline that is at once timeless and at the same turn fresh. Character development is brief yet these touchstone moments are exactly what is needed to clue the viewer in to what and why and how the character has come to where they stand. I'm impressed with the entire affair and think this is a must see for the entire family.",positive
"I am a chess player and I wanted to like this film. Trouble is, the content could have been fitted in a 30-minute documentary.<br /><br />There were lots of shots of corridors being walked down and Kasparov gazing out in the hall where he won the World Championship. There were other shots of Kasparov being walked round the site of the 1997 match and being told where he sat and where Deep Blue was located. This just looked like filler.<br /><br />Also, I didn't find it interesting to see in detail where Deep Blue was now and seeing an IBM techie trying, unsuccessfully to 'open' it. What would we have seen of interest inside anyway - a little grandmaster?<br /><br />Also, the recent match against Karpov. I no longer follow professional chess enough to know when and where this was. It would have been nice to have been told: was this a one-off 'just for the money'? Was it part of the world championship cycle? What was the final score? The nub of the film was the play in game two. Could/would IBM let Kasparov see 'inside' the machine? That's where the focus should have been.",negative
"This movie is a waste of time and money. Throughout the entire hour and a half, I continued to wait for it to get better and it never did. It was slow moving, the plot jumped around, it wasn't scary or interesting, and really never amounted to anything. The credits during the introduction were long and drawn out, which was basically like the rest of the movie (long and drawn out). Numerous parts of the plot made no sense. Several times during the movie I had thought that maybe I had ""zoned out"" because the incongruity of the plot, however, my companion had the same issue and assured me I did not ""zone out"" from boredom, but it was indeed the movie. I've actually never posted on here about a movie before and have been actively looking up movies on IMDb for numerous years. So the fact that I'm actually taking the time to write something should speak volumes of how bad this movie is and that you should not waste your time or money on it.",negative
"I really enjoyed this movie and it was a little difficult do that when your brother is making stupid comments in it ever 30 seconds. But this movie I enjoyed, mostly because I'm used to the usual HK action films. Most of the films like this are don't watch it for the story line, watch it for the mindless action. And mindless action is right. You get to see Jet Li Jump, spin, kick, punch, shoot, make impossible jumps and dodge countless bullets. It's true that this movie was released to a broader audience after Li was in Lethal Weapon 4. That is one of the reasons the ratings on this movie dropped. Most people were probably expecting to see a movie that was as polished as a North American film. But you need to remember most HK film budgets aren't nearly as high as a North American film, and the style in a HK action film is usually very different usually requiring in wire work in a lot of them. If you want to see a good action film you should see this just try to ignore the dubbing.<br /><br />My rating was an 8.",positive
"Dolph Lundgren stars as a former cop/boxer who searches Boston's kinky scene to find out who killed his brother,who was well thought of in the community, however along the way he learns how his brother enjoyed kinky sex and that a serial killer is to blame. Dolph Lundgren is very good in this movie, in fact on the basis of his performance here, one would forget Lundgren's rise to fame involved action roles. That said the material gives Lundgren nothing to work with, in fact, Lundgren is completely left out to dry in a dreary thriller which is both predictable and incomprehensible. Co-Star Danielle Brett is also good, in fact the film works best when it centers around the chemistry of Lundgren and Brett, indeed had the film taken the time to explore their relationship the film would've been fairly decent. However the movie is lackluster, the action is non-existent, the plot not given enough exploration (Too much boring B.S around Lundgren's investigation of his brother's employer) and the film is needlessly gory and ridiculous. Once again, Lundgren is actually really good (As is newcomer Danielle Brett) but the film just lumbers from one sequence to the next, which makes this movie particularly disappointing. If anything else though, it shows how underrated Lundgren is, as an actor.<br /><br />*1/2 Out Of 4-(Poor)",negative
"A surprisingly complex and well crafted study of ""The First"" serial killer in the USSR. Set in the days of perestroika this intense piece is brought to full life with the performances of Stephen Reah and Donald Sutherland.<br /><br />This examination of Cicatillo as a killer is well rounded and by hinting at some of his behaviors while out right showing others there is a subtlety that is compelling without being overtly graphic. Not for the weak of heart however as it's subject matter is often disturbing but necessary to it's full development of the main participants in this fact based story.<br /><br />HBO has furnished us with an excellent film in an unusual manner. Congrats to the director and editor of this great piece. It is in my Top 10 Must see list.",positive
"Great movie. I was laughing all time through. Why? Well, I am from Austria, I can get along with the German (Bavarian) kind of humor. So I guess this movie makes only sense watching when you are German native speaker. Stefan and Erkan both are talking in a new kind of turkish-german accent, which became really popular in our Countries (GER & AUT). But of course they are very stupid. As in every comedy your personal humor will decide, whether thumb up or down.",positive
"Based on one of the books by Gabriel Marquez and it might be brilliant literature, this cinema-adaption really sucks as it's more like fighting against sleep rather than enjoying some cinematographic delices. The story is about an old couple whose son died and living a life that is heavily dominated by poverty, and wherein the main character is a cock that hopefully one day brings some money for a forthcoming cockfight. I am in no mood to spill more words on this useless pretentious piece, just perhaps that you can see Salma Hayek in here, but sitting 90 minutes in front of your screen for just that? No gracias.....",negative
"Why oh why don't blockbuster movies simply stick to their selling point? Everyone in the cinema, young and old, was there to see talking animals make jokes, and whilst they did that we were all happy... And then, as with Lost In Space, came the two killer blows - plot and sentiment. Who really cared what happened to the tiger or whether Eddie Murphy made up with his daughter? Not me, that's for sure.",negative
"Two Hands is a highly enjoyable Aussie crime caper, which ultimately succeeds by the way the film easily combines tense dramatic moments, with very funny characters and situations, to give the film the right balance and feel. The comedy of the film occurs naturally, and the laughs haven't been set up too elaborately & haven't been too worked at. It really is very funny, thanks to the fact that each character in the movie is excellently cast, and that each actor/actress recognises and can relate to the Aussie humor. They portray it very well and very realistically. Of course, they're helped out immensely by a fantastic script by writer/director Gregor Jordan. I was reading another review of this film by an American who had seen it, and he heavily criticised it, basically passing it off as a Pulp Fiction clone. I think that that's just rubbish. This film isn't trying to be Pulp Fiction, the feel and style of each of this excellent films are totally opposite. Without wanting to sound superior or arrogant, I think to fully understand this film; the humor, the sincerity, the characters, etc....you have to be Australian, or at least understand the culture, which the other guy obviously didn't have the faintest clue about. Some Americans, whose reviews of certain non-American films, seem ignorant to (and have trouble comprehending) anything that isn't an American product. It's a real shame, because this is a really great film. The love story featured between the main character and the girl is also portrayed in a very real, sincere and sweet way. I'm very proud to have this film in my collection. 4.5 out of 5.",positive
"Someone should teach the people who made this movie that there is a difference between ""presenting multiple twists"" and ""screwing the audience over"". They even use hypnosis as a tool to cover up the plot holes; whenever they can't find their way into or out of a scene, they just say ""she is regressing to her past now"" or ""she's snapping out of it now"", and they think that explains everything. This movie is a dishonest cheat and in the last 20 minutes becomes a full-blown fiasco. (*1/2)",negative
"We don't know why this extraordinary film was never made available officially on DVD... Anthony Quinn's performance alone makes this a must-see. There are relatively few films in which an actor identifies so profoundly with his character, a phenomenon always unique for us, moviegoers.<br /><br />But Quinn's powerful portrayal of an innocent Romanian, literally dragged out of his house and everyday life by forces he cannot comprehend, is only part of what makes this film great. The script is based on a book published in Paris by a Romanian priest who fled the Communist take-over of his country, and the film succeeds to go deep into a little known area of East-European history. Told as a succession of Kafka-esquire twists of fate, the misadventures of Johann Moritz (told openly and honestly, without any of the political correctness currently so precious in Hollywood) are in fact a eulogy for the lost innocence of the Romanian people... it is devilishly ironic that this eulogy is signed by a French director, working with the American money of an Italian producer, and overseeing a multinational cast fronted by an extraordinary Mexican-born thespian.<br /><br />I've seen mentions of VCDs of this film in various Asian internet stores, and I was fortunate to take possession of a digital recording of this film, broadcast on the British version of TCM. But it's a shame that ""The 25th Hour"" isn't anywhere on the future DVD release map of MGM studios.",positive
"This movie is about a very delicate argument and if you are searching for something that makes you think here you are right. Tim Robbins has made a wonderful job and the result is a kind of docu-drama that should be shown in schools (for the strong themes treated). What about the actors? Well, they are simply great; Susan Sarandon is truly 'the face of love' and Sean Penn is unbelievable as almost always. An absolutely must-see!",positive
"This is an exquisite film about the search for some bliss in everyday life. The pacing, the camera work, the emotion, the haunting musical score and the pure charm of this picture make it a must see. It isn't easily appreciated by the immature or emotionally stunted. The only flaw I can see about this film is that it wasn't captured in a more technically perfect film format. It deserved Todd-AO, Technicolor and the very finest sound format available.(An intimate film can be made in seventy millimeter.) The gorgeous Italian villas effect on its inhabitants would have rendered even more lushly and the small lovely moments would be even more beautifully seen and heard. As it is, it still demands attention as a sweet moving small film. I can't stop myself from watching it every time it comes on satelite. The transformations of the characters from contained, tight and mistrustful is always a joy to watch and I really should recommend it more often.<br /><br />The casting is perfect, the mood is perfect, the acting is above reproach. It is a film about middle age and the choices people make.It is deep and thoughtful without beating the viewer up with heavy handedness. Watch it in one sitting and let it have its effect on you. If you don't get it, perhaps you haven't lived enough, or something else is wrong with you.",positive
"This is the last time I rent a video without checking in at the IMDB reviews. The Limey is directed by Steven Soderbergh who also wrote wrote the truly awful Nightwatch with Ewan Macgregor and directed such trash as Out of Sight with the anti-talented Jennifer Lopez. Terence Stamp is a fine actor and it is a shame he involved himself in such a bad film. There is frequent confusing editing that seems like it was a last minute decision in order to make up for the lack or story, filming and just plain common sense. This film does everything wrong. What were they thinking?",negative
"Directed by Diane Keaton and adapted from a book by Franz Lidz. A young mother Selma Lidz(Andie MacDowell)is battling a very serious illness and her self proclaimed inventor husband Sid(John Tururro)is a little lacking in the emotions department. Unhappy with the new home situation, their sensitive son Steven(Nathan Watt)decides he wants to stay with his two eccentric uncles Danny(Michael Richards)and Melvin(Lou Cutell)until his mom is well. Steven seems to be happier and even takes interest in his strange uncle's living habits; he even decides he wants to change his name to Franz. Set in the early 60's, this drama is a bit comedic...change that to zany. Not being a MacDowell fan, UNSTRUNG HEROES assures my attitude; albeit I enjoyed the film and it is not a total waste.",negative
"In this unlikely love triangle, set in 19th century Italy, `The Beauty and the Beast' is being turned upside down and inside out and then some: Giorgio, an army officer and the very image of male beauty, is being transferred away form his (married) lover Clara and sent to a small garrison somewhere in Piemont. There - initially much to his horror  Fosca, the grotesquely ugly cousin of his commander, develops an obsessive love for him. He suffers her passionate and demanding displays of affection out of pity and concern for her health (she is gravely ill), but becomes more and more fascinated by her  until the dramatic finale<br /><br />Do not miss this most unusual love story, as twisted as it may sound. Valeria d'Obici, who deservedly won a price for her portrayal of Fosca, is as alarming as she is touching. Buy the video, read the book, go see the musical!",positive
"Dad (78) and I (46) both had a good time watching the flick today. For a guy primarily known for serious roles, De Niro is a heckuva comic actor. Of course, it helps to have his past film images to play against. Consider that one of those roles, 15 MINUTES, was a cop having to deal with the interference of the mass media, and you have an interesting set of compare/contrast performances.<br /><br />Murphy plays another of his Axel Foley sort of characters. Shatner plays a burlesque of himself, a parallel world self who was best known for TJ HOOKER and not STAR TREK.<br /><br />It's interesting to watch how the film comments on the contrasts between the reality of police work and its fictional counterparts in TV and film. Shatner lectures on the proper means of sliding across a car hood; De Niro points out holsters scratch the hood finish. Ironically, as the film progresses, De Niro's character begins to incorporate the illusions of TV-cop reality into the real world case he's working.<br /><br />The film draws its inspiration from a gamut of sources, so one could make the comment it is derivative. Well, so what? Satire needs to derive its humor in order to exist. And besides, the film does have quirky moments of originality. For example, I'm reasonably sure the method of the villain's death has never been done before. <br /><br />One quibble about the reality of the weapons involved-- shouldn't those guns have had some kind of recoil? In order to penetrate steel, those bullets had to have enough inertia to penetrate. And any bullet's highest level of inertia is at the moment of firing. So.... firing a volley of these tank-killer bullets should have driven the shooters back onto their butts. Oh, what the heck... it's a satire. Maybe the guns' lack of recoil is itself a satire on the B-F-Guns used so casually in thrillers. <br /><br />",positive
"This movie is about a man who likes to blow himself up on gas containers.<br /><br />He also loves his mommy. So, to keep the money coming in, he takes his act to Broadway.<br /><br />SEE! CODY POWERS JARRETT BLOW HIMSELF UP ON HIS BIGGEST GAS CONTAINER YET! TONIGHT! 7.30PM! <br /><br />However, one day, his mommy dies and Jarrett goes berserk. He kidnaps the audience in the theatre and makes them all stand on top of a huge gas cylinder.<br /><br />Losing control further, he makes them all scream ""MADE IT MA, TOP OF THE CYLINDER!"" in unison.<br /><br />The noise is so deafening that it bursts Jarrets eardrums, causing him to topple from the cylinder into a vat of acid.<br /><br />This Warner Bros. movie is not all it's cracked up to be.",negative
"1st watched 12/24/2009  4 out of 10 (Dir-Robert Ellis Miller): Emotional Christmas fluff that doesn't really get specific enough to explain how the real story happened in this factual-based incident of a man who is wrongly put in jail trying to get a job for his family to make Christmas happen for them. The three kids in the family then run away from home on a trek to Washington D.C. to enlist the then President of the United States, Herbert Hoover. This trek provides some side stories like their positive encounters with a hobo and a puppeteer, which makes the story kind of like a Disney ""animals on the run"" movie and doesn't quite fit here. At the ending, there isn't any details given as to how the President helped the family and this is another downpoint to the movie, in my opinion. The movie does eventually bring tears, but it takes too long to get to this. The movie isn't supposed to have been an original TV movie(according to IMDb) but it has the obvious fade-outs that make it look this way  so I'm not sure their information is accurate. All in all, this is a simple movie(that could have been more complex) with a happy Christmas-like story but blandly played and without a lot of substance.",negative
"This movie have 4 parts and every is around 170 minutes long. Its based on true story of life of Joe Bonanno and it is telling all how he did see. So in some events we can notice that we heard different about it. Movie make you tied up for chair till the end, i think it is possible to watch all 4 in a row, and not notice i watched 2 in a row and 2 next day in a row. Acting in movie is OK in some scenes awesome but in general could be bather, but this movie is not about acting or special effects and glamor, this one show real thing and story is key to this movie. So the one who look for same spectacular Rambo/matrix/titanic movie you can skip this one. Good thing in movie is that follow the main story so you will not have long and boring love scenes or any different interrupt with something not important to crime business of Bonanno.",positive
"A family (mother-Patricia Clarkson, father-Jake Weber, son-Erik Per Sullivan) go out for a family get together in some remote house in the middle of winter. They accidentally hit a deer while driving there. This angers some of the locals--especially Otis (John Speredakos) and things slowly (VERY slowly) go wrong.<br /><br />I was expecting the worst when I started watching this. The bulk of the reviews for this, on this site, are extremely negative. Well...I disagree. First off it's NOT a horror film. The horror doesn't even begin until the closing 30 minutes. It plays more like a family drama with horror elements thrown in. On that level, it's pretty damn good.<br /><br />First--the bad stuff: The pace is WAY too slow; Jake Weber is a horrible actor; WAY too many false dream sequence scares; the wendigo barely figures into the film and the clear view we get of the wendigo at the end is laughable.<br /><br />The good stuff: Pretty good dramatic script; Clarkson is excellent as the mother; some great direction with eerie sound effects which are a little scary; a pretty explicit hot sex sequence between Clarkson and Weber (which actually is necessary for the integrity of the plot!); pretty good acting by Sullivan (only 10 at the time!) and Speredakos and a completely unexpected tragic ending.<br /><br />I think many people are annoyed with this film because it's being pushed as a horror film--which it isn't. So, if you can ignore that, I think you might like it. I'm giving it a 7.",positive
"""Ambushed"" is no ordinary action flick. It's much to bad to be ordinary. One man walks toward another with a machine gun blazing. The other man fires one round and fells the man with the greater fire power without so much as a nick from the hail of lead raining down on him. Guess which one is the good guy. Duh. Such is ""Ambushed"" through and through. Not a good action flick, not a good drama, not a good movie, ""Ambushed"" fails on all levels with it's cast of B-movie veterans mechanically going through the motions almost as though they know they're making a real loser. Not recommended for anyone.<br /><br />",negative
"OK, so in any Wile E. Coyote-Road Runner cartoons, we know that WEC is going to set up all sorts of traps for RR, but always maim himself in various ways. That certainly happens in ""Beep, Beep"". Predictable? I guess that it is, but when you think about it, these cartoons show how the more you try to harm someone else, the more you get harmed; sort of like how Daffy Duck always tries to undermine Bugs Bunny's integrity but Bugs sees around it.<br /><br />Overall, this is another classic from the Termite Terrace crowd. Sometimes, I think that if we really had wanted to ease Cold War tensions, we could have just let the Soviet Union see Looney Tunes cartoons; I'm sure that they would have loved them. Another great one.<br /><br />PS: I learned on ""Jeopardy!"" that Wile E. Coyote's middle name is Ethelbert.",positive
"Ringmaster, Jerry Springer's pathetic excuse for wasting film that should be recycled as toilet paper recently destroyed my confidence in the art of film. First of all, it was made. Second of all, people went to see it. Third, some people voted it the best movie they have ever seen. If a monkey could make a movie, i'm 100 percent sure that it would be 1 billion times as good. Most crappy movies have their moments, (even Godzilla had a few cool special effects) this film's moment was when I left the theater nauseated. The only thing that possibly could've made this movie any worse would be if Jerry Springer was the star. If I want to stare at crap for an hour and a half, i'll take a dump in a can. If anyone didn't utterly despise this movie, I pity you, and your children, and your children's children's children; however, contrary to Springer's beliefs, I clearly don't condone children having sex.",negative
"As Americans, we have come to expect crapiness as ""par for the course"" when it comes to HORROR and unknown directors directing unknown actors acting for unknown writers. We truly expect this to suck & when they don't suck,it becomes an over night success.<br /><br />This is NOT an over night success, nor is it an over the weekend or over the month success. This blows from start to finish and my only recommendation is this: GO INTO THIS KNOWING IT SUCKS, enjoy it for what it is, for what it isn't & if you have something better to do, keep this on the back WAY BACK burner. It's entertaining in the way watching the elderly cross a busy street during rush hour, but don't expect much-they almost never get hit by an actual car, its just a lot of hoopla.",negative
"I may not have the longest of attention-spans, but this is the second movie I have refused to see all the way through, and I even bought it on DVD because of its ""classic"" status. <br /><br />At first, I thought that the director was playing a big joke, so I kept waiting for a resolution, something to laugh at, something to keep my interest, but this resolution never came. Rather, the writing was laughably amateurish, the movie dragged on and felt disjointed, like someone cut a TV series to feature-length. The Academy must have been on drugs when they nominated this movie for no less than eight Oscars.<br /><br />Once again, I repeat myself. This is the second movie I have refused to watch all the way through. The first was ""Exterminator"". I hope this gives you an indication of how bad it really is. 1/10",negative
"Although many audio recordings of great musicians like Jascha Heifetz survive, the cinematic or televised record is limited indeed. This is why musical offerings like ""They Shall Have Music"" are such rare gems. While, with modern eyes and ears, one can quibble about the plot, the perceptive viewer should put this film's unique delights in their proper perspective. The plot was designed to appeal to both young and old audiences of the era, but it remains enjoyable to this day. A important aspect of the experience of watching classic films is to see them through the eyes of the moviegoer of that era.<br /><br />I must take issue with reviewer who complains about a film that is in black and white, or who feel obliged to report that their students express such reservations. These are juvenile complaints which reflect a limited historical perspective. For the teacher, this should offer up an educational opportunity to explain the unique qualities of black and white photography and its place in cinematic history. Color can, in fact, get in the way of a good storyline, or the music. For example, the black and white photography of John Ford's ""Stagecoach,"" is, like the still photographs of Ansel Adams, an artistic masterpiece.<br /><br />As for Heifetz being wooden, I could not disagree more. If you want blatant emotional posturing, go to a rock concert. The role of a classical musician like Heifetz is to move the audience, not him or herself. Heifetz's emotion is conveyed through his playing, not through his body language. He had a rare ability to extract every emotional nuance out of the music and transfer it to his listeners. It is the listener who should be moved, not the artist.<br /><br />Incidentally, one reviewer asked about seeing Heifetz on YouTube playing the 1st movement of the Tchaikovsky Violin Concerto, with Frank McHugh in the audience. This is from the 1947 film ""Carnegie Hall,"" not ""They Shall Have Music"" ""Carnegie Hall"" is an even greater treasure of many great classical artists in their prime. We are blessed that there were film producers who, at least in these limited instances, chose to showcase these artists. In was still an era not totally overwhelmed by the lowest common denominator tripe we get today.",positive
"Initially I was put off renting this movie due to the jacket art for the DVD. In fact, this held true with friends of mine who didn't rent it due to the art and the mental image(s) it conjured of being a movie that held little or no interest to me (or to my friends). But, I rented and watched it and was truly amazed.<br /><br />I agree with another user's comments that this movie is not for everyone due to the blatant sexual inferences, so it is definitely not something I'd want young children to watch (and doubt seriously if they would understand it anyway).<br /><br />I enjoy movies like this whereby the character's personalities and who they are are genuinely defined in a no-nonsense, direct way with no teasers to indicate they will turn out bad. The acting done ... was it acting? Ricci and Jackson performed so well, I was drawn into this movie not even realizing they were acting. Same thing with the story ... may seem far-fetched somewhat, but it was done so very, very well. It reminded me of another movie with Mel Gibson, Tim, where each character had limitations, whether mental or circumstantial, so were well-defined.<br /><br />I found much depth in this movie with the character's involved, so feel that everyone involved (from the cameramen to the actors) should be commended on a perfect fit/result. After viewing this movie, I had talked to a couple of friends who had a negative approach to watching it like I did, so after hearing my comments, they rented and watched it. They, too, were quite surprised at how good it was. It is too bad that the art on the jacket was done the way it was since it is a turn off. I can see now how the art applies, but I'd not heard of this movie before, and the art was my first impression ... art sells or destroys DVD sales/rentals.<br /><br />These characters had more depth to them and good timing was allotted to give an audience like me time to absorb the ""feel"" for each. I felt I could trust the movie to flow well, and it did. So, with the jacket art aside, I would recommend watching this movie.",positive
"These writers are trying to re-create the characters they have on ""scrubs"" in a different occupation however the characters they are stuck with have no charisma or acting ability not to mention the writing seems poor and effortless. These guys are trying to create something that would be good if the writing wasn't so disgusting which is leaving the shows only lifeline to be two attractive teachers that that are barely keeping it alive. The humor in this show seems like it is trying to target an audience with an I.Q. of 40 or below. Another reason why this show is becoming a failure could be that the writing on the show ""scrubs"" is excellent and this show has to follow it up leaving the viewer in an odd position not knowing whether to cry or to just lose hope in new sitcoms all together. This is just my opinion but i think these guys should stop now before they humiliate themselves anymore than they have already.",negative
"What can you say about this movie? It was not terrible, but it was not good! Two days earlier I had watched Lillies and that was one of the best Gay films I have ever seen. So this was not the best time to watch a mediocre Gay flick.<br /><br />The story was silly and the acting was OK. It was not bad enough to turn off, but it had some bad moments and some terrible stereotyping. It was not very well cast either.<br /><br />Would I recommend this movie? No you would be wasting your time and money. I don't understand why movies like these are made and who is funding them. Spend your time Watching Noah's Arc on Logo instead. I think this is where this movie was trying to go but never got there.",negative
"Footlight Parade is among the best of the 1930's musical comedy extravaganzas. A snappy script and an all-star cast including Jimmy Cagney, the lovely Joan Blondell, Dick Powell, and Ruby Keeler make this film a cut above the rest. Directed and choreographed by the creative genius Busby Berkeley, this film will have you grinning from ear-to-ear from start to finish.<br /><br />Busby, of course, is the undisputed master of the Hollywood musical with ""Gold Diggers of 1933"" and ""42nd Street"" to his credit (as Dance Director). Footlight Parade is graced by hundreds of scantily-clad chorus girls, a Berkeley trademark. The elaborate dance numbers were shot with only one camera and Busby was the first director to film close-ups of the dancers. His obsession with shapely legs and ""rear-view"" shots is amply demonstrated here. The overall effect is highly erotic and mesmerizing.<br /><br />Our boy Jimmy Cagney plays Chester Kent, a producer of ""prologues"" or short musical stage productions that were performed in movie theaters to entertain the audience before the talkies were shown. He's surrounded by crooked partners, a corporate spy, and a gold-digging girlfriend. Although Cagney had a solid background in vaudeville, this was the first film in which he showed his dancing talents. Joan Blondell is memorable as Cagney's wise-cracking, lovestruck secretary. And Ruby Keeler is adorable, as always.<br /><br />The film climaxes with three outstanding production numbers, ""Honeymoon Hotel"", ""The Waterfall"", and ""Shanghai Lil"", each one a masterpiece and not likely to be duplicated in today's Hollywood where so-called ""special effects"" have replaced creative cinematography.<br /><br />Claudia's Bottom Line: Clever and erotic, with some of the best musical production numbers ever put on celluloid. A thoroughly enjoyable Depression era romp.",positive
"I'll be honest-- the pimped out purple plane with Snoop Dogg at the helm is an amusing visual gag. It would have been a decent concept for a 30 second commercial, or maybe a 3 minute music video. But the producers have committed the age-old concept comedy sin of stretching 30 seconds of material into an hour and a half of film, and the results are predictably lame. The remainder of the 89 minutes are filled with the typical gamut of racist and sexist humor and fart jokes, offensive and-- worst of all-- painfully unfunny. The threadbare plot screams under the weight of its contrivances. Best to be avoided unless you are drunk or stoned.",negative
"Deeply humorous yet honest comedy about a bunch of grownups (Bill Paxton, Julie Warner, Kevin Pollak, Elizabeth Perkins, Vincent Spano, Matt Craven, and Diane Lane) who are invited back to spend a week to Tomawka, a camp in (Ontario) Canada by their former consuelor (Alan Arkin). Writer/director Mike Binder drew upon his experience at the same camp as the main source of creating a gentle and understanding yarn that makes sense. Also, the movie has plenty of funny moments, some of which are completely bizarre like my favorite, the one involves using masking tape. Newton Thomas Sigel (""The Usual Suspects"", ""Three Kings"") provides the film with some impressive shots of the Canadian wilderness. Among the cast, Sam Raimi, director of ""THE EVIL DEAD"" films and ""The Gift"", appears here as Arkin's bumbling right-hand man. One more thing, this film reassured me that a camp doesn't have to be a site of bloody murders.",positive
"Project A II is a classic Jackie Chan movie with all the kung fu, crazy stunts and slapstick humor you expect. Not as good as the prequel but still it is a great movie if you just want something fun to watch. The story is simple, jackie chan versus the evil men. So if you want a movie that you don't have to be a braniac to understand, i would suggest this one.",positive
"It was all over with the slashers around 88 so it was time for the cheesy rip offs of those older movies. The Brain is well done, the script reminded me of Videodrome but then in a more cheesy way as said before. The acting can go through with it. But it's the effects that makes you laugh, the so called Brain is really a turkey and the blood is never shown. The opening sequence is what makes this movie worth watching, the hallucinations are really nicely done and reminded me of Nightmare on Elm Street, remember the telephone coming alive.... Some how you keep watching this flick, waiting what is happening next. It's viewable for all freaks out there cause there isn't any gore in it and as said the blood isn't there neither but there is nudity for the perverts. I have seen worser movies than this one, only wished they had made it bloodier...",negative
"I want very much to believe that the above quote (specifically, the English subtitle translation), which was actually written, not spoken, in a rejection letter a publisher sends to the protagonist, was meant to be self-referential in a tongue-in-cheek manner. But if so, director Leos Carax apparently neglected to inform the actors of the true nature of the film. They are all so dreadfully earnest in their portrayals that I have to conclude Carax actually takes himself seriously here, or else has so much disdain for everyone, especially the viewing audience, that he can't be bothered letting anyone in on the joke.<br /><br />Some auteurs are able to get away with making oblique, bizarre films because they do so with élan and unique personal style (e.g., David Lynch and Alejandro Jodorowsky). Others use a subtler approach while still weaving surreal elements into the fabric of the story (e.g., Krzysztof Kieslowski, and David Cronenberg's later, less bizarre works). In Pola X, Carax throws a disjointed mess at the viewer and then dares him to find fault with it. Well, here it is: the pacing is erratic and choppy, in particular continuity is often dispensed with; superfluous characters abound (e.g., the Gypsy mother and child); most of the performances are overwrought; the lighting is often poor, particularly in the oft-discussed sex scene; unconnected scenes are thrust into the film for no discernible reason; and the list goes on.<br /><br />Not to be completely negative, it should be noted that there were some uplifting exceptions. I liked the musical score, even the cacophonous industrial-techno music being played in the sprawling, abandoned complex to which the main characters retreat in the second half of the film (perhaps a reference to Andy Warhol's 'Factory' of the '60s?). Much of the photography of the countryside was beautiful, an obvious attempt at contrast with the grimy city settings. And, even well into middle-age, Cathering Deneuve shows that she still has 'it'. Her performance was also the only one among the major characters that didn't sink into bathos.<br /><br />There was an earlier time when I would regard such films as ""Pola X"" more charitably. Experimentation is admirable, even when the experiment doesn't work. But Carax tries nothing new here; the film is a pastiche of elements borrowed from countless earlier films, and after several decades of movie-viewing and literally thousands of films later, I simply no longer have the patience for this kind of unoriginal, poorly crafted tripe. At this early moment in the 21st century, one is left asking: With the exception of Jean-Pierre Jeunet, are there *any* directors in France who know how to make a watchable movie anymore? Rating: 3/10.",negative
"This early film has its flaws-- a predictable plot and some overlong scenes of dubious relevance-- but it already clearly demonstrates Hitchcock's mastery of editing and the use of powerful images. It's also among the most expressionist of his films stylistically; note, for examples, the weird distortions he uses during the party sequence and the frequent echoes of both title and plot in the imagery.<br /><br />Its core, though, remains the final match, which is still among the more exciting examples of cinematic boxing. Even though you know that the hero has to win, it becomes quite believable that he will lose, and the movement of his wife from the champion's corner to his, motivating the final plot pay-off, is very well entwined with the progress of the match. The inserts of the stopwatch do exactly what they should; you can almost hear the ticking (even though this is a silent film, the visuals often have a surprisingly auditory feel to them). The pacing becomes astonishingly rapid, and the viewer gets sucked into the excitement and brutality of both the match and the sexual jealousy which underlies it.<br /><br />The only DVD release with which I am familiar is that of Laserlight, a public domain company. As with each Hitchcock silent they've released, they've attached various musical selections, mostly orchestral, to the action. The sound editing is frequently sloppy, and the sound quality varies widely, but some genuine care seems to have gone into most of the actual choices, and the music accompanying the final match works extremely well; it is unlikely that this sequence will ever be better accompanied than it is here.<br /><br />This is a much more impressive film than its present obscurity would suggest. It deserves an honorable place in both the Hitchcock canon and the slender list of worthwhile boxing films.",positive
"The first time I saw this was when I was with a date, and she thought it was an awesome movie. I didn't.<br /><br />The second time I saw this was last night on TV. It still sucks.<br /><br />As a love story this sucks. As having Julia portray a street hooker, this is repulsive. To me she was a librarian with a miniskirt and heels. She had no tough shell to her. She wasn't tortured, anguished, enraged, starving or anything else. Her ""HOOKER"" character was so flawed, like comparing a cubic zircon to a diamond. The two simply don't fit, no matter what they look like.<br /><br />The ONLY cast I felt was worth watching was the 2 bitchy saleswomen, whom were excellently cast. They did such a fine job that I hated them for the few seconds that they were on screen. They had real definition, for the minor roles. OK, so the movie wasn't entirely trash...the two ignorant saleswomen saved the film.<br /><br />Aside from those two women sales people, the rest of the cast...including the big names was just crap. Either everybody was an ass-kisser or had absolutely no reason to fill any dialog in the movie aside from just complimenting Julia Roberts or kissing ass to Richard Gere.<br /><br />This was a movie about how when you walk around in high-heels and a tight skirt in Beverly Hills, people leer at you and guys who work in hotels gawk as if they just had a baseball bat struck to their face.<br /><br />While in reality, the women who are dressed to the nines in Beverly Hills are hookers and prostitutes to a higher degree, but since they aren't wearing the gaudy Madonna looking jewelry or the patent boots, they can look down on the others who do.<br /><br />The hotel cast was sickeningly sad to watch, and anybody who had any real character had less than a minute of screen time.<br /><br />This is an insult to romantic movies, comedies, dramas and even to prostitutes who face wealthy customers on a daily basis with hopes of having their lives work out perfect.<br /><br />The story is about Julia Roberts being PIMPED (yes PIMPED) by a multimillionaire in a business suit and limousine.<br /><br />She is still owned, still told how to act, how to move, what to wear, what to say, where to go and what to do. He is more controlling than a street pimp, but the folks at Disney/buena vista butter it up to make it easier to swallow.<br /><br />Had Richard Gere been a black man with a gold tooth and an AK-47 at his side instead of an attaché case, this movie would be about how a woman has to struggle to get away from the harshness of prostitution. Same story, different characters will make a very different outlook.<br /><br />Oh yeah, change the white man for a black man or Asian or Spanish, have the land business deal be changed to a deal of weapons or narcotics and the entire concept of romantic comedy is thrown away.<br /><br />As far as I'm concerned, Pretty Woman is still trash, dressed with ribbons and bows.<br /><br />I didn't like it 15 years ago, when I didn't understand it and was led by the Hollywood hype. I hate it now that i can see past the pretty decorations that is called ""love"".<br /><br />This movie is NOT a romantic comedy. It's a story on how to control a woman as long as you have the means and income to do so.<br /><br />This is an insult to strong women, weak women and women in general, as well as to my television screen.<br /><br />Do I hate it? Yes. Does it suck? Yes Would I recommend it to you? NO...well maybe if I really hated you.<br /><br />Will this review get posted? We'll see.<br /><br />Anywayz, that's all for now.",negative
"Two years ago at Sundance I loved Josh Kornbluth's directing debut-Haiku Tunnel. So I was looking forward to his brother (and frequent collaborator) Jacob's, The Best Thief in the World. This is a drama about a seemingly good kid growing up in a lower-class area of New York. The movie is not without its poignant moments. But at times it is as if Kornbluth is working way too hard to state the obvious: Life can be very difficult for some people. And life isn't fair.<br /><br />More subtle, and more important, is our understanding that despite all of these somewhat abhorrent cultural underpinnings and the anti-social behavior they may spawn, these characters have no shortage of goodness and humanity. We can recoil at their language and their living conditions, but we are cannot discount their intent. And in fact, their struggles to maintain a family under such adversity has a certain nobility that most of us can barely appreciate. Kornbluth grew up in this neighborhood, and his compassion for the people is evident throughout.<br /><br />Having said all this, The Best Thief in the World suffers from many painful flaws (including the title). The characters aren't very believable. The writing is uneven. And the plot-line is barely discernible. And for many the most disturbing is that Kornbluth uses two young black boys mimicking gangsta rap between scenes. To each his own: But while I don't question the potential realism of this phenomenon, it pains me to see 5-year-old children mf'ing and talking about having sex with a line-up of women. It's unnecessary shock value and is a forced bit of borrowed interest.",negative
"This romantic comedy isn't too bad. There are some funny things happening here and there, and there are some rather memorable characters in it.<br /><br />The acting, however, is amateurish (with the exception of the banker). While some scenes are great fun, others are simply embarrassing. In particular, I found the ""romantic"" part of the story poor. <br /><br />All in all, I guess it's worth seeing if you like football and romantic comedies. It's not really a bad movie, and the ending did feel quite good. Just don't expect anything out of the ordinary. Fair enough if you have an hour and a quarter to kill.",negative
"Secret Service agent Jay Killion (Charles Bronson) has been assigned to protect the President-elect's wife, the new First Lady (Jill Ireland). She is a very difficult woman and Killion has his hands full. She is the victim of numerous assassination attempts, all directed by the President's Chief of Staff, who wants the First Lady dead. This movie insults your intelligence with not only the story line, but also with the lack of realistic locations. For example, in the scene depicting the Inaugural Parade, the First Lady is in a Rolls Royce convertible with agent Killion and without the President. Also, we know what Washington, DC, is like weather wise in January, and not only is everybody ""top coat less"", you can even see some palm trees in the 70 degree and sunny weather! (Obviously filmed in Hollywood, not Washington, DC). This movie is a joke. It is not worth your time.",negative
"All I can really say is that I'm glad that I was knitting socks while watching the movie, or I would be very angry for having wasted 2 hours of my life. The acting was terrible, the plot was even worse. There were some scenes that were meant to be serious that had my husband and I laughing out loud. I highly recommend this movie to people who like to do their own version of MST3K.",negative
"watch this movie. it's truly a good ride through the difficulties of making a indie movie, and what happens when it blows up in the film maker's face. there's a lot of stuff about punk rock, and the philosophy behind that movement and it's relationship to this project. so if you're into old punk, American punk, you'll dig it.... but, beware, there's a ton of bad acting bits from the failed project that are incorporated... yet they do come off funny at times. and, actually, some of the best parts are listening to people who have never been involved in movie making pontificate and what they went through in the three year period that it took to put this together. so anyone out there that's about to make a film, especially if you haven't been to film school or worked in the field, you should watch this and learn from the film maker's mistakes.",positive
"I loved this movie. To be very fair, the movie starts off very slowly, with none of the characters being terribly sympathetic. It continues in this way for a good half of the film.<br /><br />But, if you're patient, you'll be greatly rewarded. What the first half of the movie lacks in character development and/or sympathy is adequately compensated for in the second half. It's a bit like riding a roller coaster - a slow, uphill climb to strat off with, and then speed, twists and turns, and a few surprises.<br /><br />As usual, Meryl Streep is wonderful. She is the finest actress of our time. William Hurt is good, if a bit wooden in spots. Renee Zellweger does a very good job, showing that her performance in Jerry McGuire wasn't a fluke.",positive
"When I started watching ""Fay Grim"", I had no idea that it was a sequel to ""Henry Fool"". Now, the latter was not a movie that I envisioned as having a sequel. But one has arrived, and it's quite good. I assume that you've seen the original, so I won't explain it. This one starts with Fay (Parker Posey) living with her son whom she had with deadbeat Henry (Thomas Jay Ryan). Simon (James Urbaniak) is still in jail. One day, the son gets expelled for bringing a pornographic toy to school. But this is no ordinary toy. It holds a secret that explains much of what happened in the first movie. And this secret delves deeper into geopolitics than ""Syriana"".<br /><br />I must say that I'm quite impressed with what Hal Hartley has accomplished here. Maybe this one doesn't quite reach the original's quality, but it certainly takes a good look at what's going on in the world. And the end leaves open the possibility for another sequel.<br /><br />Also starring Jeff Goldblum.",positive
"As someone who likes chase scenes and was really intrigued by this fascinating true-life tale, I was optimistic heading into this film but too many obstacles got into the way of the good story it should have been.<br /><br />THE BAD - I'm a fan of Robert Duvall and many of the characters he has played, but his role here is a dull one as an insurance investigator.<br /><br />The dialog is insipid and the pretty Kathryn Harrold is real garbage-mouth. From what I read, there were several directors replacing each other on this film, and that's too bad. You can tell things aren't right with the story. I couldn't get ""involved"" with Treat Williams' portrayal of Cooper, either. He should have been fascinating, but he wasn't in this movie. It's also kind of a sad comment that a guy committing a crime is some sort of ""folk hero,"" but I admit I wound up rooting for the guy, too.<br /><br />Not everything was disappointing. I can't complain about the scenery, from the lush, green forests of Oregon to the desert in Arizona.<br /><br />I'd like to see this movie re-made and done better, because it is a one-of-a-kind story.",negative
"An interesting idea involving an alternative dimension inside a hospital. It recalled - Stephen Kings ""Langoliers"", ""Kingdom Hospital"" and old twilight zone episodes. Atmospherically strong, the set up was great. There were also some very clever 'time loop' moments which always have that head-melt appeal. The story had plenty of vague references which led me to believe that all the ensuing weirdness of - time slips / ghosts / a weird bat winged demon and a rather silly heavy metal attired ghoul-thing would be explained. And THAT was were Dark Floors severely let me down. Based on my viewing the movie gives NO EXPLANATION as to what is behind the events. Whilst, some ambiguity is always expected/welcome in these kind of films. Dark floors took it to new heights of vagueness. I don't expect things wrapped up in a pretty ribbon, but neither should I be left feeling ""Huh? .. is that it? ... Did I dose off? Maybe, I hit chapter skip by mistake?"" Dark Floors left me with a deeply unsatisfying suspicion that ""It was all a dream"" which is a shame because up until the last reel I was very much on board and enjoying the movie.",negative
"Greetings again from the darkness. Director Alejandro Amenabar creates life against all odds in this based on a true story version of one man's struggle to control his destiny. The great Javier Bardem is fascinating to watch in his role as Ramon. His eyes and head movements leave little doubt what is going on in his mind. The dream and fantasy sequences are not overused so prove very effective in explaining why he wants what he wants. Rather than force us to answer the euthanasia question, the real question posed is , What is Love? At every turn we see people in love, looking for love or dying to be loved. The script is tight and keeps the film moving despite being filmed mostly in one room. The supporting cast is wonderful and we truly feel their pain and how each family member deals with Ramon's decision. This is a gem and deserves to be seen.",positive
"Saw this on SBS TV here in Australia the other week, where it was titled ""Laputa: Castle in the sky"". I had enabled subtitles and I think SBS provided their own for that, which, as usual, was of very good quality.<br /><br />Just looked up ""Laputa"" on Wikipedia and it confirms what I suspected...the floating island of this tale is taken from the classic Jonathan Swift novel ""Gulliver's travels"", which was published in the early to mid 1700s.<br /><br />Anyway, this is an engaging Japanese fairytale, which features an English speaking voice-cast. It's suitable for young children, I think, but it does run at just over two hours in length, so it may be too long for some, though not for an adult like me.<br /><br />The story concerns two children who seek to find a legendary floating island which has a castle on it. The children are not the only ones looking for this island. They have pirates, the army and spies looking for the island too, and looking to capture the children (Sheeta, the girl, voiced by Anna Paquin, and Pazu, the boy, voiced by James Van Der Beek) in order to help them find it.<br /><br />The graphics are magnificent...sort of photo-realistic at times, especially the scenes of stonework lit by torch-light, or the pretty scenes of bright, sunny days, with white clouds, or mist.<br /><br />Recommended.",positive
"I saw this Australian film about 10 years ago and have never forgotten it. The movie shows the horror of war in a way that Hollywood usually glosses over. The relationship between the soldiers of the two warring countries is highlighted by the differences in culture and the ultimate knowledge that in the end we are all really not different on the inside. If you can find any type of copy of this--buy or rent it. You won't be disappointed, just awed.",positive
"Diagnosis Murder has been shown on most Weekday afternoons on BBC1 since I used to watch it while ill from School a good 10 years ago - I know I shouldn't really enjoy it, in the same way I shouldn't enjoy 'Murder she Wrote' but I'm totally addicted to both and even have the DVD box-sets....OK I know that's sad!<br /><br />Dick Van Dyke carries the show as he stars as Dr.Mark Sloan a Doctor at Community General Hospital in L.A who is also a Police consultant for the L.A.P.D. - his son Steve (Barry van Dyke - Dick's real life son) is a Police Officer, who needs his father's help on very many Suspicious deaths. <br /><br />Along for the ride is Dr.Amanda Bentley (Victoria Bentley) the resident Pathologist at Community General and for the first couple of seasons you had Scott Baio playing Dr.Jack Stewart, who upped and left the series in 1995 hoping to go on to bigger and better things...he should have stayed where he was, he hasn't done anything of note since....and his only theatrical appearance for many years was in Baby Geniuses 2:Superbabies....Oh Dear!!!<br /><br />anyhow Dr.Jack Stewart was replaced by the younger Dr.Jesse Travis played by Charlie Schlatter who stepped into Baio's shoes pretty comfortably.<br /><br />The series is highly implausible but what Whodunit series isn't? (Murder she wrote - everywhere Jessica goes, someone ends up dead, or The underrated Father Dowling Mysteries about a Murder solving Priest with nun sidekick)<br /><br />The series was much lighter up until 1997 this is because it had a supporting cast that included the bumbling Hospital Manager Norman Briggs played by Michael Tucci along with Nurse & Mark's secretary Dolores played by Delores Hall, After 1997 both these characters were no longer included and the series became a grittier affair with a bigger looking budget, some episodes included far more action, one episode the entire Hospital is blown up.<br /><br />This was a family show For the Van Dyke's because as well as Dick's Son Barry, you also had Dick's Daughter And all his Grandchildren making an appearance in various episodes. <br /><br />As the series went on it got a bit silly, one episode I remember Dick van Dike plays his entire family, which was a bit out of the ordinary, but on the Whole 'Diagnosis Murder' was a really good TV show which had numerous good Guest Stars.<br /><br />Since this show finished in 2001, Dick & Barry have appeared together again in the 'MURDER 101' series of TV Movies made by The Hallmark Channel, pretty much following the same path, and still enjoyable. Dick who's now in his mid 80's doesn't seem to change a great deal, and looks as if he'll be working till the bitter end.<br /><br />TV SHOW **** OUT OF *****",positive
"Clearly my rating for this is not to suggest it compares with the classy horrors of the likes of Argento but with other 70s low budget, drive in fare and in that department it truly is a classic. The lack of money shows, (Does anyone care too much?) the acting is adequate rather than professional, (Does that make it more realistic?) but unlike so many other movies, and not just low budget ones, this does not drag for a moment. Crap it may be but non stop crap, in your face crap and although inevitably a bit campy at times, this is a must see for anyone who has any idea what I'm talking about. At times quite delirious, this crazy little film filled out with crazy characters is clearly made for fun and fun indeed it is to watch.",positive
"Well you take O.J. Simpson as a all american soldier turned all american bus driver who decides to rescue his passengers on his own just incase no one else is going to and Arte Johnson in an absolutely straight role as the tour guide who doesn't know what to do but doesn't want to admit they are in trouble and combine it with Lorenzo Lamas as one of three baby faced bad boys who intend to kidnap an heiress and leave a busload of people to die on the dessert and you have got to have action, plot twists and a lot of drama. Everyone was good but seeing Lamas as the baddest of the bad boys really blew my mind. He was much too believable as the overbearing bad guy who not only wanted to kidnap the heiress but rape the women and humiliate the guy who tried to stop him. This was evidently long before he cultivated his good guy image. And believe me a 20 year old Lorenzo in tight jeans you really don't want to miss!",positive
"This is an excellent film about a traditional working class family in Northern England. Filmed on location in Bolton, it stars James Mason as the father who is the dominant force within his home. Or so it seems. Cleverly, the film, based on the play, portrays the complexities of family life. The supporting cast is terrific as well, with many familiar faces lending support.",positive
"THE FEELING of the need to have someone play the role of Arbiter of Public Taste and Political Correctness always manages to get under our skin. It does seem that these self-appointed, self-superior, pseudo-intellectual types do appear everywhere; be it in one's family, church or bowling league.<br /><br />THESE are the guys who would have society completely disregard and ignore all that went before us; unless, of course, whatever 'it' is does not fly in the face of today's ""acceptable"" language, mores and general ""standards"" of ""proper"" behavior.<br /><br />SO it is that these latter day, high tech book burners have targeted a great deal of what was Hollywood's greatest achievement; namely their participation in our own Allied Propaganda via their unselfishly crafted message and theme films.<br /><br />COLDLY brutal in its generation, the Banned Code and List of Now Unacceptable extends into the Wartime Cartoons that don't meet with the new touchy, feely socially engineered 'official' attitudes; which these ""Thought Police"" have foisted down upon us.<br /><br />WE were truly surprised to see that there seem to be volumes of such animated short subjects. The majority we are aware of are from Warner Brothers' LOONEY TUNES and MERRIE MELODIES; featuring Bugs, Daffy, Elmer & Porky, all in conflict with Hitler, Goerring, 'Il Duce', Tojo and the like. Surprisingly though, we found an ample supply of cartoons from MGM, Walt Disney, Lantz, Paramount-Famous Studios and the Brothers Fleischer.<br /><br />YOU'RE A SAP MR. JAP (Famous Studios/Paramount Pictures, 1942) is a prime example of just what we're talking about.<br /><br />BEING virtually indiscernible from the cartoons that were the output of the Studios of Max and Dave Fleischer before the 1941 business coup-de-tat that moved them out, bringing the new name of ""Famous"" Studios, YOU'RE A SAP MR. JAP bore none of the bland plot elements that would reduce the latter day Popeye Cartoons down to the level of the ultimate formula short movie.<br /><br />WE all remember how we'd have Popeye and Olive Oyl together. Enter Bluto, usually the exponent of wolf whistle and an on acceptable on-screen version of a Male reaction to feminine pulchritude. Olive falls for Bluto's less than honorable attentions; until he gets a little too physical and invariably blurts out, ""Hey Babe, how 'bout a kiss?"" At this point we hear ""Help! Help, Popeye and the diminutive sailor shows up to save the day; replete with the obligatory can of Spinach! DO we exaggerate, Schultz? ONCE again this JAP SAP cartoon is nothing like any of that. Oh sure, it follows the storyline of now having Popeye in the U.S. Navy. The Brothers Fleischer put the little guy in the service in 1941 to conform to the mood in the country and as an open gesture of support for the men now being conscripted in the first Peacetime Draft in United States History. Max and Dave even put Popeye in service aboard the mythical Battleship, the U.S.S. Pensyltucky.<br /><br />OUR point is just this. YOU'RE A SAP MR. JAP and others like SPINACH FER Britain aren't cartoon vehicles for comic relief in the Theatre's program at all in the true sense. Rather they are a sort of grouping of Editorial Cartoons much like those from any ""Great Metropolitan Newspaper"". These animated shorts, much like those still one panel illustrations, have characters that are highly symbolic and representative of Nations, Ideas and Ideals, such as a just and lasting Peace. In most cases, the hero (Popeye, Bugs Bunny or whoever) is alone with the symbol of the Enemy. Both are highly exaggerated visual metaphors for abstract concept and thought; even if they are cloaked in humorous trappings for wider palatability.<br /><br />OUR liberal stupidgencia (the antithesis of intelligencia) may not see themselves this way; but for this sort of behavior, they are no more than Neo Nazi Book burners.<br /><br />PLEASE, allow the future generations to view and appreciate a view of past happenings that is both Historical and Humorous.<br /><br />POODLE SCHNITZ!!",positive
"I`ve seen this movie twice, both times on Cinemax. The first time in it`s unrated version which is soft-core porn at it`s best and the second time in a trimmed down (cut all the sex and most of the nudity out) version which was entertaining in a typical beach movie sort of way. The unrated version has a tremendous sex scene with Nikki Fritz, a dude and a bottle of oil which is out of this world (no pun intended). Unfortunately, in the trimmed version that scene is almost completely chopped out, as are all the other sex scenes. Rated or unrated it is still fun to watch all the siblings of bigger stars (Stallone, Sheen, Travolta, etc;) trying to act. We also get appearances by B-queen Linnea Quigley and Burt Ward (Robin from the old Batman series).",positive
"Largely dense road movie with some comic relief provided by the excellent John Cleese (although he is really sending up his performance in Fawlty Towers). Seems to flip from over the top slapstick to slushy sentimentality at the drop of a hat, and the worst part of the film is that Martin and Hawn have to ""find themselves"", who they are, etc. See it at your peril.",negative
"I have this movie on a collection of inexpensive B-movies. It's not restored, in fact, the audio was difficult to discern for the first few minutes.<br /><br />At first, it seemed like a typical haunted house film, and feels very much like the forerunner of Clue, Murder by Death, House on Haunted Hill, etc.<br /><br />About a half hour into the film, the storyline takes a really interesting twist--and it goes from being a cliché melodrama to something entirely different, and far more entertaining than I had initially thought.<br /><br />Check it out, it's a great deal of fun, even if the long clips and wider shots (and near lack of music score) make it feel a bit creaky by today's standards.",positive
"lovely. i just love the movie. i want to see this movie because Rupert Grint is a fantastic actor. his expressions are great, spectacular. the movie was excellent. Julie Walters it was perfect too. I think that Rupert is the only boy with red hair that i love. Rupert have a beautiful smile, a beautiful voice. and a wonderful accent. i think that the movie was great and was great see Rupert in another thing but harry potter. and its a very good actor, so it deserves that and more. he just have a golden globe but probably it deserves an Oscar academy award. there are some actors that do not act very well but have a Oscar anyway. it does not matter. but he is perfect, brilliant and beautiful",positive
"For that matter one of the worst FILMS ever made. Plot goes as follows. Slog through jungle looking areas for 10 minutes or so. Have Bo go somewhere and strip. Slog through the jungle some more. Give Bo another excuse to strip. Back to the jungle. Oh look! There's a Tarzan looking guy! Strip, Bo - strip. Kill the safari people. Tarzan looking guy has a fight scene. Saves Bo. Bo strips. Run credits. Run credits, run.",negative
"I can't add much to what has been said already, except I'm going to have to because of the 10 lines minimum policy.<br /><br />I've actually got this on a VHS-to-DVD copy, but the quality is quite poor and I desperately need for it to be officially released.<br /><br />I can just imagine what extras I would like to see (Tim Healy's character swearing his way through one of those 'Football Bloopers' type programmes would be great!). You can imagine it now, can't you? But of course, it looks like most people will have to carry on dreaming about a DVD release.<br /><br />Surely to God there must be someone in the DVD releases department at ITV who also knows something about British culture, is web savvy and has enough about them to look at IMDb now and again? Oh, well.",positive
"The movie is about two brothers that are supposed to be alike - but are not in any way expect for being smart - one is a surgeon and they other is able to write a computer code. Geniuses as they like to call themselves which sounds very exaggerated if you compare it to personal characteristics can you perceive from the material of the title.<br /><br />I honestly didn't like the style of the movie. I believe that anxiety, confusion and deep blues it brings are there for a purpose, but what I don't get is why there is so much of it. The movie is cheap on scenes and tells the story basically with no human aspect in it at all. It gives the comic book like experience. However it's visually numbing the viewer, it somehow brings him inside the blues with brief dialogs, monotonic scenes, dynamic cut, music and abrupt noises.<br /><br />The movie's storyline is very simple, most of what's going on is being dramatically pictured for long minutes, mostly in confusing delirium simulating effects of drug use and dynamic cuts.<br /><br />I will say openly that this movie didn't meet my expetations a tiny bit.",negative
"After 21 movies and three years of working in Hollywood Bette Davis finally got a role she claimed as her own and which put her as a force to be reckoned with. As Mildred Rogers, Davis burst forth with a completely unsympathetic role of a slutty waitress who becomes the target of Leslie Howard's affections, and already eager to sink her teeth into a role like this, she had no qualms of the awful things her character was meant to do throughout the course of the film and the awful transformation she would undergo. It also has been widely noted that her performance here, one of the few things that makes this slightly uneven movie watchable, has been the one to remember even after two remakes and the scenes where she rips into Howard have made cinema history.<br /><br />At circa 85 minutes, the story moves at a nice pace, telling the story of Philip Carey (Howard) as his life crosses that of the destructive Mildred Rogers over and over again.<br /><br />Howard and Davis' chemistry is all but non-existent -- Davis sustained in an interview much later in life she personally didn't care much for Howard's iciness towards her and that helped her act even worse (in character) towards him as Mildred. All the same, the two seem awkward with one another; their scenes together remain stiff, only salvaged by the ferocious acidity Davis brings to her lines and her own nervous presence. Then again, Cromwell's direction has a certain stiltedness about itself that fails to come through at times -- he tries to fill in some space (whenever Davis is not there) with dissolves and montages indicating the passing of time (a calendar superimposed over a changing Frances Dee). All much in the style back then. This was before technicalities and complicated camera angles came into being, and in essence, the visual story is a simplified, bare essentials translation of the Somerset Maugham's novel -- which is saying a lot, since at 600 pages, ""Of Human Bondage"" would have been indeed hard to film even then.<br /><br />Storywise, it feels that Philip Carey may be something of a glutton for punishment, since there is no discernible, sexual attraction between he and Mildred and to compound that, Mildred never hides her displeasure from the get-go. Howard's performance never seems to go through much external emotion -- his eyes are constantly sad, his expression never veers too far away from lost (he could almost be a distant cousin to William Hurt in ""The Accidental Tourist"" -- dejected, hurt, and absolutely passive), but this is possibly a part of his character and the reason he fails to see that other women (played by Kay Johnson and Frances Dee) are making themselves vulnerable to unrequited affections. Interestingly, Johnson's Norah, once she realizes Carey will never fall for her, is the one who sums the story up with her observation that people are bound to other people -- she is bound to Carey as Carey is bound to Mildred, and Mildred herself is bound to Miller (or men who fit the role of provider). In her short but memorable scene, she's the one who holds the essence of the story's moral.",positive
"It's interesting how the train of research can flow. I started out looking at an article about Cristo's ""The Gates"" in Central Park. The article stated that the Maysles had been Cristo's filmographers for years. Hmmm... Then I got to looking at their body of work. I believe one of them has passed on but the other is still filming Cristo and Jean Claude in their stages of creation. Grey Gardens sounded very interesting. Video Station, in Boulder CO, is the place to look for the obscure or offbeat and of course they had it in stock. DVD and VHS. Edith and Edie are women living in the past, and oh what a glorious past it was. Edith had been well off, born a Bouvier, married well, had several wonderful relationships and became a singer when she was in her forties. Her daughter Edie had been a débutante, a fashion model and had many beaus. She never married and at some point in her thirties had come home to recuperate. She seems to have a nervous disorder of some kind. Worrying too much about things. It is only a shadow of the world they live in though, because Jackie O. came and spruced up the place so her aunt and cousin would not be evicted. It is a 28 room mansion that is worn down and worn out. But, in the film you will notice fresh paint on the walls. If you look carefully at the newspaper clippings you see it was very much a dirty mess. The outfits Edie comes up with a very clever and creative. The viewer gets the impression that Edith likes to go nude, but she doesn't in the movie. Edith was really quite beautiful and you can see the shadow of her beauty still as she sings ""Tea for Two"". Edie too was a beauty in her day and quite attractive at 56. It was a good movie, though not for everyone. When the cat is urinating behind Edith's portait she states, "" at least someone is doing what they want""!",positive
"This is one of the few episodes (if not the only one) with an indisputable error in its storytelling. While handling the Ralphie situation Christopher states that he has heard about Pie-O-My's death in the fire accident. This is an important detail because in this context it is quite obvious that Christopher knows from the beginning that Tony is the one who must have killed Ralphie. There is however no way Chris could have heard about the accident. Who should have told him and when? By the time he is torn out of his delirium by Tony's call nobody else was informed. Tony knows that - which makes it even worse! Hearing Christopher talk about Pie- O-My's death could therefore only lead Tony to the conclusion that Chris himself has set the fire. Given the impressively elaborate writing process as told by the writers themselves on the DVD I really wonder none of them realized the problem there. The story just doesn't work that way. Unnecessary to add that I'm a huge fan of the Sopranos. Otherwise, I certainly wouldn't care.",negative
"I saw this movie in Blockbuster and thought it might be a good Sunday evening movie when there is nothing else to do. So I bought it used, 3 DVDs for $25. Although it was cheap, my money would have been better spent on a nail to drive through my foot.<br /><br />The film started out nicely. Kinda Dark and mysterious. I was always enthralled with vampire and samurai movies as a kid. I thought the combo would be really cool. The first fight scene was pretty cool. I was excited for the rest of the movie. Then the movie took a serious nose dive.<br /><br />I understand that this was a big hit in the east. I guess because of the twins. I don't see it though. This movie, aside from the first 10 minutes, was absolutely horrible. So many movies in this genre have the potential to be great, and blow it terribly. This is just another casualty.<br /><br />Jacki Chan's role in this film doesn't make any sense at all. Whyyyyyyyy? Complete silliness. He probably made a few bucks off it though.<br /><br />The only cool thing in this movie are the swords they use. Nice idea.<br /><br />I wouldn't recommend this movie to anyone.",negative
"Bill Rebane's ""The Capture of Bigfoot"" is one of the most awful horror movies ever made.A greedy sawmill owner Harvey Olsen(Richard Kennedy)decides that he wants Bigfoot captured at all costs.However local game ranger Dave Garrett(Stafford Morgan)learns that the Bigfoot used to live in peace upset by a geological expedition,and sets out to protect the creature.There is nothing even remotely interesting in this piece of crap.The film is extremely dull and filled with horrible songs and cheap special effects.No gore,no suspense-just gigantic boredom.Avoid this horrible junk like the plague.",negative
"LIGHTS OF NEW YORK was the first ""all-taking"" feature film, coming in at a brisk 57 minutes and directed by Bryan Foy (of the famous vaudeville family).<br /><br />The story has two dopey barbers (Cullen Landis, Eugene Palette) yearning for a chance at ""big city life"" and getting involved with gangsters and bootleg booze. One of the guys gets framed for the murder of a cop but is saved at the last minute by a gun moll (Gladys Brockwell).<br /><br />Much of the story takes place in a night club called The Night Hawk, which is run by a crook named Hawk (Wheeler Oakman) who has his eye on a pretty chorine (Helene Costello) who is the girl friend of Landis. Costello gets to do a brief dance, and we hear Harry Downing (made up to resemble Ted Lewis) sing ""At Dawning) in his best Al Jolson style.<br /><br />The acting ranges from good (Palette and Brockwell) to awful (Oakman). A couple of the actors muff their lines but then keep right on with the scene. As noted elsewhere this was intended to be a short 2-reeler and was made on a shoestring budget. Yet the sound quality is surprisingly good, the voices all register clearly, and there is a neat cinematic touch in the silhouette death.<br /><br />The film was a box-office smash even though it was shown as a silent film where theaters were not wired for the new sound technology. No one expected this little film to gross an amazing $1.3 million. It briefly made stars of Costello and Landis and certainly launched Palette on his long career as a star character actor.<br /><br />Co-stars include Mary Carr as the mother, Robert Elliott as the detective, Eddie Kane as the street cop, and Tom Dugan as a thug.",positive
"""Ripe"" is one of those awful indies which manages to get into circulation and give indies a bad name. Telling a stupidly incongruous tale of pubescent twin sisters who crawl from a firey car crash which kills their parents and then hit the road while happily shoplifting, making goo-goo eyes at some guy, and ending up on an Army post so dilapidated no Army would want it (yeah, right!). An apparent attempt at a coming of age flick, ""Ripe"" is an almost complete loser which wanders aimlessly as the players drift in and out of character finally ending clumsily with nary a shred of credibility to be found anywhere. Not recommended for anyone.",negative
"I really really love this show! I have always liked the 1990's shows of Space Ghost! This show was hilarious and I can't believe why Cartoon Network's Adult Swim would take such a funny show like this off the air. I hope they put this show on DVD or something. The show is about Brak (from the Space Ghost cartoons, SGCC and Cartoon Planet) who lives his every day life with his Mom and Dad and his best friend who likes to drop in a lot, Zorak! My favorite episodes were the one where Zorak gets this really good singing voice and then his voice doesn't give him any money that Zorak made from singing at all. Another episode I like is the one where Brak and Zorak didn't finish their homework and then they go back from Sunday to Friday and they just goof off and then they go back to the day homework was invented and then when they go back to the present homework didn't exist! Another episode I like is the one where Brak's Dad and their next door neighbor, Thundercleese the Robot keep getting into this agrument and then they get eaten by a giant worm. Another episode I liked was the one where Zorak makes a bully stand and then some new guy took over his stand. I also like a lot of the other episodes! One thing that never fails to make me laugh is when Zorak is getting beaten up, blasted and zapped!",positive
"""Showtime"" falls somewhere north of what some critics have been saying, and a little south of what I expected months ago when I first heard about Eddie Murphy and Robert Di Niro teaming up for a comedy. Overall, it was pretty good! As ""real life"" crime or cops go-- and plot, for that matter-- it is pretty illogical, but DUH--- this is a comedy. Also, while the special effects, chases, aerial shots, and skyscrapers blowing up were present but lower key than a Schwartzenegger movie, I found it a bit tiresome and overdone. 9/11 sensibilities aside, for myself, all that pyro-techno hyper-effect stuff had been getting really old these past few years. It seemed a lame substitute for characterization, story, and engaging emotions. I hope the lesser quantity of it in ""Showtime"" is an indicator of a trend in Hollywood. A trend downwards, of less use of the silly, less use of the exploding building.<br /><br />Di Niro and Murphy are two of my favorites. Their screen presence and charisma-- and even their character depth-- have been ""a joy to behold"" for many years. That can't be dismissed here--- they are engaging actors, and entertaining and appealing in this movie. I can't put my finger on it, but perhaps the explosions, the excessive FX, and all of that diminished the final product??? Perhaps, or perhaps it was something else, or a combination of factors that gives one the sense that the movie didn't achieve its highest potential. Whatever it was, ""Showtime"" was entertaining-- I probably will buy the DVD when it comes out-- but I had the vibe that it nonetheless wasn't all it could have been. At least not all I had hoped for.<br /><br />Very good movie, but not a great movie. I gave it an 8 out of 10.",positive
"One thing about Hollywood, someone has a success and it's always rushed to be copied. And another thing is that players give some of their best performances away from their home studio.<br /><br />Rock Hudson got such accolades for his performance in the Texas based film Giant that Universal executives must have thought, let's quick get him into another modern Texas setting.<br /><br />Similarly Robert Stack got great reviews for The High and the Mighty as the pilot who was cracking under the strain of flying a damaged aircraft that it was natural to give him another crack up role.<br /><br />Both of these ends were achieved in Written on the Wind. Before Hudson was the big ranch owner, now he's the son of a hunting companion of Robert Stack's father who took Hudson under his wing. In other words the James Dean part without the James Dean racism from Giant. <br /><br />Lauren Bacall is the executive secretary of an advertising agency that Stack's Hadley Oil Company uses. Hudson likes her, but she's dazzled by Stack's millions and when he woos a girl he's got the means to really pursue a campaign. She marries Stack.<br /><br />And last but not least in the mix we have Dorothy Malone who's Stack's amoral sister who has a yen for Rock, but Rock ain't about to get tangled up with this wild child. <br /><br />Dorothy Malone spent over 10 years in a whole bunch of colorless film heroine roles before landing this gem. She got a Best Supporting Actress Award for her part as Marilee Hadley and it was well deserved.<br /><br />If you like splashy technicolor Fifties soap opera than this is the film for you.",positive
"This is the kind of movie the US doesn't make. It's why people rent foreign films. It's a great story about how one person, even if he is retarded can make a person find reason in an empty life. Everybody can learn from Georges. It also shows how people that are mentally challenged suffer in their life and shows them in a very realistic way (I think). As its classic in foreign films this movie has a bittersweet ending, but that only makes it a better movie.",positive
"I am a big fan of Fred MacMurray and Carole Lombard. And, in addition to them, Charles Butterworth (a very enjoyable supporting actor) was in this film,...so why didn't I particularly enjoy it?! Well, despite a good cast, this is one of the poorest written and most clichéd ""A pictures"" I have ever seen. Given the talent and money spent to make this film, it is shocking how slip-shod the writing was. I knew the film would be tedious when time after time early in the film I found myself predicting EXACTLY what would happen next--and I was always right! And this isn't because I am some sort of ""movie savant"", but was because almost no imagination or effort went into it. In fact, it seemed almost as if the film was just a long string of clichés all strung together! Also, I found it a bit irritating that Fred mistreated Carole so bad throughout the film and yet, true to convention, she came running to him in the end. Uggh! There is MORE suspense in a Lassie film (""will he bring people to rescue Timmy or will the rope he is dangling from break?"").<br /><br />Despite the very, very tired and clichéd script, there were a few positives about the film. It was pretty cool seeing Fred look like a broken lush at the end of the film--it was pretty believable and he looked like he hadn't eaten, shaved or slept in days. Also, Charles Butterworth's ""prattle"" did provide a few mildly humorous moments. But all this just wasn't enough to make this film look any different than a ""B movie"". It's a shame,...it could have been so much better.",negative
"Wow, I can't believe i'm the first and only one to post a comment on this great movie.<br /><br />Although the movie itself seemed interesting enough the real thing that attracted me to this one is Matt lillard, granted most people probably either think he's too caffeine happy or just plain sucks but we're both the same age and from the same generation and i've watched this guy so many times that he's one of my favorites now. This is one of the few movies where he is the big shot and main star kind of like in SLC Punk, another great Lillard film.<br /><br />Baiscally this is storywise your usual heist movies but with more twists than anything, which start to amount to craziness. Also very notable in this movie is another great actor named vincent D'onofrio, a very under appreciated person in the film industry. The woman in the movie is a newcomer and she isn't too bad although you know they hired her mainly for her accent and the nude scene =)<br /><br />It's a game of jack vs jill vs bob as each want to reap the rewards but share with no one. They all try to get eachother to kill off the other and it's a timebomb waiting to explode. Matt shows his true prowess as the scheming JAck who initially starts the whole scheme. Vincent and woman play a couple of art thieves who are in need of money due to a lack of business. Vince's character is a bit deranged and skitz's throughout the movie but that only add to the intensity of the film.<br /><br />The surprises left and right are well welcomed and the ending is very non cliche and makes you feel happy, well maybe that depends on the type of endings you like. This movie kept me very interested besides the fact Matt was in it, it's a great movie and i'd highly recommend it to anyone who likes movies. Critic's probably won't like this movie, but they don't watch movies cause they like movies anyway.",positive
Definitely one of the most witty and twisted who-dunnit I ever seen. Christopher Reeve and Micheal Caine were brilliant and kept me going through the whole affair. <br /><br />Very classy set pieces and the props really lend a sense of atmosphere to the proceedings. The minimalist feel works for the whole picture.<br /><br />My only complain isn't with the film itself but the lack of a decent widescreen edition of the movie on DVD. I own the fullscreen version (which proves I love the film enough to endure fullscreen presentation) but a awesome Deluxe or 'special' edition would most surely get my cash.,positive
"Saying this movie is extremely hard to follow and just as frustrating to sit through is putting it very mildly. Also saying that the current available print is dark, dreary, scratchy, abysmally edited, painfully dubbed, seemingly censored and in almost unwatchable shape is also correct. This film is in dire need of a good remastering from the full, uncut, original negative and seeing how it's reasonably atmospheric (and won the director an award at the Catalonia Film Festival), it might actually be worth the trouble. Then again, maybe not... It's just impossible to tell in its current condition what kind of movie it actually is. It starts fairly interesting, if you can discount the completely senseless pre-credits opening sequence, which involves a deranged cat-killing, snake-loving little girl named Gerda. The girls mom, Carla (Mónica Randall, who should have laid off the eyeliner a little bit), splashes some gasoline around in the garage and torches the brat. Seemingly about as crazy as young Gerda, she goes to visit her estranged photographer (ex?) boyfriend Mario (""John""/Cihangir Caffari). He's on vacation from work, but so desperate to get away from Carla that he begs his employers to set him up on an assignment... any assignment. She scowls ""You'll be sorry!"" as he heads out the door. Well, Mario is assigned to photograph ""Witches Mountain"" (somewhere in the Pyrenees, I believe). Before he gets to his destination, he gets sight of a hottie on the beach named Delia (Patty Shepard) and snaps a few pictures of her taking off her bikini top. Only slightly peeved, she claims to be a single writer, the two flirt and then decide it would be a swell idea if they went on the trip up the mountain together. When they stop by her place so she can pack her bags, Mario suddenly hears loud, sinister music. Delia claims he's just hearing things.<br /><br />So the two begin their trip up the mountain, taking a stop at a local inn to spend the night. There they encounter a weird, partially-deaf, crazy-eyed innkeeper (Victor Israel) and Delia claims someone was spying on here through her window. The next day, under some trance, she wanders off up the mountain and is eventually located by Mario, who hops out of his jeep and runs after her. While he's finding out what's up, someone steals their wheels and they're forced to walk a piece, eventually finding the jeep undamaged at the foot of a small, ancient, seeming abandoned village... almost like someone was trying to intentionally lure them there. Well as we will see, that's exactly what has happened. In the village they encounter a friendly old woman named Zanta (Ana Farra) who claims she's the only person still living there and lets them stay in her home. Mario takes some pictures of the ""abandoned"" city and when he develops them they are eerily full of people. Slightly creeped out, he and Delia begin to leave and get stuck in ""treacherous"" fog and have to pull over and camp out for the night. The rest of the movie has to do with voodoo dolls, black cats transforming into sexy women, Satanic rituals performed by ladies in their bras and a deadly fall off a cliff. And yeah, coincidentally Carla the estranged wife turns out to be one of the witches, too. It all takes place in semi-darkness and to be quite honest, I didn't know what the hell was going on most of the time. The inconclusive ""open"" ending is just an additional slap in the face to anyone having to suffer through the rest of this senseless mess.<br /><br />Honestly, there are just a few things that stand out to me as being really good. The first is actress Shepard, who has that great Barbara Steele kind of dark, mysterious beauty. There's also an excellent music score (credited to Fernando Garcia Morcillo) and chanting songs, which aided immensely in making this film as atmospheric as it is. The location work is fairly decent, but as I said, the print is ugly as can be and it doesn't make a lick of sense, so proceed with caution on this one.",negative
"It is so nice to see Bruce Willis come down off his action throne and let us see that he really is a talented actor. He shines in this film as the near-40-year-old image consultant who has totally lost touch with his inner child--until he meets him face to face. This is one of those rare films that doesn't talk down to its audience and truly offers something for the WHOLE family. It is about caring for each other, keeping some of the child inside you, and realizing that you don't grow up exactly the way you thought you would. Willis seems to be building an impressive track record for working with kids (just witness ""The Sixth Sense"" with Haley Joel Osment), and he has great chemistry with Spencer Breslin here. There is some nice photography and music, and the ending is wonderful and uplifting. A great film to see with EVERY member of your family.",positive
"Along with Fernando Fragata, João Mário Grilo, Abi Feijó, Leonel Vieira, étc...(other commercial directors), Diamantino Costa is one of the best Portuguese Directors; ""O Lampião da Estrela"" was his (Diamantino Costa) First movie, before he made several successful commercials. This title is starred by one of the best Portuguese comedians of all times, Herman José and José Pedro Gomes are great. Its a very funny movie!! (28/07/2000)<br /><br />BOA SORTE DIAMANTINO...",positive
"Johny To makes here one of his best style exercises, making a strong film with a good Yakuza's story. The election of the new Yakuza's boss is the beginning of a war inside the organization.<br /><br />In my opinion the violence is wise used in the context, making a very strong gangs film. I specially love the way he tells the history, moving around all the roles inside the Yakuza's family, and making that we see the violence, like the only way they have to solve their problems...<br /><br />Talking about, the technical aspects, the film is a good example of paused, rythmic and planified way of shooting a film. One of the Hong Kong Films of the year. Is like Infernal affairs, but without the easy action-violence scenes, and the confused storyline. Strongly recommended to all Asian films lovers.<br /><br />(sorry for my English, better do in Spanish lol)",positive
"I don't need to say much about how good this documentary is--it's truly an amazing piece of true narrative. The story is simple enough: a white senior citizen tourist is murdered by a young black man in Florida, and the boy who is arrested is mistreated and put on trial with only the public defender and his family on his side. It's very enthralling, and the public defender is a joy to watch in all his human ways--you can't help but pull for the triumph of justice, and the ending fulfills more than could be expected of a true story.<br /><br />It's a shame more people haven't seen this documentary, but hopefully you will find a way to watch it. For those interested in race relations in the United States, and the actual workings of law enforcement and the legal process, it's well worth your time and effort to find this documentary. I give it a 10.",positive
My husband and I just got done watching this movie. I was not expecting it to be this good! I was really astonished at how great the story line was. I'm usually very good at figuring out twisty plots...but this one had me. I loved it! I'm going to have to watch it again before I take it back. I might even have to buy it. :),positive
"""9/11,"" hosted by Robert DeNiro, presents footage from outside and inside the Twin Towers in New York, on September 11, 2001.<br /><br />Never too grisly and gory, yet powerful and moving. ""9/11"" is a real treat. Anyone not moved by this television show is immune to anything.<br /><br />5/5 stars --<br /><br />",positive
"USA The Movie is like this: You take a nap on a long hot Sunday afternoon. It feels great to close your eyes and let your worries drift away. Soon you're lost in one of those intense lucid dreams where you know you're dreaming but you still can't wake up--not that you want to. You go with the flow, and soon you're in a kind of weird Alice in Wonderland story complete with characters you didn't think you could dream up. They're telling you all kinds of crazy stuff about war and peace while taking you through a trip into the past and even the future. <br /><br />The dream starts to get heavier and you feel like it's going down a path you can't control. Maybe you want to wake up so you try to open your eyes but you can''t . Now there's destruction and sadness and confusion and scary voices telling you what could be truth or could be lies. You're seeing images that flicker and change and then get clear, but do you even want to see what you're brain is creating for you? <br /><br />Finally you're lost in a myth world and you realize the end has come. The end of the world and the end of the dream. It's over. What do you wake up to? What do you do next? <br /><br />Maybe you'll write down that dream because you know dreams like don't happen too often-- and when they do you better pay attention. <br /><br />Or maybe you'll crack a beer and forget the whole thing. Bad idea. Don't forget.",positive
"I enjoyed every moment of this beautiful film and was intrigued about this female painter I had never heard of before. So I set out exploring her life and work afterwards. As could be expected, I found out that the film was not exactly historically accurate. I was a little astounded however by the very negative comments on the film because of this inaccuracy. Come on, guys, a film isn't and shouldn't be a biography (nor a novel!). Any historical film distorts reality, because it should be a work of art in its own right. A film director is fully entitled to use elements from reality and history to create a world of his own. Artemisia is a wonderful film and I think it brought many people (including some that now give negative comments) to explore the life and work of this fascinating artist.",positive
"David Bryce's comments nearby are exceptionally well written and informative as almost say everything I feel about DARLING LILI. This massive musical is so peculiar and over blown, over produced and must have caused ruptures at Paramount in 1970. It cost 22 million dollars! That is simply irresponsible. DARLING LILI must have been greenlit from a board meeting that said ""hey we got that Pink Panther guy and that Sound Of Music gal... lets get this too"" and handed over a blank cheque. The result is a hybrid of GIGI, ZEPPELIN, HALF A SIXPENCE, some MGM 40s song and dance numbers of a style (daisies and boaters!) so hopelessly old fashioned as to be like musical porridge, and MATA HARI dramatics. The production is colossal, lush, breathtaking to view, but the rest: the ridiculous romance, Julie looking befuddled, Hudson already dead, the mistimed comedy, and the astoundingly boring songs deaden this spectacular film into being irritating. LILI is like a twee 1940s mega musical with some vulgar bits to spice it up. STAR! released the year before sadly crashed and now is being finally appreciated for the excellent film is genuinely is... and Andrews looks sublime, mature, especially in the last half hour......but LILI is POPPINS and DOLLY frilly and I believe really killed off the mega musical binge of the 60s..... and made Andrews look like Poppins again... which I believe was not Edwards intention. Paramount must have collectively fainted when they saw this: and with another $20 million festering in CATCH 22, and $12 million in ON A CLEAR DAY and $25 million in PAINT YOUR WAGON....they had a financial abyss of CLEOPATRA proportions with $77 million tied into 4 films with very uncertain futures. Maybe they should have asked seer Daisy Gamble from ON A CLEAR DAY ......LILI was very popular on immediate first release in Australia and ran in 70mm cinemas for months but it failed once out in the subs and the sticks and only ever surfaced after that on one night stands with ON A CLEAR DAY as a Sunday night double. Thank god Paramount had their simple $1million (yes, ONE MILLION DOLLAR) film LOVE STORY and that $4 million dollar gangster pic THE GODFATHER also ready to recover all the $77 million in just the next two years....for just $5m.... incredible!",negative
"Any time a movie is so myopic in its desire to present a particular ending or viewpoint that it simply doesn't bother with an actual story, it's annoying. Those are the types of movies where the ending or viewpoint is conceived first, and the story simply tacked on. For this reason we often talk of the story ""jumping through hoops"" as it twists about, trying in vain to progress to the preordained ending in a logical fashion.<br /><br />The story in ""Comet Over Broadway"" doesn't just jump through hoops, it's a three ring circus. It's so ludicrous, so ill-conceived, so disingenuous that, if you are prone to speaking aloud to the screen, you will be carrying on quite a rant before it's through.<br /><br />The central theme of this screenplay cesspool is that of a woman choosing between family and profession. Since it's all so horribly muddled it will end up offensive to people of either opinion. So, in the end there's no point to the story, the theme becomes irrelevant and, as is often the case with poor screenplays, the acting doesn't save a thing.",negative
"Doug McClure has starred in a few of these British produced genre adventures and this one has got to be the worst of the lot . I know THE LAND THAT TIME FORGOT has its critics but please at least that movie featured location filming and relatively good production values . That's the problem with this movie - The production values go way beyond "" So bad they're good "" affectionate territory and become "" so bad I think I'll go and see what's on the other channels "" <br /><br />One case in point is the first scene featuring the intrepid Cushing and McClure encountering a monster . It's painfully obvious the monster is an average sized man dressed up as a rubber monster being made to look over twenty foot tall via overblown back projection . It becomes even more painfully obvious that our heroes are trying to escape the monster by running on the spot . Have I mentioned that this is one of the more convincing set pieces ? No really this looks like it was filmed in somebody's living room with the spare change left over from that year's DOCTOR WHO budget . Even former DOCTOR WHO Peter Cushing is bland and what should have been an amusing line "" You can't mesmerise me - I'm British "" is delivered in a very flat way ( A very similar line is spoken by Cushing in HORROR EXPRESS ) in a script devoid of characterisation , plotting and memorable dialogue . It's not just the fact that the dialogue is unmemorable it's also infrequent and rare since the monsters don't speak . Wouldn't it have been better having the chief bad guys humanoids like in WARLORDS OF ATLANTIS so that they could explain the plot . Does anyone here know what the plot actually is ? <br /><br />A very tedious British movie that even the twin talents of Caroline Munro can not save . The whole mood of the movie is summed up by the final sequence featuring two keystone cops",negative
"I'm not sure what the point of making this film was. It looked as if it was made by some historical society to be shown in your local 'Pistol Pete' museum. At first it appears that it could be the beginning of a Mad TV or SNL sketch. But then the joke is on you when there is no punchline and you realize that someone was taking this seriously. The story wasn't bad but the inclusion of the SASS members seemed to be a ploy (that worked) to get me to see the film. I swear, the trailer listed every character in the film down to ""dead cowboy #5"". The reason Westerns are so fun is the atmosphere and the characters it brings. I just had the feeling I was watching Civil War rean-actors dressed up as cowboys. Not even worth the digital video it was recorded on.",negative
"After watching about half of this movie I noticed something peculiar ... I found myself constantly switching through tv-channels to see what else is on - not exactly a good movie trait.<br /><br />This movie is listed as being in a number of genres, and I must say it mostly failed misserably in every one of them. 80% through the movie I switched over to watch an old rerun instead. Bottom line - the whole movie felt as if the ones making it didn't exactly know what to make and ended up in a concoction with no discernable taste.",negative
"I've been looking forward to the release of this movie since I first heard the concept two years ago, and I was not disappointed. I won't bother summarizing the story since everyone else has, but I will say that it was just plain entertaining throughout. The performances were great, as was the music, and the main characters were likeable.<br /><br />My only complaints are: (1) the story was definitely lacking; the movie wrapped up very abruptly- in fact the writing became pretty lax in the second half, as though the writers weren't sure what to do with the plot. Since the plot wasn't nearly as important as the music and the action, this didn't really affect the entertainment value of the film, so this is not as major a complaint as it would seem.<br /><br />(2) This is really nitpicky, but the music that the characters in the movie were listening to was sometimes dated after 1985, when the movie was set. INXS' Devil Inside was from 1987 and AC/DC's Are You Ready was from 1990, among other mistakes. This bothers me a bit, since they obviously went to lengths to make a good period piece, they could have checked the copyright date on these songs to make sure they were 1985 or earlier. Again, not a big deal.<br /><br />Oh, I thought of something else that was strange. The Steel Dragon band members were supposed to be English, but for some reason Dokken bassist Jeff Pilson and Ozzy guitarist Zakk Wylde played band members, and they each had a couple of speaking lines in AMERICAN accents. That was kind of lazy also, but it was still cool to see actual musicians playing musicians, so I will forgive that as well.<br /><br />I could probably nitpick all day, but I don't want to give the impression that this wasn't a super entertaining movie. I will probably buy the DVD when it comes out, and I will certainly buy the soundtrack CD simply for the six Steel Dragon songs (some of which were sung by the singer from the band Steelheart, if you remember them!). The highlight of the film was possibly a great outtake where Mark Wahlberg is lipsynching to a rock song on stage and suddenly someone plays ""Good Vibrations"" by Marky Mark and the Funky Bunch. The surprised look of Mark's face is priceless. Classic rock and roll flick! Score: 8/10 due to extreme entertainment",positive
"I read a couple of good reviews on this board for ""Mr. Scarface"", but for anyone uninitiated in the genre of Italian gangster films like myself, the picture will probably make very little sense. Indeed, after the initial setup involving the ten million lira scam, the picture devolved into a fairly routine revenge flick with a minor twist in the identity of Rick's (Al Cliver) character. The whole gang war plot got muddied up for me with the inclusion of Vinchenzo Napoli (Vittorio Caprioli), but as most other viewers commented, he's about the only one who gave this picture any life with his often ineffective attempts at violence. I found it somewhat unbelievable that Manzari's goons who chased Tony through the streets didn't actually stroke out before Tony even laid a hand on them. For all of his buildup as the title character, Jack Palance was wasted rather unceremoniously in an anticlimactic near finale, making the U.S. working title, ""Mr. Scarface"", rather moot. I've seen enough spaghetti Westerns to know that they don't all work; I guess in this case, my first look at a spaghetti gangster flick didn't quite make it either.",negative
"STAR RATING: ***** Saturday Night **** Friday Night *** Friday Morning ** Sunday Night * Monday Morning <br /><br />Alice, having defeated Freddy at the end of the last film, is now trying to re-adjust her life. But her unborn child is carrying a demonous presence- Freddy, trying to come out into their world again.<br /><br />It's interesting to note the directors who got their big breaks directing Freddy films- Charles Russell (Eraser, The Mask) Renny Harlin (The Long Kiss Goodnight, Cutthroat Island, Cliffhanger, Die Hard 2) and here Stephen Hopkins (Lost in Space, Predator 2.) But while Russell and Harlin made a good job of it, Hopkins IMO has made something of a podge with this entry, that should be quickly forgotten.<br /><br />The story is clearly being stretched as far as it can go here, with Freddy ludicrously a father himself and the ridiculous looking demon baby. Even at about an hour and a half, it all gets rather tiresome, and of course, not scary at all.<br /><br />The ""bon appetit, bitch"" catch-phrase is the only memorable point of this other wise very forgettable entry. *",negative
"Netflix should mention this short feature on the info for Silk Stockings. Superior in every way to that over-produced fluff. This had much better Cole Porter songs and lots more energy. Silk Stockings turned out to be a big disappointment. Fred was getting too old for this sort of thing, though the dances and Cyd are lovely. I will be on the watch for the Garbo--Melvyn Douglas version of Ninotchka. Was Peter Lorre ill during the making of Silk Stockings--he seems to be very passive in the more active numbers and with less lines? Very glad that I ran across Paree--Paree by pure accident. Made the whole experience a lot more enjoyable. Bob Hope, as a simple ""song and dance man' is pure joy.",positive
"Low budget, mostly no name actors. . . this is what a campy horror flick is supposed to be all about. These are the types of movies that kept me on the edge of my seat as a kid staying up too late to watch cable. If you liked the 80's horror scene this is the movie for you.",positive
"I'm trying to picture the pitch for Dark Angel. ""I'm thinking Matrix, I'm thinking Bladerunner, I'm thinking that chick that plays Faith in Angel, wearing shiny black leather - or some chick just like her, leave that one with us. Only - get this! - we'll do it without any plot, dialogue, character, decent action or budget, just some loud bangs and a hot chick in shiny black leather straddling a big throbbing bike. Fanboys dig loud bangs and hot chicks in shiny black leather straddling big throbbing bikes, right?""<br /><br />Flashy, shallow, dreary, formulaic, passionless, tedious, dull, dumb, humourless, desultory, barely competent. Live action anime without any action, or indeed any life. SF just the way Joe Fanboy likes it, in fact. :(",negative
"Awwww....yes, it is heartwarming and all that some unlucky family gets adopted by ABC/Sears and has their home ""renovated."" That's where the humanistic appeal ends. I liked it early in its run, but now this show has become disgustingly excessive.<br /><br />Ten needy families could be given relatively luxurious homes with lots of goodies for every one family that each episode of this show splurges on. The people at Habitat For Humanity must be shaking their heads in disbelief. For example, is it necessary for a healthy sixteen year old boy to have a jacuzzi in his bedroom, or have his bed tricked-out with ""Low Rider"" hydraulics? Does the mom really need her dilapidated, non-running and rusted out old pick-up truck restored and ""pimped"" by some of the best customizers in California? A new one would have done the job quite nicely, and probably for a third of the price. Do people really need a sixty-five inch plasma screen in every room of the house? And then there's the issue of who pays the increased property taxes and utility bills. Even after the zaniacs at ""Makeover"" leave, somebody still has earn a living. I doubt the friendly folks down at Social Services will see the humor in all of this largess.<br /><br />This show is nothing more than a ratings grabber for ABC, and a tacit commercial for its sponsors.",negative
"This movie was fun, if all over the board.<br /><br />It essentially follows the comedic romp of two grave-robbers in 19th century England, who move from conventional body snatching to trafficking in vampires, zombies and dead Roswell aliens. (I have no idea what the Roswell alien was doing in there, and neither did the producers, I think.) <br /><br />But was it funny? You bet. Even Ron Perlman, who is often the kiss of Direct to DVD Death was pretty good in this one as a priest who turns out to be the ringleader of a rival gang of body-snatchers.<br /><br />A real joy to watch this hilarious little film, and a good example of what you can do when you don't have larger than life egos on either side of the camera.",positive
I wasn't planning on watching wasted when I saw the MTV preview but since I had nothing better to do or watch on a Sunday night I watched it.<br /><br />Wasted was no Requiem for a Dream but it was a very good movie considering it was made by MTV. One thing that drew me to watching it was Summer Pheonix the sister of the late and wonderful River Pheonix stared. I suppose talent runs in the Pheonix family because she was good and so is Jaquien though niether are River. Nick Stahl also gives a great preformance as a junky jock. There isn't much else to say about wasted. It was a dark depressing and insightful look into the lives of three small town junkies. I recomend it to those who like the subject. 8/10,positive
"It's a shame this movie is rated PG 13--it is really quite suitable for anyone--though young kids might not follow it too well.<br /><br />It belongs to that wonderful genre of serio-comic ghost/angel stories that would have to include everything from Capra's ""It's A Wonderful Life"" to Wenders's ""Wings of Desire."" <br /><br />The photography is stunning, the acting first rate, and--wonder of wonders--the tone is uplifting.<br /><br />My only criticism is that there is not much ambiguity in the film. The two interwoven stories seem intriguingly mysterious at first; but they resolve themselves a little too nicely for my taste. As the director points out in his commentary on the DVD, all the ingredients of Irwin's story are on his bedside table. The symbolism is just a trifle too pat for me.<br /><br />But what a lark! My favorite scene has to be when the relocation team tries to get breakfast at a diner. This is practically theatrical in its magic--a tour de force of witty acting--subtle, playful, and positively rhythmic--coupled with striking cinematography and an acute eye for the grotesque.<br /><br />""Northfork"" is funny, touching, gorgeous to look at, magical (with the above reservations) and has not one single car-chase.<br /><br />An easy nine stars.",positive
"I haven't actually finished the film. You may say that in this case I have no right to review it, especially so negatively. But I do, only because I stopped it on account of I couldn't watch anymore...I got over halfway, and I only got there by promising myself something good was just around the corner. This film is so tiresome, so lackluster that I was actually insulted. I haven't read many of the other reviews, so I'm not sure if there are other homosexual teens who have suffered through it, but I am homosexual, and I did go through ""similar"" revelations, day dreams, issues etc etc. There were maybe two moments where I actually felt this film could go somewhere, where I felt it may have some inkling of meaning, or relativity, but these hopes were dashed the moment the next set of cliché-ridden narration came on. I mean, just look at the quotes on the IMDb page. Unfortunately you're not able to hear the scratchy play back, nor the echo-ey fades if you're just read the quotes, because they are just too painful/ridiculous/stupid to miss. I did give the film three stars, and all three of those stars go to the films cinematographer who did a fantastic job attempting to transform Archer's tired ""concepts"" into something watchable. Mind you, I pray he wasn't the one who decided to include all the long shots of TV closeups...another unnecessary cliché already over done in films such as Korine's Gummo... I think it is extremely fitting that this film premiered at Sundance (only because Archer had connections in the festival via volunteer work he did, by the way...) because Sundance seems to be the one festival where cliché heavy drivel like this is still accepted as ""arthouse"". No, it's not art house, I'm afraid it's just plain s**t-house. Do not watch.",negative
"There is a certain genius behind this movie. I was laughing throughout. The scene in the phone sex office, discussing how love heals the doppelganger was a nice attempt at this genius/humor. Execution is poor, but you can see the writer's message and they do have some talent. The doppelganger split at the end was like... ""ok, wasn't quite expecting that but let's see what the movie has to say"". Certainly ridiculous, but a sweet idea and actually very coherent to the story in a strange way.<br /><br />Is the point of a movie to be logical or is it to be entertaining or communicate on an emotional level? i'm easily bored by many movies, but this one kept my interest throughout.<br /><br />I think the story may have some auto-biographical roots, but that's just a guess. Horribly bad, but good. I'm looking for other movies this person may have done (with more experience).",positive
"Solid comedy entertainment, with musical interludes, it generates a fast pace that carries proceedings along in zestful tempo through a maze of humorous and chiller complications. Boris Karloff, Bela Lugosi and Peter Lorre form a strong setup of sinister villainy. The script contains all the standard mystery film props-sliding panels, secret passageways, thunder and lightning and poisoned blow-darts. Karloff, Lugosi and Lorre go in for heavy leers and obvious melodramatics of the gaslit era. Kay Kyser and his band offered great entertainment for the people living in the 1940's who were trying to forget about the horror's of World War II.",negative
"So we saw this on DVD at our apartment here in Paris. We're all here on an exchange program. We all laughed so hard cuz so much of what was going on in the movie happened to us! I mean yeah sure some of it was pretty clichéd but still true, know what I'm saying.<br /><br />I think I related more to the quiet guy (the Italian) than Xavier because I'm more of the observer in our group. Anyway, I wish I had a hot roommate like Cecile de France. She seems like a cool chick in the movie and for real, after I saw her hosting the Cannes Festival last month.<br /><br />Now I'm thinking I wanna go to Barcelona next summer after seeing this movie. I gotta check out the sequel too which just came out here in France.",positive
"Diego Armando Maradona was, and still remains as the best football player, the game has offered. Not just an athlete, but an artist. This documetary if the 1986 World Cup will forever live in the memories of every football fan around the world. Because of his tremendous and unbelievable goal, which he scored against my own country(england). There's absolutely no point of diminishing this star. Although I dont undersand spanish, I can appreciate the argentine narrator. He actually cries of happiness, and can barely express his emotion..... Anything I wrote can be senseless and difficult to comprehend, but readers.....you have to watch this to know what I mean.",positive
"I love Umberto Lenzi's cop movies -- ROME ARMED TO THE TEETH is my favorite -- and his DESERT COMMANDOS pretty much legitimized the Italian Euro War phenomenon by managing to actually be a pretty good movie. Give him guns, machines, some guys to run around talking tough and it's hard for him to miss.<br /><br />What a shame it is then to encounter his EATEN ALIVE and CANNIBAL FEROX. They could have been by anybody, really, and one watches them with a sense that he was under contract, was told what kind of films to make, was assigned a cast & crew and given a budget, deadline and script. Lenzi then went out and executed his films the same way that a guy at McDonald's fixes a batch of French Fries. Of the two, EATEN ALIVE is the more original -- which is kind of amazing considering that it features extensive footage copped from three other cannibal movies -- and easier to enjoy than CANNIBAL FEROX, though not much.<br /><br />I will let others outline the plot: What fascinated me about the film is how staged it all looks, and yet what a somewhat infamous reputation this film has as some sort of all-out assault on good taste. It isn't, though the film is an exercise in bad taste, complete with a title-earning scene where two of the pretty supporting ladies are quite literally sliced up and eaten alive by cannibals which is the film's high point. The problem is that Lenzi lets us get a good, long look at the cannibal feast scene and it has the convincing ring of a 3rd season STAR TREK episode complete with a fake jungle set for the really gory close up shots. And I don't know about anyone else, but if someone was slicing off pieces of my person and eating them I wouldn't just lie there and look distressed.<br /><br />My problem with the film might be that I have a lot of respect for Lenzi as a filmmaker, and again this could have been directed by anybody. All of your cannibal movie conventions are touched on but it never feels like they are filmed with any real conviction, other than to try and bully Ruggero Deodato out of the sandbox. The two directors certainly must have known each other and either had a sort of juvenile rivalry or an actual dislike for each other's work and a conscious need to upstage them. Lenzi invented the cannibal genre with MAN FROM DEEP RIVER, Deodato blew it away with JUNGLE HOLOCAUST, Lenzi fired back with EATEN ALIVE, Deodato blew him (and everyone else) away with the superior CANNIBAL HOLOCAUST, and Lenzi fired a last parting salvo with CANNIBAL FEROX, which is about as realistic as that Krazy Glu commercial where the guy superglues his hardhat to a girder and hangs in midair.<br /><br />This film is less desperate and a bit more hesitant to push viewers into the abyss with everything holy than FEROX, which remains as a sort of misguided attempt to upstage CANNIBAL HOLOCAUST. This one is more of a mish-mash, with an interesting jungle adventure crossed with a Jim Jones like suicide cult -- the cannibals seem like they were added as an afterthought rather than the reason for making the film. I think that fans of the genre will have a better impression of the film than fans of Lenzi's films looking for something new by the formidable director. It isn't as entertaining as SLAVE OF THE CANNIBAL GOD, adventurous as his own MAN FROM DEEP RIVER and certainly lacks the wallop of CANNIBAL HOLOCAUST. Combine those considerations with the recycled footage, stomach churning scenes of animal violence, misogynistic scenes of sexual violence and stagy, wooden methodology of film-making and what you get ends up being an OK jungle thriller with two or three standout scenes, and Umberto Lenzi was capable of so much more.<br /><br />4/10; Gore freaks will go nuts however.",negative
"This movie had it all,action,comedy,heroics,and best of all some of the finest actors.Gunga Din will remain a classic to be enjoyed by all who like good movies.Excellent picture,i have it in my collection.",positive
"This film was the first British teen movie to actually address the reality of the violent rock and roll society, rather than being a lucid parody of 1950s teenage life. In an attempt to celebrate the work of Liverpool's Junior Liaison Officers the opening title points out that 92% of potential delinquents, who have been dealt with under this scheme, have not committed a second crime. However, this becomes merely a pretext to the following teen-drama until the film's epilogue where we are instructed that we shouldn't feel responsible or sorry for such delinquents however mixed-up they might seem.<br /><br />Stanley Baker plays a tough detective who reluctantly takes on the post of Juvenile Liaison Officer. This hard-boiled character is a role typical of Baker. Having been currently on the trail of a notorious arsonist known as the firefly and does not relish the distraction of the transfer. However, as in all good police dramas he is led back full circle by a remarkable turn of events, back to his original investigation.<br /><br />His first case leads him to the home of two young children, Mary and Patrick Murphy (played by real-life brother and sister duo), who have committed a petty theft. Here he meets Cathie (satisfyingly portrayed by Anne Heywood) their older sister whom he eventually becomes romantically involved with. It quickly becomes obvious that the squalid environment of such inner-city estates is a breeding ground for juvenile delinquency.<br /><br />The elder brother of the Murphy family, Johnny, is the leader of a gang of rock and roll hoodlums. McCallum does an eye-catching turn as the Americanized mixed-up kid, who owes more to the likes of Marlon Brando, than any previous British star. One is reminded of Brando's character Johnny from 'The Wild One' who led a leather-clad gang of rebellious bikers in much the same way as this film's 'Johnny' leads his gang.<br /><br />Thankfully the preachiness of earlier Dearden crime dramas such as 'The Blue Lamp' is not so apparent. Instead we are presented with several well drawn-out characters on both sides of the law as the drama of the delinquents and the romantic interest between Heywood and Baker takes the forefront.<br /><br />The plot, whilst at times predictable, does deliver some memorable scenes. The disruptive influence that rock and roll music was thought to have had is played out in a scene where Johnny abandons himself to the music, leading a menacing advance on the police sergeant. The most grippingly memorable piece of film however is the climatic classroom scene where a bunch of terrified school children, including Mary and Patrick, are held hostage at gunpoint by Johnny. Obviously in the light of the real-life Dumblaine Massacre this scene seems all the horrifying. Understandably because of this the film is seldom aired or available to modern audiences.",positive
"I was really disappointed by this movie. Great actors in it, and potentially a great plot, but it just seemed to limp along.<br /><br />Charlize Theron was masterful in her role and beautiful, but it seemed like 90% of her on-screen work was in car chases done with Austin Minis. Product placement gone wrong, so very wrong.<br /><br />The direction seemed off, too. Edward Norton is the bad guy, and it was so obvious right from the start. Every time the camera would pass over him, it would linger too long and Norton would grimace or something. C'mon, Hollywood, give us a little credit! It's okay to surprise us with a plot twist without having to telegraph it.<br /><br />Sorry, but this movie was just below average. I have always been one to appreciate the work and talent that goes into a movie, but this one just didn't have it.",negative
"When one considers that Carson McCullers is one of the foremost literary figures of the 20th century, it seems that it needs a very great lack of talent to be able to ruin one of her stories, but this movie shows it can be done! How do actors ingratiate their way to becoming directors? Wooden, unatmospheric, unsympathetic, totally out of sync with the poetic compassion of McCullers' writing, my jaw dropped with horror and disbelief that such a mish-mash of a movie could ever have found finance and backers. The only redeeming features are some moderately good acting, (although that said, Vanessa Redgrave seems to permanently render much the same performance whatever character she plays), and some good cinematography in places, but otherwise it is a bitter, bitter disappointment, and it could, and indeed should, have been a contemporary masterpiece. Simon Callow should hang his head in shame and stick to acting!",negative
"While this movie did have a few scary moments (great use of music and film angles to build suspense), it's obvious director Ethan Wiley and scriptwriter Ellary Eddy didn't waste any time researching their subject matter; which also makes me question their claim that the exorcism scenes were overseen by a genuine Catholic bishop.<br /><br />Amongst the many inconsistencies: <br /><br />* Jacob the Roman Catholic priest, when we first meet him outside the church, is wearing an academic robe over his clericals rather than the typical alb, chasuble or surplice. Academic robes are commonly worn by Protestant ministers in liturgical denominations, not Roman Catholic priests. <br /><br />* Jacob the priest quotes some obscure and disturbing scripture about the angels taking up weapons. He attributes it to St. Paul. This verse is not from St. Paul's writings, neither is it in the Bible. I can't even find it in the Gnostic scriptures. <br /><br />* Jacob tells his bishop he doesn't believe in demon possession and turns down the request to study exorcism but does a complete 180 (later that same day?) within minutes of talking to possessed Isabelle. Sure, it's possible; but a little unrealistic. See Father Damien as a priest/psychologist in the original THE EXORCIST for a bit more realistic portrayal of a skeptic-turned-believer. <br /><br />* Miguel, the former priest turned farmhand, is the first to try an exorcism on Isabelle. He quotes scripture, and she quotes back. He says ""I see you know Psalm 65"" - she corrects him ""that's Psalm 67"" - they're both wrong. <br /><br />* Miguel, the former priest who just got done performing an exorcism - making the sign of the cross, calling on the name of Christ, applying holy water, etc. - tells Jacob he doesn't believe in church and he doesn't believe in God. (Maybe he's just conflicted?) Jacob enlists him to put on home-made vestments and have another go at it anyway. <br /><br />* Miguel, the former ROMAN CATHOLIC priest, crosses himself backwards (or Eastern Orthodox-style). As an Hispanic Roman Catholic who USED to be a priest, he should've crossed himself forehead to sternum, left-side to right side of chest.<br /><br />I had to read into the little side stories to get the notion Satan was messing with the whole family, not just Isabelle; but even in the end it was hard to say for sure if anyone was really guilty of the images in their heads or if it was all demonic trickery (except for the sheriff - it's pretty clear he was guilty).<br /><br />On the positive side: Isabelle was CREEPY - in my opinion she was the best part of the whole movie and I liked the plot twist with Claire.<br /><br />I'm just not sure if the movie was meant to be serious or a spoof.<br /><br />Listening to the running commentary with Cameron Daddo and Ethan Wiley, I'm inclined to believe it was a joke.",negative
"Awesome Movie! Great combination of talents! I'm a HUGE fan of David Duchovny and he is outstanding in this movie! I would love to see him in more movies of this nature. His talents are definitely under-used and has SO much more to offer besides ""Agent Mulder"" (although I'm a huge fan of that series too), Anyway, I want to see more of him. He is easily the Cary Grant of our generation. If you haven't seen this movie, you MUST! Great love story that shows love never dies... it's with you forever. Minnie Driver is great and how can you go wrong with a cast containing Mr. O'Connor and Mr. Loggia and Mr. Belushi? This movie didn't get any type of awards nod, but deserved one. Great job Bonnie Hunt! ** By the way... the soundtrack is great too! **",positive
"I saw this movie on Thursdays night after having a really boring day. I had no expectations, those I had were rather negative. Being that the only movie I've ever watched Jimmy in is the American version of Taxi with Queen Latifah(?)...don't ask why! But seriously..this movie is so cute! Drew Barrymore is always sweet, but I almost fell in love with Fallon's character. Why can't I meet a cute nerd like that. :) Movies like that are excellent. Simple, sweet and necessary. Sunday on a Thursdays. I'm not even a sports fan, but it's something about American movies with baseball that fascinates me. Probably the fact that we don't have that sport here in Norway.<br /><br />(My first comment ever.) Haha",positive
"The one who says that Lucio Fulci is not one of the most important names in the history of splatter is probably mad.The Italian director is a legend among hardcore-horror fans,and his work exceeds the barriers of the genre(who can forgot his western,crime or fantasy flicks).This is probably his goriest film,and unfortunately one the last.A horror director(Fulci as himself) starts hallucinating about gruesome murders.He goes to a psychiatrist,who makes him believe he is the criminal.In this time,the doctor begins a long chain of serial crimes.With such a plot,the movie should have been filled with something.And there are roting corpses,crashed or melted heads,stabbings,decapitations,chainsaw dismemberment and many others.Kind of boring sometimes,the film is saved by the excessive violence that will definitely please the gore addicts.",positive
"It is like what the title of this thread say. Only impression I got from that movie is that Marlee Matlin's character was always angry, so cynical, and so pathetic. Her character's first date with William Hurt's character where they were dancing were dumb. All in all, I've tried to finish watching the movie four times, and of all four times I fell asleep. I would keep watching that movie with one intention... to beat my problem with insomnia, because all it do is to put me to sleep. Sweet dream.",negative
"quite good, don't expect anything high culture.......the acting is bad, the storyline fails, but it is still a fairly nice movie to watch. why? because it's dark, a little bit stupid, like unpredictable and just entertaining and fun to watch. do not expect anything, like i said, just see it for yourself and you know what i mean.<br /><br />it is a movie, without a plot or memorable acting, but there are enough scenes that will make you laugh, cry or at least make you feel compelled to watch it to the end...<br /><br />this is all i wanted to say....<br /><br />7 / 10",positive
"Before I talk about the ending of this film I will talk about the plot. Some dude named Gerald breaks his engagement to Kitty and runs off to Craven Castle in Scotland. After several months Kitty and her aunt venture off to Scottland. Arriving at Craven Castle Kitty finds that Gerald has aged and he has grown meaner. Gerald has certain rules for the castle(the rules have been the same for 200 years). Gerald does not want them to stay but, Kitty insist on staying by making excuses. One night her aunt catches a glimpse of the monster running across the hall. It scares her so much that she faints and (another excuse) they must stay longer. Kitty becomes more worried about Gerald after she tries to go in the maze but Gerald catches her and is even meaner to her. Kitty then sends for reinforcements, she calls their doctor who is actually their friend and his wide. Then to make things not look suspicious they invite a couple other friends(who don't really do anything). Blah,blah, blah Kitty and her aunt end up in the maze where the most suspense of the story is. They somehow get separated and they try to find each other. But the aunt stumbles upon the creature...here it is the moment we've all been waiting for, what is the creature lurking in the shadows?...it is a giant FROG!!! OMG what is better than that! After seeing the aunt the frog literally goes crazy and runs, oops I mean hops up the stairs to the top of the castle. The frog then leaps out an open window. We then go on a shot from the ground and see the frog gall towards us (oh yeah this movie was in 3-D). But you want to know what is funny is the frog that falls out the window is actually a toy because it is 1/10 the size of the frog before it takes the leap. It is then revealed that this was all evolutions fault, blah, blah and Kitty and Gerald get married. Then the last shot of this masterpiece is of the grave of the frog in the maze, the only place where he was ever really happy ;).",positive
"Having majored in Western History when I was a student in college seeing the views on World War II are quite discomforting and in a whole completely wrong. World War II was the most graphic and bloody affairs to ever occur in world history. While the Axis Powers conducted many crimes against humanity which is still the view today and the correct many people forget that not every German soldier was out to exterminate the Jewish population, not every Japanese soldier swung a samurai sword around and flew kamikaze missions, and not every Italian soldier was a Fascist. Most of these soldiers for the Axis powers were normal people like you and I caught in a terrible conflict and just happened to be fighting for a country they loved.<br /><br />The Battle of Stalingrad was arguably the most lethal battles in world history with over 1,500,000 casualties sustained over the course of the battle. The film Stalingrad follows a German platoon and its leader Lieutenant von Witzland as they are reassigned to the Eastern Front to battle the Soviets at Stalingrad. Von Witzland acts as sort of the main character with two other men, Rollo and Fritzi. They all are normal men and seem to be completely unaware to what is happening back in Germany and Poland.<br /><br />The film follows the course of the battle. The film is overall very bleak when it comes to its portrayal of combat and a soldiers life during the battle. We are shown numerous gruesome battles and intense violence outside of the battles (including a firing squad sequence). Overall the battles are the earliest examples that I know of that portray the loss of limbs and overall in your face death sequences and violence. Much of the inspiration for Saving Private Ryan's battle sequences seem to have come from this film.<br /><br />The film does not aim to make the German's completely innocent of everything in the film. Several of the higher ranking officers of the army are portrayed in the usual view most people are use to, evil. Most of the soldiers are just normal people who often speak of home. The film makes it clear quite quickly that not all Germans were responsible for what happened during the Holocaust, most of the country and army was entirely oblivious to the fact that genocide was taking place. The film makes it clear that the soldiers in the Germany Army was simply fighting for a cause they really didn't understand and most wished just to return home rather than freezing in negative degree temperatures in Russia.<br /><br />The film really shows how hellish war is, especially World War II. The battle scenes will shock you with its gritty realism and the story is quite easy to follow as you are simply following a platoon during the battle. As with most war films do not expect much happiness after seeing it. It will leave you in a bit of a depressed mood just from seeing the life most of the soldiers on the Eastern Front faced. Not recommended for children. <br /><br />4/5 stars",positive
"If you want to be cynical and pedantic you could point out that the opening where a RAF Lancaster bomber is mortally wounded on the 2nd of May 1945 is somewhat unlikely since German air defences were as lively as Adolph Hitler on that day but this isn't a movie that should be viewed by a cynical audience and I guess a character being killed in literally the last hours of the war adds to the poignancy . In fact you'd have to have survived the second world war to fully appreciate the intellect , beauty and soul of Powell and Pressburger's masterpiece . The scenes of heaven are painfully twee when viewed today ? Again you have to view the movie of the context when it was made . RAF bomber command lost 58,000 men during the war , the same number that America lost in 'Nam but during a shorter period and a far , far smaller pool of active combatants , there's no atheists in a fox hole and I doubt if you'd lost a relative during the conflict you'd view material atheism as being a sensible thing . When Richar Attenborough's young pilot looks down in awe at the sight below him many war heroes must have openly wept at this scene as they remembered much missed comrades who didn't survive the war . Also bare in mind that despite losing several million people from 1939-45 there seems to be very few people from Germany passing through the pearly gates . it's obvious Nazis don't go to heaven <br /><br />The plot itself where dashing young pilot Peter Carter arguing for his life in front of a celestial court wouldn't have had much appeal to me if it wasn't for the subtext , you see A MATTER OR LIFE AND DEATH is a highly political and visionary film that laments the end of the British empire as it's replaced by American ambitions . There's little things that show up the film as being made by people aware of American history and culture . One is the ethnic mix of America , even today many Britons think that the USA is overwhelmingly composed of White Anglo Saxon Protestants when in fact only 51% of Americans are "" White European "" . The film rightly contains a scene where a multitude of different races confess "" I am an American "" as Peter is judged by Abraham Farlan , an Anglophobe who was the first revolutionary killed by British forces in The American War Of Independence . As for the "" special relationship "" between Britain and America - What special relationship ? Powell and Pressburger know their history when it comes to Britain and America . They obviously know their future too <br /><br />So remember to watch this movie with some of your mind in the past and some of your mind in the present . It's strange , beautiful , poignant and clever but most of all it's a film that would never ever work if it were made in the last 40 years . Can you imagine if the story was set in 2003 and revolved around a British soldier killed in Iraq ?",positive
"In Frank Sinatra's first three films, he was purely a speciality act: ostensibly playing himself, he merely shows up to croon a song during a nightclub sequence in somebody else's movie. In his fourth film, the very enjoyable 'Higher and Higher', Young Blue Eyes transitions into an acting career by playing an actual role ... a task made easier because he's playing himself in a fictional story that gives him a chance to croon a few numbers.<br /><br />Sinatra's entrance is quite funny. Michele Morgan hears a knock at the door, and asks who's there. From outside, a Hoboken-toned voice answers 'Frank Sinatra'. Sure enough...<br /><br />The opening credits of 'Higher and Higher' may confuse some viewers, as the names of songwriters Rodgers and Hart are prominently displayed. In fact, they only contributed one song to this musical: 'Disgustingly Rich', which this cast manage to toss off as a sort of intro to an entirely different song, 'I'm a Debutante'. Interestingly, that Rodgers & Hart song -- one of their weakest -- is perhaps the least enjoyable song in this movie's score; several others are lively up-tempo numbers, notably 'It's a Most Important Affair', 'When It Comes to Love, You're On Your Own' and 'I Saw You First'.<br /><br />Sinatra's good in this movie, but he would do better work (and sing better material) elsewhere. The real merits of 'Higher and Higher' are the delightful turns by some performers who rarely made films. Paul and Grace Hartman were an extremely popular husband-wife dance team who starred in several Broadway revues: genuinely graceful ballroom dancers, they put plenty of physical comedy into their dance material. (Here, Grace does a high kick that knocks a shoe out of Paul's hands.) Grace Hartman, who died of cancer at age 48, did almost no film work, so it's a real pleasure that this film gives us a rare chance to see her close-up, to hear her beautiful singing voice and to notice how sexy she looks in her maid's uniform. After Grace Hartman's death, her husband had a long career as a character actor, just occasionally dancing solo. (Or alongside Ken Berry in one memorable episode of 'Mayberry RFD'.)<br /><br />Also quite attractive in a maid's uniform here in 'Higher and Higher' is the vivacious teenage singer Marcy McGuire. Why didn't this talented girl make more movies? Perhaps she was just a bit too similar in personality to Betty Hutton. I enjoy Hutton's performances but I like Marcy McGuire even better. Near the end of 'Higher and Higher' there's an amusing bit of physical business featuring McGuire and Mary Wickes as waitresses, taking it in turns to move from table to table in a nightclub. The alternating strides of short McGuire and tall gawky Wickes are hilarious! Regrettably, although Leon Errol plays a large role in 'Higher and Higher', he is given almost no comedy business: not once does he do his famous rubber-legged dance. Jack Haley, despite his prominent billing, is also wasted.<br /><br />Very well-represented here is Dooley Wilson, inevitably remembered as Sam from 'Casablanca'. In that film, Wilson did his own singing but faked his keyboard performance of 'As Time Goes By'. (In real life, Wilson couldn't play piano.) Here in 'Higher and Higher', he sings pleasingly and gives some amusing reactions to the other players. Less enjoyable is Mel Odious, I mean Mel Torme. Victor Borge gives a rare film performance here, handling his dialogue deftly but never doing any of the keyboard comedy which he later did successfully in his stage shows.<br /><br />The plot? Forget it. 'Higher and Higher' is nobody's idea of a 'great' musical, but it's an enjoyable delight, and I'll rate it 8 out of 10. Director Tim Whelan, who worked in Britain as well as in Hollywood, deserves to be much better known.",positive
"The movie starts out with a bunch of Dead Men Walking peeps sitting in individual cells, waiting for their inevitable meeting with death represented by the electrical chair.<br /><br /> Then our ""hero"", who is called Tenshu, is taken to the chair, he's zapped, and then....he's still ""Alive"". AHA ! He is given a choice by some creepy military guys who look really cool : Either we zap you until we've made sure you're actually dead OR you can walk through this door and take whatever destiny might lie ahead of you"". Our hero says yes to option 2, and then the actual story commences.<br /><br /> He wakes up in a different sort of cell (very high-tech and very big), where he finds another cell-mate, who also managed to survive the electric boogie-ride. A voice in the speakers tells them that they are free to do whatever they wish, as long as it happens within that room. Sounds a little suspicious, but the two men accept : What else can they do ?<br /><br /> What these two men do not know is that they have been set together, so they can awaken an inner urge to kill within them. Basically the unknown scientists in the background p**s them off until they decide that they should kill each other. Sounds weird ? Indeed, but there's a greater purpose to all of this. THIS is the part which should not be revealed, and so it shall remain unrevealed.<br /><br /> But fear not, it is the unknown that lures the viewer to watch more of this pseudo-action movie, fore it has an entirely different approach to the question : How long time can you stand being with a man who's an S.O.B. and would you kill him to obtain freedom ?<br /><br /> The first hour is basically trying to awaken your interest, it sneaks up without you actually knowing it. Then it becomes a roller coaster ride with WILD Matrix-like action fight-scenes with a touch of individuality to honor the comic book from which the movie is based upon.<br /><br /> The movie is indeed very special, so special that normal cinemas won't view it under normal circumstances. However, the story is fascinating, the music is fantastic, and the actors do their bit (some more than others) to make the movie truly unique.<br /><br /> If you should be so fortunate that your cinema or video store has it, watch it, and enjoy the fact that not everyone is trying to make mainstream movies to earn huge bunches of cash.<br /><br />",positive
"Originally aired as an ABC Movie of the Week. This involves two young innocent female college students who are railroaded into a prison camp in a little Southern town. They aren't allowed phone calls and nobody knows they're there. What follows is rape, torture, beatings, humiliation and degradation leading to a very disturbing conclusion.<br /><br />The TV version was (for its time) grim. No nudity and the beatings were pretty tame but the overall feeling of sleaziness wore one down. The unrated version is even worse--there's plentiful nudity, the violence is extreme and, in one particularly disgusting sequence, we see a crying female prisoner forced to strip while a lesbian guard ""uses"" her. YUCK! There's nothing wrong with exploitation films but this one just goes over the brink. You get the feeling that the filmmakers enjoy having these poor women being tortured and degraded--all this is shoved in your face like you're supposed to enjoy it. The needlessly downbeat ending doesn't help.<br /><br />I'm giving it a 3 because the acting is good--but that actually makes the movie harder to watch. A sick, sleazy film. Not recommended.",negative
"Not exactly a new story line, but this romantic comedy makes the concept work. A young man(John Cusack) and a drop dead gorgeous woman(Kate Beckinsale)keep meeting by chance and wonder if they are meant for each other. Although both are promised to others...oddly enough they still feel that their soul mate is out there somewhere. A little sappy in some places, but viva la love. Being a romantic I am almost obligated to be riveted. My favorite scene is where Cusack is on the ground and snow starts falling. The finale is almost too sweet, but most deserving. This is not one of Cusack's deeper roles, but who in the hell could not be smitten by Beckinsale. Notable support is provided by Jeremy Piven and Molly Shannon. John Corbett plays the worst role I've ever seen him in. On the other hand Eugene Levy is quirky and funny. Watch this with your soul mate.",negative
"Ann-Margret did the best job she has ever done in her history of film making. I felt as if she WAS Mrs. Frey. There might be one or two films of Ann-Margret's I have not seen since her film debut in ""Pocket full of Miracles"" with Betty Davis in 1961. I feel she has been totally under-rated in the industry. Though she was nominated for an Emmy Award for this role in ""Who Will Love My Children,"" she was overlooked. Like she was nominated for an Academy Award for her roles in ""Carnal Knowledge"" and ""Tommy,"" she was snubbed. Over all, I think everyone did a superb acting job including all the children in ""Who Will Love My Children."" Yes, it is a sad movie (as true stories can be), but well worth the time. Thank you.",positive
"Wealthy widower Anthony Steffen (as Alan Cunningham) is a sadomasochistic lover, and British Lord. He brings sexy red-haired women to his castle, where he whips and murders them. Black-booted stripper Erika Blanc (as Susie) gets away, temporarily. Mr. Steffen is haunted by wife ""Evelyn"", who died in childbirth. As therapy, he decides to marry again, after meeting pretty blonde Marina Malfatti (as Gladys). By the end of the movie, they will have had to dig a few more graves. ""The Night Evelyn Came Out of the Grave"" is great title, at least.<br /><br />** La notte che Evelyn uscì dalla tomba (1971) Emilio Miraglia ~ Anthony Steffen, Marina Malfatti, Erika Blanc",negative
"I don't expect a lot from ghost stories, but I do expect a story to make a bit of sense! Is that asking too much from the screenwriters and filmmakers? When the bad guy, all of the sudden, becomes a homicidal maniac solely because a bunch of crows start pecking him, then I have a problem spending $9.00 for a ticket! Alfred Hitchcock would be spinning in his grave. Didn't anyone learn anything in their college Film 101 class? A good movie has at its roots an INTERESTING story!<br /><br />Here are some of the ridiculous messages in this movie: If you have desperate financial problems move from Chicago to the middle of no-where in North Dakota to grow Sunflowers (I kid you not!). If your toddler has serious neurological problems from a car accident move away from some of the best hospitals and speech therapists in the country to an isolated small town, which, at best, has a community hospital. Hire a drifter to live & work with you, out of the blue, without checking any references, when you have a teenage vixen daughter, a wife and toddler. ( I'm glad they're not my parents!) <br /><br />A town where everyone knows everything would have no problem missing a triple homicide, just outside of town. And, of course, blame the man's lunacy on a bad crop of Sunflowers! (Doesn't anything else grow in North Dakota?) A couple of days after you buy your rundown house - with huge vines growing everywhere - that it reminds you of Jack and the Beanstalk, a guy from the X-Files, ala Smoking Man, (I'm glad to see the cigarettes didn't get him, I guess he doesn't inhale!) will just suddenly sneak up on you while you're working to offer you the sale price of your home, plus 15% more, for absolutely no reason!<br /><br />I think you get the picture. I have seen so many godforsaken awful movies in the past month, it just blows my mind! Is it that difficult to make a movie that doesn't treat the audience like an idiot? I'm glad at least the crows in this sorry film turned out to have the some brains! I wish I could say the same for whomever thinks they are going to make money off this celluloid piece of trash!",negative
"Okay, I am a fan of the Nightmare series and everyone says on here that this is the worst! But it's NOT!!! Haven't's you seen Freddy's Revenge??? WTF! That was the worst of all!!! Now this movie is pretty decent and it sticks to the Freddy story and it's cool that he had a daughter etc. etc.<br /><br />And then I found out it was in 3-D!!! I was so excited, I remember when I saw it on the DVD box set I instantly skipped to the 3-D sequences. Quite a lot was in 3-D though like Lisa Zanes hand, Dream Demons, Freddy's Claw (more than once), Lezlie Dean holding a knife, Lisa Zane with a Baseball Bat, Doc's hand, Freddy's head exploding.<br /><br />I truly loved this movie because it was in 3-D, but I wish the whole movie was in 3-D not just the last 15 minutes.<br /><br />By the Way it's 15 minutes NOT TEN!!!!!!!!!!!!!!!!",positive
"Co-directed by and starring Rutger Hauer, this film short was based on a short story by Dutch writer Harry Murlisch.<br /><br />In the 10 minutes of the film's length you will get to see a life-time as 'Harry' unravels his long-time fascination with a room he passes constantly in his youth. Returning to the city many years later he finds he has rented the same room.<br /><br />Using black and white film the textures are accentuated in this delicate telling of a tale. The voice of 'Harry' drawing you into his world.<br /><br />A subtle, tight performance from Rutger Hauer and 2 non-speaking characters. Wonderful soundtrack by Dutch musician Dyzack.<br /><br />At the moment difficult to see this movie as it is only available on DVD region 2 ""L'infidele"" (Liv Ullman) as a bonus track. But is due to be on the re-released DVD of ""The Hitcher"" - another tight, but very different performance from Hauer!<br /><br />See this film if you can!",positive
"While I was watching this movie I never thought I'd be defending it. It's honest enough from the begininning about not having much of a plot. There's no real characters to latch onto except the killer. Some of the acting can be better, but most of it is capable.<br /><br />I know, a three out of ten isn't stellar, but there are reviews saying it was shot poorly and completely useless, etc. I think it set out to do what it's supposed to fairly well. The lighting is minimal at times, more natural than most audiences are used to, but it's supposed top look like a camcorder snuff film. In fact, at times the quality is probably still too high to be true to that, but nobody would make it through tne minutes of camera work that's truly that bad.<br /><br />It's not particularly scary, but it is disturbing at times. There are one or two characters who don't come across as believable at all and the soundtrack does get tiring at times, but overall it was put together cleaner than a lot of camcorder movies.",negative
"Guys and Dolls is a unique play based on the characters. Sky Masterson<br /><br />(Marlon Brando) is a high-class gambler who takes up a bet with Nathan Detroit (Frank Sinatra) for one-thousand dollars. Nathan needs the money so he can<br /><br />run his usual crap game and make a fortune. The bet was that Sky wouldn't be able to take just any girl to Havana, Cuba and the ""doll"" he chose was Sarah<br /><br />Brown (Jean Simmons) who was in charge of a missionary. Sky finally bribes<br /><br />Sarah enough to go to Havana with him. They end up falling in love with each other, but later she accuses him of something he had no part in. Nathan ran a crap game in the missionary the night they were gone. Nathan's 14 year fiancé Adelaide (Vivian Blaine) disapproves of Nathan's gambling and tries to stop him from doing it. However, when the movie ends it all ends happy with a double<br /><br />wedding.<br /><br />The songs in this movie are just wonderful no matter who sings it. Marlon<br /><br />Brando has no singing voice at all and true they could have dubbed him but it didn't really matter. He did a wonderful acting job (obviously seeing as it's Brando) and played his character very well. I have seen a few movies with Jean Simmons and thought that this movie was her weakest one, she also couldn't<br /><br />sing at all. However, the singing is made up by Frank Sinatra, Vivien Blaine, and Stubby Kaye. Vivien Blaine and Stubby Kaye was also in the original<br /><br />Broadway production of Guys and Dolls. Vivien Blaine had a terrific voice and was the perfect Adelaide. If you like musical, and even if you don't, i advise you to watch this.",positive
"Another brilliant portrayal by Kiefer Sutherland who plays Mickey Hayden, a cop dealing with psychic visions of murdered victims. I absolutely love movies dealing with the psychic realm, and I wasn't disappointed with ""Eye of the Killer"" (AKA After Alice). I only wish the movie had been released theatrical first.",positive
"Wonderful family film that should be a staple at Christmas time. It's a mystery to me why it isn't. A true lost film that I first encountered, flickering away on my old 19"" black and white RCA, when the Million Dollar Movie was still in vogue on Channel 9 in New York City. This Rudolph Mate directed fantasy should be nestled under everyone's Christmas tree. But it has never been released on home video. Too bad. I believe I saw part of it on AMC a few years ago, before they cut many of their older films from the rotation. TCM should take up the slack and play it at Easter or on Christmas Eve. Any movie with Santa, Aunt Bee, the Hostess Cupcake Lady, and an actor with the first name King, can't be bad. Ann Blyth as ""Sally"" is a bundle of energy. During her school years, she rushes over to the chapel to pray for St. Ann to help and give guidance to her mixed-up and financially strapped family. It works. So, after she graduates, she places a statue of St. Ann in her own bedroom. At one point the entire O'Moyne residence is moved to another address. I think this was done to put an end to a neighbor dispute between the O'Moynes and the dastardly fellow next door. Blyth is cute as a button. Edmund Gwen can play the reclusive grandfather in his sleep. All-in-all, this is a satisfying movie experience.",positive
"I gave this more than a 1 because I did think there were some moral lessons in this story and it provoked some thought and comment from my wife and I. The acting and the dialogue were mediocre and I must confess I came out feeling like I had been beaten over the head with the God this , God that and Christ is our saviour stuff. The movie and the story line did not need it. If , as I am , you are a recovering Catholic or Christian avoid this one it will make you nauseous. The movie did a good job of demonstrating the thin line between being a good citizen and how someone could become a potential stalker focused on what might have been.",negative
"Men, do I love police movies filled with action, shooting, chases etcetera.<br /><br />Boy, was I let down after watching this short and unsatisfying movie. We've seen it all before, the hostages, the bank, the surrounding... Yet, 2 bad guys that shoot down multiple officers and innocent people who simply stay in the line of fire - without getting hit due to some Kevlar.<br /><br />Not just a few shots, no, hundreds of shots. Going back into the bank, where the dumb hostages didn't lock the safe or doors when the bad guys went out. How stupid did the director think we'd be.<br /><br />Okay, the shots in between that fake a documentary were good, but after seeing the film I only got the thought: why didn't the police get a decent shooting course? And why where there so many cops and was SWAT on a real long break. Truly bad.",negative
"Currently playing at the 2007 German Film Festival in Australia http://www.goethe.de/ins/au/lp/prj/ff07/enindex.htm thanks to Peanutqueen and especially AriesGemini for her rundown on the actors in this ensemble cast.<br /><br />In Australia these movies were sub-titled in English and while French movies here often get a mainstream release, German movies are still to gather that sort of commercial audience. But like BMWs and Mercedes when Germans get it right I really like their films. Like PQ the time here went so quickly, lots of laughs from the audience as each of the 9 men and 9 women moved down the speed dating line 5 minutes at a time.<br /><br />While many films are overlong this one I could have watched much more of. It had the sort of characters and character development for a series. Given time I will re-read AriesGemini100 review and reference the actors I liked and their other work with a view to keeping an eye out from them. I agree....most of these actors will go onto bigger and better things. Some very good character actors in this fine film. I did see it in the program listed as a mockumentary. Mock or otherwise it felt very real. And quite romantic in it's way.<br /><br />Viva la Deutcsh!",positive
"If the only sex you've ever had is with a farm animal, then the tag line for this movie is probably still misleading.<br /><br />This is by far one of the most boring movies I've had the pleasure to try and watch lately. I found the DVD lying around at my friend's house, and I made the sad mistake of not burning it.<br /><br />I am unable to tell any details without spoiling the movie because there are only about 5 details to this movie. Just try to imagine someone making a movie about things on c-span only the fictional movie is 10 times less interesting than the most boring debate on c-span.<br /><br />I think there is a conspiracy somewhere in this movie, but I was unable to tell exactly what it was after I gouched my eyeballs out and threw them at Richard Gere.",negative
"I'm not really sure how to even begin to describe how bad this movie is. I like bad films, as they are often the most entertaining. I love bad special effects, bad acting, bad music, and inept direction. With the exception of the music (which was better than I had expected), this movie had all of those qualities. <br /><br />The special effects were amazingly bad. The worst I've seen since my Nintendo 64. Some scenes to watch for include the Thunderchild, the woman being crushed by the mechanical foot, the Big Ben scene, the train wreck... Wow, there are so many bad effects! On the plus side, though, SOME scenes of the alien walkers are well done.<br /><br />The acting was about as bad as it could possibly have been, having been based directly on H.G. Wells' book. For having such good source material, it's almost as though the actors were trying to be so over-the-top as to make it funny. And then there's the mustache... the single most distracting piece of facial hair I've seen in a long time. Of course, only half the movie contains acting. The rest is characters walking around aimlessly and poorly rendered effects shots.<br /><br />To say that Timothy Hines is an inept director would be an injustice to inept directors. With the use of different colored filters between shots for no particular reason, the use of poorly rendered backgrounds for even inside scenes, the bad green screening, it's amazing to me how this man ever got approval to direct a movie. I wouldn't imagine it would be possible to turn a brilliant book into this bad a movie. Bravo, Mr. Hines. Bravo. <br /><br />My advice to anyone who plans to see this movie is to do what I did: have some friends who enjoy bad movies over, drink, play poker while watching it, keep drinking, and maybe you'll make it all the way through. It does make for an excellent bad movie, so have fun and laugh yourself silly with this disaster.",negative
"Just as Tom Berenger put you into the soul of Sgt. Barnes, he has done it again with Thomas Beckett. If I thought his world was folding in on him in the first scenes, it was nothing compared to how much more I felt during the last scenes. Great movie, even for a girl.",positive
"***Might not consider this having a spoiler, but I'd rather be cautious than careless*** I never saw this movie when I was little. I fell in love with it the first time I saw it with my three year old daughter. I can watch it over and over again.<br /><br />For the little acting Ilene Woods did in her lifetime, she was a wonderful voice for Cinderella; very appealing; very believable. The music really fit the movie perfectly. The acting was great; loved the mice!! You really ""hated"" Lady Tremain and the step-sisters; they were just awful. The cartoonists depicted the spoiled behavior very well.<br /><br />This is a wonderful movie, especially if you are into love stories. My daughter has seen the movie about 25 times and still gets excited at the end.",positive
"This is definitely one of the weaker of the series of Carry On films. It lacks the usual fun and sparkle and even the cast seem embarrassed by the poor dialogue. By the time this came out, the series was in terminal decline and boy does it show! If you're coming fresh to this series, avoid this one till near the end.",negative
"I don't understand the low 5.7 rating on this film. It's a delight for people who like a strong suspense plot and dark atmospherics. The tone is reminiscent of Midnight in the Garden of Good and Evil, down to the locale (Savannah). The acting is strong, and I was amazed at the verisimilitude of Kenneth Branagh's southern accent. Famke Jansen is great, Robert Duval is effective in a small part, and Embeth Davitz is the BOMB. Great full nude scene of her,too.<br /><br />The plot is fairly standard but effectively executed.",positive
"While thinking of ""The Great Escape"" I allowed my mind to wander back to this little gem of a movie from my childhood. I had read and re-read the autobiographical novel from 1949 which inspired it, and when it came to the only cinema (we never used that word then , actually) in town that showed ""foreign"" films, I was first in line to buy my ticket.<br /><br />As someone brought up on wartime newsreels and propaganda films during WWII, I had an avid interest in exploring the realities of that conflict as reflected in the memoirs and stories of men who were there in person. That extended later to a keen willingness over the years to buy any book on the subject, and eventually to read the equally compelling novels of Hans Helmut Kirst and Erich Maria Remarque, which provided an even deeper sensibility. The movie versions, however, were unlike this one in that they rarely delivered the goods.<br /><br />The medium of black-and-white film has never been served so well as it was in those years. I have never seen any technicolor version of war that seems as authentic as do the deep chiaroscuros of films like ""The Wooden Horse."" If it is true that we are destined always to be captive to the images of our childhood, then I confess it freely.<br /><br />And there will never be another the likes of Leo Genn as the emblematic British war hero on film. Not even Sir Alec.",positive
"The Shining, you know what's weird about this movie? This is the movie that everyone, for people who claim to not like horror films, will always say that The Shining is a terrific film. This is Stanley Kubrick's classic vision of Stephen King's horror tale of madness and blood. This is just an incredible film and wither you have seen it or not, you have heard of it, know a few lines from it, and know some of the classic images. Who could forget Jack's ""Here's Johnny!""? Who could forget ""All Work and No Play Make Jack a Dull Boy""? Who could forget that chilling ending? This is the film that is unforgettable and honestly in my opinion is Kubrick's best work. I know there is a lot of argument in that department, a lot of people say it's 2001: A Space Odyssey or Clockwork Orange or even Dr. Strangelove, but if those film pioneered film making, then The Shining perfected it. This is the tale of isolation, madness, terrifying images, and the ultimate ghost story that will crawl underneath your skin. <br /><br />Jack Torrance, Jack's son Danny, and Jack's wife, Wendy arrive at the Overlook Hotel on closing day. The elderly African-American chef, Dick Hallorann, surprises Danny by speaking to him telepathically and offering him some ice cream. He explains to Danny that he and his grandmother shared the gift; they called the communication ""shining."" Danny asks if there is anything to be afraid of in the hotel, particularly Room 237. Dick tells Danny that the hotel has a certain ""shine"" to it and many memories, not all of them good, and advises him to stay out of room 237 under all circumstances. Danny's curiosity about Room 237 finally gets the better of him when he sees the room has been opened. Danny shows up injured and visibly traumatized after Jack tells Wendy that he loves his family. Seeing this, Wendy thinks Jack has been abusing Danny. Jack wanders into the hotel's Gold Room where he meets a ghostly bartender named Lloyd. Danny starts calling out the word ""redrum"" frantically, and scribbling it on walls. He goes into a trance, and withdraws; he now says that he is Tony, his own ""imaginary friend."" Jack sabotages the hotel radio, cutting off communication from the outside world, but Hallorann has received Danny's telepathic cry for help and is on his way. Wendy discovers that Jack has been typing endless pages of manuscript repeating ""All work and no play makes Jack a dull boy"" formatted in various ways. Horrified, Jack threatens her and she knocks him unconscious with a baseball bat, locking him in a storage locker in the kitchen. Jack converses with Grady through the door of the locker, which then unlocks releasing him. Danny has written ""REDRUM"" in lipstick on the door of Wendy's bedroom. When she looks in the mirror, she sees that it is ""Murder"" spelled backwards. Jack picks up an axe and begins to chop through the door leading to his family's living quarters. ""Here's Johnny!"", and Jack's legendary image is born.<br /><br />The Shining is one of those films that you seriously have to make time to see, this is an incredible film and still gives me nightmares. Jack Nicholson's performance is timeless and unforgettable. But one I also feel is extremely overlooked is Shelley Duvall, her scene of finding Jack's rant All Work is incredible, that's a look of horror and you can see that fear in her face after realizing her husband is mad. Also another incredible scene is when Jack sees a ghost woman in the bathtub, it's honestly one of the most terrifying scenes in horror cinema. The reason this film is so well known is because it's a film of perfection, it's been on The Simpsons, it's been shown in other films and it's a film that will forever stay with you when you see it, trust me.<br /><br />10/10",positive
"Another attempt by modern Japanese directors to redefine the chambara genre. Successful, and not, in varying degrees.<br /><br />Buddhist monk has a vision that he is to slay a legendary (and very active) demon at the Gojoe bridge in order to attain enlightenment. While not at the forefront, Buddhist thought is at the heart of this movie, much like Kurosawa's ""Ran"". It probably what made the movie the most interesting to me although it's nowheres near ""Ran's"" league. <br /><br />Stylish visual direction and excellent photography keep the movie mostly interesting throughout the two hour and eighteen minute length. The lead actors are uniformly excellent. The music is really good. The two weaknesses are the story and the fight scenes. The movie drags in the middle which could have been fixed by some prudent editing. And the fight scenes are mostly filmed in blurry close-ups. This works for most of the film but the finale feels like a cheat. Another recent film like this is Tsui Hark's ""Seven Swords"", great film but the promised fight scenes are disappointing. Asano really doesn't move like a sword wielding demon, his acting is great but he would be an extra in a traditional chambara fight scene.<br /><br />Good movie, you'll probably find it interesting just don't expect traditional sword fights.",positive
I saw this movie with very low expectations. I didn't know a lot about it so I wasn't sure if it was going to be worth it.<br /><br />The story did an OK job of getting you curious about these ruins they travel to. The suspense continues when the Mayans show up and force them to stay at the ruins.<br /><br />Then the movie turns from somewhat suspenseful to pointless. The amount of gore found in this movie did not balance out compared to whether it was truly necessary or used more for shock value.<br /><br />The fact that they didn't make any attempt to fight the vines from hell. They had fire and didn't try to burn it nor did they try to cut it with a knife to see if they could destroy it or not. They quickly jumped into a victim role and their helpless attitude was not real. It reminded me of the old horror movies where the people just scream and yell and don't have half a brain to try to fight back.,negative
"Why bother to see this movie? It probably rates an award for being the worst career move of a major movie star since Clark Gable's laughable playing of an Irish patriot in Parnell.<br /><br />It's inconceivable that Bergman would choose both this movie and its director over a lucrative Hollywood career where she could choose among the finest scripts and directors being offered at that time. To begin with, there was no script to work with except a few notes. Then we are supposed to believe the polished Bergman as a poor refugee willing to do anything to be released from a refugee camp, including marriage to a poor Italian fisherman she doesn't even love. I read where Anna Magnani was the original choice for this part. If so, that made a lot more sense than to cast the luminous Bergman in such a proletarian part. But since she was in love with her director, common sense flew out the window.<br /><br />So she goes to live in this poor village where the men must toil to extract a meager living from the sea. A place she obviously hates to be and where she doesn't fit in.<br /><br />Her only friend is the village priest who knows she's not suited to the life of a poor fisherman's bride, but tells her that for the sake of love she must repress her true feelings of revulsion, and accept the poverty and despair she encounters each day. On top of all of this, there's this volcano always on the brink of erupting and drowning them all in hot lava. But like a true heroine, Bergman revolts against her misery by declaring war on just about everyone else in this dreary film. She even goes as far as trying to seduce the village priest, in a scene that would generate laughter if it were not so pathetic. Since her poor slob of a husband must lock her in a room to keep her from running away, she's forced to use her body to bribe a married man to take her off the island. To her, no sacrifice is too great; no man unapproachable if he is willing to help her to escape the island and her misery. I won't bother to tell you how this all ends. The no-script movie ending is as plausible as the rest of STROMBOLI. I even remember (from seeing it on late night TV) that it had two different endings! So be warned if you should feel brave enough to sit through this king-size turkey and catch the miscast Bergman. It led to her downfall in Hollywood for the next seven years and she was condemned for sleeping with her director while still married to Peter Lindstrom. None of the movies she made with this director(whom she later married) are noteworthy except as proof of a career gone berserk. I kid you not. It's pretty embarrassing.<br /><br />- - SoundTrack",negative
"My 15 year old daughter asked me to watch this movie with her on Cable TV. As someone who saw Revenge of The Nerds in a movie theater, I found this movie to be an extremely predictable remake of it. The Nerds were simply replaced by Dorks. I drove her crazy by being able to predict precisely what would happen in each scene. The cast was cute, especially Amanda Bynes.<br /><br />Screenwriter Chad Creasey should be ashamed for writing such an obvious remake of an early 1980's flick. The title should have simply been ""Revenge of The Dorks."" Perhaps the sequel will be Revenge of the Dorks 2.",negative
"I wasn't really hoping for much when I went to see this. After Mst3king the heck out of JasonX with some friends though, I was hoping for a similar experience here.<br /><br />Unfortunately the movie took itself way too seriously. Do I care about Jason's problems? I'm sorry no. There are a legion Ft13th movies that cover that anyway. At at then end of the day, he's an undead serial killer, I'm just not going to get that sympathetic.<br /><br />Freddy was by far the most interesting aspect of the movie with the hallucinations and what not, but unfortunately they were few and far between and by the end of the movie, it had degenerated into a bad episode of celebrity deathmatch...only not funny.<br /><br />",negative
"If you decide to watch Wild Rebels, don't expect anything deep and meaningful. If you're looking for a film that explores the relationships and structure of a motorcycle gang, Wild Rebels is the wrong movie. If you're looking for an expose on the breakdown of the American educational system and the problem of juvenile delinquency, Wild Rebels is the wrong movie. If you're looking for a movie that examines how undermanned rural police departments are when facing a well-financed, well-organized gang, Wild Rebels is the wrong movie. But if you're looking for an absurd movie filled with scene after scene of unintentional humor, horrendous acting, a paper-thin plot, and community theater style production values, Wild Rebels is the right movie.<br /><br />Wild Rebels is the story of a down-on-his-luck stock-car driver named Rod Tillman (Steve Alaimo). After a fiery crash (which Rod walks away from completely unscathed despite having only a cotton pants and a London Fog style jacket for protection), Rod decides to give it up. With no plan for his future other than to wander aimless through the back-roads of the South, he stumbles on the Satan's Angels motorcycle gang (a gang being three of the stupidest guys to ever zip up a leather jacket and a woman they seem to share). This group of hoodlums spends their time terrorizing a rural town in Florida by committing such atrocities as stealing a newspaper from a neighbor's mailbox. These bumbling idiots need someone to act as their driver during some larger crimes they have planned. Apparently, these three Einsteins can only drive vehicles with two tires, not four. So they recruit Rod to perform feats of daring that only an experienced stunt driver would be capable of like keeping the car in the middle of a gravel road during a low-speed chase. Eventually, they hold-up a bank, get into the aforementioned low-speed chase, and have the lamest gun battle with the police ever put on film. I could go on forever, but you get the idea.<br /><br />I hate the term ""so bad it's good"", but that seems to aptly describe Wild Rebels.",negative
"There wasn't a 0 in the voting option so i was compelled to use the next available figure.<br /><br />It is a sad day for bollywood when such type of movies which have star-cast actors is nothing more are than a bunch of juvenile acting, and an awful script.<br /><br />This movie is nowhere near to be called a clone of Hitch. Salman khan with his usual take-off-you-shirt theme and Govinda with his in-humorous laughs. If somebody had told 2 decades ago that I would be writing a comment on Salman (after his success with Maine Pyar Kiya), I would have written him/her off.",negative
"Went looking for this movie after i read Tom Clancy's ""Red Storm Rising"" novel. Timeless masterpiece about 13th century Russians being invaded by the Germans. Movie was made in 1938, under orders from Joseph Stalin to warn Soviets about Hitler and Germany. Battle scenes are wonderfully done, showing that you don't need computer animation to make a great fight scene. Probably Sergei Eisenstein's greatest work. Also see 'Battleship Potemkin'. Any history buff or poli-sci major should watch this movie. 10 out of 10.",positive
"This movie was the worst movie I have seen since ""Date Movie."" I was laughing through out the whole movie instead of being scared. It was funny how the snakes would search for particular section of the passengers body to attack for example, the eye, the tongue, the butt, the breast. If we have seen national geographic channel we know snakes wont stay clinched on the body once they bite. For each particular scene the snakes would bite the passengers and would stay on the body biting the person. I believe the producer did not study his information on snakes and their behavior. I cant believe I wasted my money on this movie.So I don't recommend this movie trust just wait until it is at the dollar theatre or rent it.",negative
"I'll make this brief. This was a joy to watch. It may or may not have been more effective if the characters had resembled their real life counterparts, but aside from this minor observation I found the fantasy animal characters to be most enjoyable. The visuals were most stunning except for the second-rate CG scenes, which could have been left out. I dislike computer generated animation anyways, it defeats the purpose of a biopic such as this one. Watch it, you will appreciate it too!",positive
"I see that C. Thomas Howell has appeared in many movies since his heyday in the 80s as an accomplished young actor.<br /><br />I bought this DVD because it was cheap and in part for the internet-related plot and to see how much older C. Thomas Howell is; I do not recall seeing him in any movies since the 1980s.<br /><br />In just a few words: what a very big disappointment. I give some low budget movies a chance, but this one started out lame. Within the first 15 minutes of the movie, this elusive woman is chatting with an Asian guy in a chatroom. They basically stimulate themselves to their own chat, she then insists on meeting the participant in person. She meets him, has sex, ties him up and then murders him in cold blood. The plot then deteriorates further.<br /><br />The plot is thin and flimsy and the acting is very stiff. Do not bother renting it much less purchasing it, even if it is in the $1 DVD bin. I plan to take my copy of the DVD to Goodwill. I am truly amazed that any of the prior reviewers here gave this movie a bad rating.",negative
"With this movie I was really hoping that the idea was to make up for the hashed together ineptitude of the first AVP, and yet to my horror: Requiem is far worse than I could have imagined.<br /><br />My hopes were up in the opening moments of the film inside the Predator ship, and I almost breathed a sigh of relief when we finally saw the Predator home world (a throwaway digital matte painting, but still nice to finally see it) and then of course, the humans (if such poorly written characters can be referred to as such) are introduced...<br /><br />One must wonder why it seems to be impossible for Fox to make a good film out of Aliens and Predators. At the very least the supposed filmmakers could have done their homework.<br /><br />Characters are set up in the same manner in which we would expect from the worst Friday the 13th Sequel. The pizza delivery scene was cringe inducing as was every other scene of character interaction that followed it. Bimbos and teen non actors do not make for a REAL film, they make for a cheap flick, and Alien 1-3 and the Predator movies were good because they were produced above the concept (remember that the 1st Alien is a ""B"" movie done as an ""A"" movie) The Strause brothers really missed an opportunity, that could have been rectified by simply knowing their Alien+Predator roots: In both the Alien and Predator films we are introduced to characters that are part of a larger group (Alien: Refinery workers, Aliens: Marines, Alien 3: Convicts and in the Predator films we generally follow a main hero part of a unit; Predator, Arnold--Special forces, Predator 2: Danny Glover, Police) and it's easy to see where the filmmakers of both franchises started to go wrong: in Alien Ressurrection we have pirates...or something, AVP we have...explorers?...with guns?? and of course in AVP-R we have teen slasher clichés. What is there to identify with here? In concept the idea of a convict returning to a small town and a war vet returning seemed a set up for a First Blood type of action hero, but like many things it was never paid off.<br /><br />The Film-making is equally devoid of rhyme of reason. There is no sense of forward momentum to the action, just small sequences that build the most minuscule levels of tension or interest only to cut away just when they're getting interesting...taking the audience out of the movie at every turn. The action scenes themselves, though much ballyhooed in the trailers, are so darkly lit, it is literally impossible to tell what is going on during the fight scenes when they finally occur. Basically, the movie is hindered from many levels. Bad actors combined with poor direction and an atrocious screenplay (which as a screenwriter myself I noticed, seemed to hit every wrong note and cliché that only the most untalented writer devoid of ideas could have hashed together) The WRITING, if it can be called that, is not even direct to video quality, nor does it demonstrate a shred of respect for the established lore of the previous entries in the series. Why does the Predalien all the sudden have the ability to shoot alien embryos down a pregnant woman's throat to use her as an incubator for chestbursters? More than likely because the brain dead screenwriter needed a way to have more aliens for the predator to fight (and given the accelerated growth time even more so than the first AVP: as quickly as possible. Why must meaningless small talk between cardboard cutouts on sticks (meaning the supposed characters)substitute for real character development? (Remember a character is defined by what they DO, not SAY). Why is the Sheriff leading civilians to a cache of guns? (isn't he an officer of the law?) How does the bimbo of all people know where they are? Why does the Predalien wait for the Predator to VERY SLOWLY remove his mask before it attacks? Why are the aliens still falling into that nasty series-post-Alien 3 habit of hissing all the time to let their prey know to run? How on Earth did this series devolve to a character saying ""People are dying...we need guns!"" (how this writer even works is beyond me, and reflects badly on Fox's already destroyed artistic reputation. It's like everyone involved in the making of this film suffered from a mental impairment or really are that inept at every level of the film-making process. <br /><br />The EFFECTS are pretty lousy this time around. The Aliens look like men in suits and ADI is just getting lazy with their creature design. The Aliens look like modified leftovers from Alien Resurrection, with that same bulky musculature around the arms as if they did not learn from that movie that it was not a good design, nor a good one to recycle. Again, everything is shrouded in such a state of darkness not to create mystery or atmosphere, but simply to hide how bad the creatures look. And just like in AVP, Stan Winston is sorely missed when the fake looking Predator face is revealed.<br /><br />There are too many faults to list so I will just say this: Do not waste your money on this movie. Fox is beyond caring about the fans, as this cheap and trashy film is clearly evidence of. I felt bad having taken my girlfriend to see it (though it was free) and apologized to her profusely after. This is one die-hard fan who is done with the franchise.<br /><br />Note to Fox: What we really wanted wasn't a mindless slasher flick, it was a film adaptation of the original Darkhorse Comicbook, which was better than anything you've produced for this franchise post 1993.<br /><br />Signing off.",negative
"Emma is a horribly flawed film based on Jane Austens classic novel. I have not read the book so I really didn't know that much about the plot, and yet I still predicted nearly the entire plot. There were also many scenes that frustrated me because of the bad writing or directing. The film is though for some reason very entertaining and I loved it. Of course there were all the scenes I disliked but the majority was well acted and funny. Gwyneth Paltrow gives one of her best performances as the heroine in Emma. The film also stars Toni Collette(Who has okay but has been much better) Ewan Mecgreger(Who has also been better but he is still very good here) Alan Cumming(Who I have never really been impressed with and is pretty much the same here) and Jeremy Northam(Who's performance is rather wooden at first look but actually fairly subtle, even if that was not what it needed) There have been much better adaptations of Jane Austen books but this one is still very entertaining and worth watching.",positive
"I had completely forgotten about ""Midnight Madness"" until just now when I found it while surfing the IMDB. Now, it's all coming back to me....<br /><br />It was one of Naughton's first movies (as well as Fox's) and sharp-eyed connoisseurs will also pick out Kaplan (Henry from TV's ""Alice""), Fiedler (he does the voice of Piglet in the ""Winnie the Pooh"" cartoons) and Blocker (son of Dan ""Hoss"" Blocker from TV's ""Bonanza"").<br /><br />But the two that stand out in my mind are Furst (from ""Animal House"") and the superdude himself - Eddie Deezen. Furst plays a baddie this time out and has one of the best scenes when he asks his dad, ""Why can't you just accept me for who I am?"" His dad looks over his obese, slovenly frame and gives a simple, one-word response - ""Yuck!""<br /><br />And Deezen... well, he's a show in himself. As a latter-day Jerry Lewis he stumbles around, wades through mini-golf ponds, puts melon halves on his ears and ends up having Maggie Roswell fall for him. My hero.<br /><br />As for the film, it's typical early-'80s stupidity with college kids staying up after curfew and going on a city-wide scavenger hunt to prove which division of students is the best on campus: the jocks, the nerds, the rich kids, the feminists or the group made up of a little of each. <br /><br />Who wins? Who cares, you'll have a lot of fun watching Disney Pictures' first foray into PG territory before creating Touchstone Pictures.<br /><br />Seven stars. Catch ""Midnight Madness"" any way you can!<br /><br />Long live Leon!",positive
"My God, what an incredible movie it is! Reminded me so much of the similar scene in Mel Gibson's movie ""We were Soldiers"" when ""the Company is not lost, they're just cut off"" And the other scene in Pearl Harbour when the British officer says to Ben Affleck ""If all Americans are like you, then God help the nation that goes to war with America!<br /><br />Put all 3 movies together and you would have enough BULLSHIT to fertilise the entire Sahara Desert.<br /><br />The story of the cut-off Battalion may be real enough but the movie could have done without all that American preachy jingoistic propaganda attached to it. There were audible groans in the cinema during the above-mentioned scene in Pearl Harbour (no kidding either) The Lost Battalion however is really in a class of its own .<br /><br />""Americans think they are unbeatableinspired bravery. "" I actually cringed and damn near puked at all the swill being spewed out throughout this diarrhoeic disaster (the movie that is) <br /><br />The fighting scenes were well made (3 stars for that) but if the script is manure, then wrapped even in brightly coloured ribbons, it is still manure. The writer, James Carabatsos, also wrote those other screamersHamburger Hill, No Mercy , Heartbreak Ridge. Someone, please shoot him before he writes any more such garbage.<br /><br />The Director, Russell Mulcahy is an Australian too. God, the shame!!!",negative
"William Shakespeare's plays are classified as comedy, tragedy, or history. Some of his most memorable --and most often read -- creations provide us with wistful humor, gentle poetry and hilarious slapstick. Some of them survive as unforgettable dramas of compelling depth and gravity. Regardless, he was able to write with unparalleled skill and inventiveness, contributing greatly to our young language. So in what category lies The Merchant of Venice ? I was very surprised to find it is one of Shakespeare's comedies. I had never before read it nor seen it, but after watching this most recent film version I have decided it is neither and it is both. This is one of many questions the viewer must try to answer when coming to terms with what is clearly a perplexing and deeply troubling moral tragedy.<br /><br />The players are introduced quickly, and simply. One of them, firstly, is Venice itself; director Michael Radford filmed the Venetian scenes in the actual city, creating an impressively vibrant, bustling backdrop to the play's proceedings. To this scenery enters the youthful Bassanio (Joseph Fiennes), returning to Venice to see a dear old friend, Antonio (Jeremy Irons). It seems the poor Bassanio has heard of a princess whose father has died and has left to any potential suitors a lottery of sorts. Waiting at the fair lady's island estate are three small trunks, <br /><br />only one of which contains ""images of the princess"". He who can guess the right one, using only blind intuition and the cryptic teasers written upon them, will be bestowed the father's huge fortune for life. Oh, and his daughter and her eternal love in marriage, I forgot to mention. Here the light comedy of Shakespeare takes over the movie. This farcical plot element drives the story and also fills up much of the film's screen time, as a number of painfully eager opportunists arrive at the island, humorously vying for and failing to earn this very wealthy hand in marriage. But before any of this occurs Bassanio, very much lacking in finances, entreats Antonio to loan him three thousand ducats to pay for the lengthy journey he must take to have his shot at the prize. <br /><br />Antonio, himself nearly penniless, must reluctantly embrace humility by seeking the financial aid of Shylock (Al Pacino), one of countless Jewish usurers who keep the sagging economy afloat yet are scorned and persecuted to no end by the city's zealously Christian majority. Thus they dwell in society's underbelly, and it is here the two borrowers must go. Shylock does not hesitate to remind the two men of a certain incident where Antonio insulted and spat on him in the city market, and he proudly rebukes this man who frankly has a lot of nerve now coming to ask for help. But help him Shylock does. He even erases any kind of interest on the loan, most likely feeling he has no reason to be concerned if Antonio will be able to repay him within three months. Still, Shylock's one contractual demand is a pound of Antonio's flesh, should he renege on their agreement. This is an unsettling request, to be sure, for Antonio and Bassanio as well as for us. But it appears that despite his justifiable pride Shylock does not really anticipate seeing such a gruesome act occurring. <br /><br />So here the dramatic groundwork has been laid. And while the film goes off to explore its gentler side with its love lottery and mistaken identities, there still looms the gloomy prospect of the loan itself. In the end, what will become of this ominous agreement? Meanwhile we are left at turns to explore the true central character of Shylock. Al Pacino has ample dramatic weight to carry here, and he does so with convincing grit and passion. There are times when he is given room for the theatrics we have come to expect from such a colorful actor. But his most impressive scenes are the ones where he internalizes this energy, showing a conflicted personality: honest, sincere, and proud, yet brooding, vengeful and entirely remorseless. This is one of Pacino's most heartfelt performances to date. And while the rest of the cast play their roles creditably and convincingly, it is Pacino who really owns the film -- especially toward the end, when Shakespeare upends this seeming romantic comedy with a wallop of a third act.<br /><br />I shall not reveal much here; all I can say is that it involves the initial loan -- a mighty shoe one expected would drop sooner or later. And does it ever. By the end Shakespeare has raised a host of dilemmas for his audience: seemingly unresolvable questions of faith, morality, law, and mercy are thrown before us through the final scenes, and while by curtain's close the playwright's position may seem clear to some, we are left completely at odds. There are winners and losers in this one, but have the winners earned their spoils with good reason, or have they in a larger sense ended out losing as well? Has virtue been rewarded, or simply flouted? Has justice in fact this time been just? By the play's finish some fates are painfully clear, and unequivocally sealed. But the audience are to be the ones who really decide the verdict for all of those involved. And for some the verdict is still out for the play as well. Comedy or tragedy? The author has cunningly veiled the intense courtroom finale with an ending of light mirth and pat romantic resolutions. Is he saying that all is well that ends well, or is this his final, ironic condemnation? The play's humor serves to set us up nicely for such a heavy crash. And while it is also what unfortunately keeps The Merchant of Venice from achieving the greatness of so many of Shakespeare's other works, it is still engaging, amusing, and thought-provoking beyond measure.",positive
"This is one of the best and moodiest Vampire Tales ever! I love this movie really. The character are great, even the locations and the story. Indeed the Picture isn't a big budget production, but it is absolutely worth seeing.<br /><br />OK there are some faults (especially the Names of the Castle and the Locations) in this movie, but such mistakes are typically and are almost in every Horror Movie.<br /><br />The scenery fits perfect to the story and is close to reality,I can say that honest, because I visit them once when I was in Romania in my Vacations.<br /><br />In my opinion this is the Best Part of the Subspecies Series.",positive
"I think this is what this movie wants us to say at the end of the movie! or Damn Australian? I still don't know, but what I know is that I really liked this movie but that couldn't be my favorite movie!<br /><br />Great story with great actors but with a terrible end... To make you cry and say 'Oh, she's so good'... Still, who made it? What really happened? Who's that guy? No answer to these questions...<br /><br />Mysterious movie with a good mark overall... I give it a 8/10, going on the 8.5!",positive
"The movie Angels of the Universe is a pure masterpiece and it proves once again that you can make a brilliant movie on a low budget, e.g American Beauty and Blair Witch Project. The Director Fridrik Thór Fridriksson gives the novel Englar alheimsins a new life on the white screen. The movie is a breakthrough in Icelandic film making because it's the biggest and the greatest movie that has been done in Iceland.<br /><br />The music in the film, played by Sigurrós, is very symbolic for the film, it is absolutely brilliant. I recommend everybody who are able to think to go and see this film as soon as possible, you won't be disappointed. I would bet on this film to win the best foreign film award next year  all over the globe!",positive
"In a future society, the military component does not have to recruit; rather, their candidates are chosen at birth, culled from nurseries and designated to spend their entire lives in the service of the government. They are given over to the war machine, body and soul, for no reason other than to protect and serve; they have no personal identity other than a name and rank, and no autonomy whatsoever. This is the fate of those whose destiny is predetermined for them in `Soldier,' directed by Paul Anderson and starring Kurt Russell. The scenario is hard and bleak as the movie begins by depicting the training of the soldiers during advancing periods of time, from preadolescence to adulthood. Russell is Sergeant Todd, the best of the best, and we glimpse his career as he discharges his duties in an exemplary manner in campaign after campaign; he is what he was born to be, a soldier. But even the best cannot go on forever, and the day arrives when Todd and his peers are no longer the elite. A new generation of soldiers has been created, products of advanced genetics and technology, and Todd's generation is suddenly obsolete. What follows is the story of a man who must fight for his life, while struggling to discover his own sense of humanity and individuality, traits new to a soldier who has known only two things his entire life: Fear and discipline. Russell gives a commanding performance as Todd, the soldier who above all else must obey orders without question while suppressing all emotion and individual thoughts. He has few lines in this movie, but Russell speaks volumes with his eyes. This role demonstrates that he is, in fact, one of the under-appreciated actors of our times; that he can disappear so entirely into the character of Todd is a credit to his ability, and with this part he has created someone quite different from any he's done before. And he's given Todd a depth and credibility that someone of lesser talent could easily have rendered as nothing more than a pretentious and superficial stereotype. Notable performances are also turned in here by Connie Nielsen (Sandra) and Jason Isaacs (Colonel Mekum). Rounding out the supporting cast are Jason Scott Lee, memorable as Caine 607, one of the new generation of soldiers; Sean Pertwee (Mace); Gary Busey (Captain Church); Michael Chiklis (Jimmy Pig); and Mark Bringleson (Rubrick). Anderson has delivered an action film with a message, a cautionary tale that transcends the genre of science-fiction. `Soldier' reminds us of the importance of keeping the humanity of our lives intact. It's an entertaining way of making us consider the alternatives, like a bleak future and a world in which good movies just wouldn't make a whole lot of difference. Much like `1984,' and `Mad Max,' this movie, which is ultimately uplifting, is going to make you take pause and think about the kind of Universe in which we all must live together and share. I rate this one 7/10.",positive
"This is probably one of those films too many commented but undiscovered... This is probably one masterpiece of Spanish cinema like some Buñuel's masters-piece. ""15 days with you"" could be the better ""now and them"" re-visitation from others films of long-time ago: could be ""Midnight cowboy"" but could be also ""Les amants du Pont-Neuf"" or a realistic and non-spot-look (but most realistic) ""trainspotting"". This hard story has place to humour, love and obviously dramatic sense. In the new social Spanish cinema this little diamond could be the resurrection of the Italian neo realism mixed whit the best Ken Loach films.<br /><br />Probably the better film I discover in the last 10 years.",positive
"It takes patience to get through David Lynch's eccentric, but-- for a change-- life-affirming chronicle of Alvin Straight's journey, but stick with it. Though it moves as slow as Straight's John Deere, when he meets the kind strangers along his pilgrimage we learn much about the isolation of aging, the painful regrets and secrets, and ultimately the power of family and reconciliation. Richard Farnsworth caps his career with the year's most genuine performance, sad and poetic, flinty and caring. And Sissy Spacek matches him as his ""slow"" daughter Rose who pines over her own private loss while caring for dad. Rarely has a modern film preached so positively about family.",positive
"The brands in this film, like Suit Supply, take away from the story, cause it's supposed to be set in the eighties. It's not a very thrilling film. Also, the single from Intwine on the soundtrack is very bad, it has a chorus that is repeated numerous times', like ""I'm a cruel man, I take it all away, I'm a cruel man I'm here to stay.."" Jeeez couldn't those asswipes have come up with something better than that? I guess they wrote it in a couple of minutes..<br /><br />It's really annoying, just like the product placement in this filmproduct,that cashes in on the controversy and publicity around a criminal who should not be a celebrity like he is now made out to be, but should be forgotten like rats ought to be.",negative
"Mixing small town sheriffs, high-school students, fake rock music, and some weirdo who kills for, well, no reason in particular, this film is essentially a re-make of ""The Giant Gila Monster"" - except without the gila monster, of course.<br /><br />Now, anyone who has actually seen ""Giant Gila Monster"", knows that it is one of the worst made films of all time, frequently so slow, it's not even funny. And I can't believe that by 1967, ""Giant Gila Monster"" had earned such a reputation that young directors were just dying to get to work on a sequel, let alone a remake. So will someone please explain to me why this film was made?! The dance sequence, by the way, is historically interesting, although about three years out of date; but even that's spoiled, since it goes on... and on... and... on....",negative
"Mmmm, a previous summary says ""if you like aliens and predator you will enjoy this film"" i could not disagree more, this film pays no respect to its weighty lineage and has reduced two of the best loved sci fi strands to little more than a teen horror slasher movie, it has none of the tension or foreboding present in previous alien or predator movies and there is no discernible lead character, i really did not care about any of the characters and i positively yearned to see the stereotypical cast die as soon as possible in the vain hope something better would replace them, it really takes super human incompetence to have two of the most fearsome creatures ever invented positively fail to make a gripping thrilling movie, only watch this if you want to see how NOT to do it.",negative
"When HULK hit theaters in 2003, it wasn't long before DVDs of the old Incredible Hulk TV show popped up in an attempt to cash in on the craze. We saw a similar occurrence a year prior when Spider-Man cartoons appeared on DVD to coincide with that hero's big screen debut. Companies leap at the opportunity to ride on the financial coattails of a hot brand.<br /><br />So the fact that this picture never surfaced on the shelves of Wal-Mart as its featured heroes clobbered the box office in the summer of 2005 says a lot. I guess everyone involved would just rather forget. To be fair, THE FANTASTIC FOUR is not as bad as everyone says. Let me rephrase that. It's not as unentertaining as all of its negative reviews might suggest.<br /><br />Veteran television actor Alex Hyde-White (no, you don't remember any of his roles) leads the way as Reed Richards, the brilliant scientist who, along with his crew, gains bizarre powers after an outer space mishap. He's left with the ability to stretch and contort his body to outrageous lengths. His future wife, Sue Storm (Rebecca Staab), can suddenly turn invisible, while her brother, Johnny (Jay Underwood), may now ignite himself at will. Then there's poor Ben Grimm (Michael Bailey Smith), the lovable lug whose body morphs into a mass of craggy, orange rock.<br /><br />Just as the friends are becoming accustomed to all of this, they are called upon to rescue the world from certain chaos. It seems Reed's old colleague Victor von Doom (Joseph Culp) is living up to his name, and that villainous Jeweler (Ian Trigger) isn't exactly helping old ladies cross the street, either. Can our heroes save the day? Of course they can; like any superhero movie, it's just a question of how and when.<br /><br />What's striking about THE FANTASTIC FOUR is how amateurish it is in virtually every aspect. The dialog is so lame and tired it sounds like it was written by a junior high drama class. The acting is so unpolished it makes a third-rate afternoon soap opera look like Shakespeare. The special effects are surprisingly good considering the minuscule budget, but there are still some positively embarrassing moments. When The Human Torch fully ignites his body, for instance, the entire movie briefly turns into a cartoon. I can just hear that production meeting. ""Oh, no one will notice. They'll be too intrigued by the action!"" I mean really, a cartoon? At least give me a mannequin on fire held up by a string! Prior to that, the scene in which the foursome come to on earth after their spaceship crashes is pure teens-in-the-backyard fare. The crew simply found a field and lit a vaguely-spaceship-like object on fire. That's the only remnant of such a major disaster?<br /><br />Of course there wasn't a whole lot to work with in the script. There is a fairly coherent story here, but it's all so simplified. When Reed and Ben decide to go into outer space, they simply drop by the Storms' house and ask if they'd care to join them. Is it really that easy? Don't these sort of things require, oh, I don't know, years of training and expertise? Not in the world of these writers, who seemed to be inspired by the underrated genius on display in FULL HOUSE reruns. But as bad as that may be, nothing can compare to how painfully clichéd Dr. Doom is. He was pulled right out of those awful superhero cartoons from the 1960s, right down to the evil laugh and slamming his clenched fist down on the table to punctuate his remarks. No comic book, least of all Fantastic Four, has ever featured a villain so obscenely one dimensional.<br /><br />Ultimately, THE FANTASTIC FOUR is saved from being a complete turkey because it's just so damn innocent. You can tell the people involved, as little talent or experience as they had, really tried. They didn't know the final result would be so embarrassing. They were under the impression that this was their big break, that people would flock to the theaters. It bears repeating that they had virtually no money to work with (and I'm sure half of that was eaten up by the cool Thing costume). All things considered, they did well, and for its many flaws, the finished product is a fair amount of fun for comic book fans.",negative
"Legend has it that at the gala Hollywood premiere screening of 2001: A Space Odyssey, about 20 minutes into the film Rock Hudson yelled out ""Would somebody please tell me what the hell this movie is about?"" Well, I have Rock beaten by about 19 minutes, 59 seconds. This movie made absolutely no sense at all. Who were those people? Where were those people? What were the rules of the game called Quintet? Are there any rules to Quintet? Were Robert Altman and his cohorts making the movie up as they went along? What was Paul Newman thinking when he signed on to this? Maybe ol' Fast Eddie saw Zardoz and thought ""Well if Connery can get involved in a futuristic film that makes no sense, so can I."" Maybe the good stuff is on the cutting room floor and all we get to see is the incoherent stuff. Also, did all the cast get to keep their individual funny hats? You never saw such bizarre looking hats all in one place in your life. Quintet just confirms what I've always thought: when Altman's good he's superb, but when he's bad, he makes stuff like Quintet",negative
"not a Larry Mcmurty masterpiece but it stands on its own as a good western, any of the lonesome doves do. who ever takes on the role of Woodrow call, does a great portrayal in their own style. It's also easy to see that they were looking to use this as a stepping stone to the t.V series (both version of it) and that the writers knew how to keep the flavor alive William Peterson was awesome in this, the geeky C.S.I guy is not the character he plays in this - this guy can do it all it seems<br /><br />it's deserve to be enjoyed by those who enjoy westerns<br /><br />4out5 stars",positive
"I spent 5 hours drenched in this film. Nothing I have ever seen comes close to the delicious funk this film left me in. Never mind females advanced aging dilemma's, human fear vaults off the screen for your viewing. Personally engaging to the ninth degree, the film invests one with an undeniable shared feeling for our lives'. I enjoyed this dalliance with raw wounded gall deep from within. It empowers a mutually shared vestment in the history of human encounters reaching far deeper into the pain, isolation and skewed views of self and others. The result forgives our tepid forming of a bridge away from the muddy sludge of dead we must encounter. The birth in finding real people is a happy pursuit. The effort for realism intersects with the dark ground of our bankrupt culture.",positive
"Jack, Sawyer and Sayid swim to the boat and find a completely wasted Desmond. His traumatic past experience before sailing to the island is disclosed through flashbacks. Sayid plots a plan with Jack to surprise ""The Others"" in case Michael is double-crossing the group. John Locke convinces Desmond to invade the hatch, which is protected by Mr. Eko, and not press the button of the computer to see what will happen.<br /><br />This episode is one of the best of the Second Season. Unfortunately, we lovers of ""Lost"" can see the lack of respect the producers of this stunning series have with the fans. In the USA, the air date of this episode was 24 May 2006. Therefore, along this period, fans have to wait for the Third Season in a very suspenseful situation, with Jack and his group surrounded by ""The Others"" and finding the truth about Michael and the death of Ana Lucia and Libby; John locked inside the hatch without the intention of pushing the button and Mr. Eko in despair outside the hatch. I hope the fate of ""Lost"" be better than ""Angel"" and its very disappointing conclusion (or lack of conclusion) after five seasons. My vote is ten.<br /><br />Title (Brazil): Not Available",positive
"""In Love and War"" is a simple feel-good TV-film, and should be viewed as such.<br /><br />(Possible spoiler)<br /><br />It is the story of a WWII British soldier, Newby, captured with his commando by the Italians and imprisoned in a former orphanage. As the Italians surrender to the Allies, the commando is freed, and attempts to flee. However, the Germans arrive and the commando is captured again. Only Newby, injured, remains at large. The rest of the film recounts how he is hidden and protected by the Partisans, and his survival.<br /><br />(End of spoiler)<br /><br />Based on a true story, ""In Love and War"" is a refreshingly straightforward film. Half comedy, half romance, the story is simple and unambiguous. The 'atmosfera' is warm and sunny, and the various stereotypes (the desperately unorganized or romantic Italians, the serious stern-looking Germans and the phlegmatic and pragmatic British), although unoriginal, are still humorous. Nicola Piovani's musical score also adds to the Mediterranean flavour.<br /><br />Although it is far from being a ""Tea With Mussolini"" or a ""La Vita E Bella"", ""In Love and War"" is a sweet simple film that will put a smile, and maybe even a little tan, on your face.",positive
"This is superb - the acting wonderful, sets, clothes, music - but most of all the story itself.<br /><br />I am amazed there aren't more reviews of this movie - certainly one of the best of the 1980s.<br /><br />It's also a wonderful movie to see in tandem with the great ""Random Harvest"" which has much the same opening crisis <br /><br />-- a middle aged, unknown English W.W.I officer is in a hospital toward the close of the war, suffering from shell shock and complete amnesia without any idea of his name, origin, or anywhere he belongs - he proves to be a very wealthy established man - when he ""recovers"", he will not remember the years before the war -- <br /><br />But there the movies' resemblances end.<br /><br />My warmest thanks to all who participated in the movie - particularly the actors Ian Holm, Alan Bates, Ann Margret (what a great and surprising casting choice), Glenda Jackson, Julie Christie.<br /><br />This one stays with you forever.",positive
"This is an excellent anime movie. It is well animated, has a good intricate plot and very good music. I understand that some may think of it as a little long, but I think that it is a good length and the animation is good traditional anime.<br /><br />THREE CHARACTERS:<br /><br />The way they use Tenkai is masterly. For example the body double showing up at all these locations adds to the ominous tone of the movie. The design of Tenkai is good too, the way he looks as a monk and in the end scene the armour he is wearing.<br /><br />The old man Andou is down to earth and a very likable character. When Jiro meets him it's a turning point in the movie.<br /><br />Sanpei, the Satsuma Shinobi who infiltrated Tenkais clan saves Jiros life twice. He stays in the background most of the movie though, but he is really one of the heroes of the movie.<br /><br />THE PLOT: The plot is good. It is traditional without being unoriginal. The historical time it is acted out in is interesting, The meiji restoration. The treasure is sought after by Tenkai to restore the shogunate while when Jiro finds it he uses it to help the anti-shogunate forces overthrow the shogunate.<br /><br />The way Tenkai tricks Jiro is interesting and has sort of a ""Hamlet"" feel to it. There is also a sweet irony to the fact that if Tenkai had not gotten Jiro to become a shinobi I don't think that he had been able to kill him in the end(Maybe by firearm, but not hand to hand combat weapons).<br /><br />The plot with all the death makes it mostly very dark, but there's some light moments when we see some of Jiros childhood memories. All in all it's a good, dark, intricate plot.<br /><br />THE MUSIC: The opening theme for example is very good with the electric guitar and drums. They occasionally in that piece use what I believe to be taiko drums, but i'm not sure.<br /><br />There is a lot of good music. Like the one played while they are traveling to the Iga shinobi. I believe the piece is called ""Numatou"" and has an incredible flute in it. The flute might be a pan flute, but more probably a shakuhachi.<br /><br />The end theme ""Kamui no komoriuta"" is calm and delicate. The vocals are beautiful and so is the song in general.<br /><br />THE ANIMATION:<br /><br />The animation, while good, is not perfect and the blood that runs down the characters do sometimes appear to be orange. The transitions are interesting and I think some transitions are very nice. One example of a nice transition is when Jiro and the Iga shinobi are running, there is the sunset in the background and the music is playing. The transition is simple, but effective and has a nice feeling too it.<br /><br />MY FINAL WORDS: I think that the plot, the animation, the music and the characters make this into one of the best anime movies I have ever seen.",positive
"Trapped: buried alive brings us to a resort that has just opened, and is soon to close.<br /><br />We start with a guy in gear blowing up drifts, to avoid the possibility of avalanches. somehow, that doesn't make sense. anyways, he's about to blow away one particularly big one, when he notices the resort is open. despite his best efforts, higher authority tells him his day is over.<br /><br />soon, as everyone expects, an avalanche hits.<br /><br />Look, i'm not gonna reveal any more, all i can say is this was a B-movie designed for the family channel (which i just saw it on, and the fact it had no commercials proves it's a B-movie) anyways, it's a pretty decent film, but it's partially unreal.<br /><br />firsthand, when people are buried by ice and snow, they're buried. not just traced by powder. or, what about a CD for a screwdriver? it's not possible. and finally, what i can't stress enough, is that an explosion cannot stop a avalanche, guaranteed.<br /><br />furthermore, it's worth a rental or a TV viewing, but not owning. 7/10.<br /><br />The movie is rated PG, but maybe it should have received something a little more strong. a boy nearly loses his foot in an elevator, but his leg is cut around the ankle, a guy is toasted by electricity and diesel, and in the weight room, dead people are laying around.<br /><br />enjoy.",positive
"This dumb comedy really does a good job of wasting comedic talent. In particular, Dan Aykroyd and Howard Hesseman are misused badly here. I might have chuckled once or twice during this film, but in general, it's a boring movie, with a little bit of stupidity thrown in for good measure. The premise, although routine, still wasn't bad, but once the plot was set, the film went nowhere. Don't waste your time with this misfire.",negative
"I agree with most of the Columbo fans that this movie was an unnecessary change of format. Columbo is a unique cop with unorthodox police methods. This movie looks like a remake of any other ordinary detective dramas from the past. And that is the disturbing point, because Columbo is no ordinary detective.<br /><br />There are two parts in this film that left me intriguing. First, I can't figure out the title of this movie. It is misleading. Maybe a better title would've been ""The Vanishing Bride"" or something similar. Second, Columbo hides a piece of evidence without offering the reason (to the viewers at least) why he does it.<br /><br />I don't feel betrayed, just disappointed. I'm glad Peter Falk went back to the usual Columbo.<br /><br />",negative
"The only redeeming feature of this movie is Steve Carell. Like John Wayne, I've never seen Steve Carell stretch too far as an actor, but it doesn't matter. He always plays his one role perfectly.<br /><br />As Marty Feldman once said, comedy must have internal consistency. You can have 4 men on stage sitting in garbage cans, and that's fine, but if you bring a fifth man on stage who isn't in a garbage can, you must then explain to the audience why he is not also in a garbage can.<br /><br />Why doesn't Evan accept his role as a messenger of God? Why, when he does accept it, is he so profoundly embarrassed by it? Why isn't anyone more impressed with the way that animals follow Evan around (they are explained away by the unthinking doubters as ""trained animals"" possibly from a circus). There's a terrible flood at the end, and most everyone we see hops on the ark and is saved, but surely thousands of people would have been killed by the flood; there is no post-disaster emotional atmosphere at the end. Instead, most of congress has finally seen the light and is about to prosecute the lone incorrigibly bad congressman for ""profiteering"".<br /><br />I gotta admit: I also liked the fish in the aquarium reacting to the presence of Evan.",negative
"Apartmente'L is one of the most interesting movies that I have ever seen. I experienced extreme frustration while watching this movie as I was gunning for the two leads to reunite. That never happened in the end which disappointed me to no end. But the ending lends an even more cynical touch to a generally cynical movie. It is not a movie which people are likely to rewatch but one watch itself will have a deep impact on people. As of now I haven't rewatched the movie and I don't think I will.<br /><br />The story follows the experiences of a man, Max, who is engaged to be married to Muriel. He remembers his old girlfriend Lisa(he considers this the love of his life) as he listens, by accident, to Lisa talking on the telephone. Thus he tries to find Lisa. Here starts his extremely frustrating search for Lisa. There are many layers to this movie. There are undercurrents of jealousy, vouyeurism and so on. There is also another character called Alice who is involved in the whole confusion. The movie then moves through a whole range of twists and finally leads to an ending which could be interpreted in many ways. It is fascinating how this movie has only four main characters but the clever writing makes it interesting and unique. What I love about the fact is that a movie about obsession, jealousy is done in such a light hearted manner. It has a very fast pace which is probably the reason why it can appeal to a large audience. The main character, Max, has shades of grey and I felt the ending was perfect. I don't think he is supposed to be a clean character considering the fact he is searching for his long lost love while he is engaged and he also has a fling with Alice.<br /><br />The character of Alice is even worse. Her manipulation and her compulsive lying can really irritate viewers(that is the point, I guess). The scene where she breaks down in front of Lucien really shows another facet of her character. It shows a side of her that wants to be accepted and that she is tired of all the lying and the games and she wants to lead a normal life. In the end, she understands that she needs to get away from it all. The ending lends a cynical touch. Because it seems as if Max's love for Alice is temporary and fake. It is as if to say that love in general is a temporary emotion and it is better to choose the safe option(i.e Muriel) than to pursue something that is so fleeting(i.e Lisa or Alice). In many ways this is not really a romantic movie but a satire about romance(in a way).<br /><br />The performances deserve high praise. Vincent Cassel as Max gives a great performance. He perfectly portrays the confusion of a man who is not really sure about his engagement. His geeky looks are an added advantage as it fits the character perfectly. But the real star of the movie is Romane Bohringer as Alice. Her nuanced portrayal of a woman who is jealous of Alice and is in love with Max. The scene where she screams ""I am a nutcase too"" really shows her desperation and her yearning to live a normal life with a man who loves her.<br /><br />Btw I also thought lesbianism is another interpretation that can be drawn from this movie. Alice's actions can be explained in many ways. And her unreasonable obsession with Lisa may also be explained as a manifestation of a lesbian desire. It may be far-fetched considering she encourages Lisa to forgive her current boyfriend. But I got the feeling that she was a lesbian for a long time. She also avoids questions from Lisa regarding a boyfriend. She spends a whole lot of time with Lisa and she is happy during that time. That may lead many to question her sexual orientation.<br /><br />Overall I would give it a 9/10. I think it deserves it but I subtracted one because of the rewatchability factor. I think it is a perfect movie otherwise.",positive
"I have a friend that works at blockbuster, and he gets 5 free movie rentals a week, so one day as we were scouring the aisles for something interesting, i stumbled across 18 Weapons of Kung Fu, and judging by the box alone, this movie seemed pretty wack, but nonetheless we gave into temptation and rented it -- afterall, it was free.....and thank god it was....this is by far THE WORST movie i have ever seen....the budget must have been a pickle and a piece of string...the plot was ridiculous, the only mention of the ""18 weapons"" is that there is some book that teaches the ways of the 18 weapons that some bad guy is after -- and thats it! there isnt even any weapon fighting in this movie...that and the action sequences are just flat-out BAD....9 times out of 10 the other guy's punches and kicks come about a foot away from landing on the other guy's, and there are MANY times when the the movie will skip frames (a result of ridiculously poor editing)....the dubbing is as well laughable, and it is hardly even understandable....and we wont even get into the acting...the ending will definitely leave you saying ""wtf??"", however to be fair i must mention that the fighting techniques used by the actors were somewhat decent, and the old guy is a mad chump....but thats about it...thankfully i didnt have to pay for this movie, but i guess at least now i know exactly how bad a movie can actually be....",negative
"I read somewhere (in a fairly panning review) that this is something of a live-action mecha anime, and I think they're on the right lines. I first watched this movie when I was very young and I've been dying to see it again, and when I finally did just recently all the memories came flooding back. I don't think this is to be taken too seriously - it's just a bit of good old 80's almost-a-TV-movie fun (it is set against the backdrop of a fairly dark future, although this point isn't stressed too much). What I admired most about this movie was that the dialogue didn't sound generic - no clichés, no predictable lines - all in all just good fun! Maybe time hasn't been kind to this little movie, but still I can find appreciation for it in me. It's by no means perfect, but it's entertaining and doesn't try to be anything other than that. Let the nerds and comic-store-guys worry about technicalities - who cares? See it for yourself and make your own decision. No-one else's opinion matters.",positive
"During the brief period between Clint Eastwood's string of spaghetti westerns and his Dirty Harry films, he and director Don Siegel teamed up to make this unusual picture. Eastwood plays an injured Union Army corporal during the Civil War who is taken in by a southern school for girls until he recovers from his wounds. It has been a while since the young women (most of which seem to be teenagers) have had a man on the premises, so they are reluctant to turn him in to the local rebel soldiers. The resulting situations are often humorous, shocking, erotic, or even downright grotesque as Eastwood slowly regains his strength and begins to brood over the establishment.<br /><br />The basic storyline almost sounds like the makings of a porno film. We have a masculine male suddenly surrounded by young nubile women. Most of them are sexually attracted to him. And he is more than willing to spread the love amongst them. The material never really slips down to the level of ""tasteless"", however. Eastwood, Siegel, and cinematographer Bruce Surtees are such skilled filmmakers, that the film always retains its dignity.<br /><br />Eastwood's John McBurney is like no other character he has ever played. McBurney is an amoral, conniving, and lustful charlatan. He knows that most of the women, even the youngest want his bod, and he lets more than one of them have a shot at him. McBurney often uses flattery to butter the women up, then uses his rugged good looks to reel them in. He is like a drunken player at a cocktail party, often hitting on different women even in the same scene! Eventually, his lustful ways cause him great agony and loss in a way you must see for yourselves. This author would not dream of revealing the specific consequences of his actions, but there is little doubt he has them coming.<br /><br />Eastwood gives a typically great performance. He seems to be having a blast with the role until things turn really ugly, then he turns mean and ugly. Geraldine Page is a treat as the steely B*tch who runs the school. We know she wants McBurney as much as the other girls, but with her checkered past shown to us in flashbacks, we find out that isn't all she's after! Mae Mercer as a slave belonging to the school gives a great performance, too. She obviously knows McBurney is a skunk from the beginning, and she never lets his phony charm bring her guard down. This is a character you will want to know more about after the film is over. She seems to have a greater knowledge of the world than anyone else in the film.<br /><br />The Beguiled did poorly in its theatrical release. Nobody was quite sure what to make of it, and some of its content no doubt raised a few eyebrows in 1971. For example, in an early scene we see Eastwood romantically kiss a 12-yr-old girl. Is he just trying to keep her quiet when the rebel soldiers get close, or is he really enjoying it? Probably both! A fantasy sequence later on even shows Clint getting it on with not only Page, but her young assistant! Truly some interesting goings on in this one. It's a good thing Eastwood became the star he did, or this one might have been long forgotten.<br /><br />Highly recommended. 9 of 10 stars.<br /><br />The Hound.",positive
"I am a massive fan of the book and Orwell is certainly my favourite writer ever since studying Animal Farm at GCSE. I bought the DVD out of sheer curiosity, Burton is an actor I hold in high regard so when I heard that he played the role of O'Brien I was swung.<br /><br />I watched the trailer on the DVD first and some fears started to set in, mostly regarding the frankly terrible ""Theme song"", hearing the Eurythmics mechanically shouting ""1984!"" over and over again to an electronic beat is as bad as it sounds.<br /><br />The acting on a whole is pretty good, Burton and Hurt play their roles well and the tension that exists in the Ministry of Truth towards the end can be felt, especially in the harrowing Room 101 scene. However this is also where the movie is let down. The movie spends too much time focusing on the Love affair between Winston and Julia, which frankly isn't what Orwell was writing about. He was writing about a harrowing future, about how Ingsoc build up a mans beliefs and then shatter them all in the name of him being made to love Big Brother. The movie skips over what is essentially the most important part of the book, Winstons coming to terms with his position in life and the world, and his re-education via O'Brien.<br /><br />The comment on IMDb at the moment states that the movie sticks to the book is completely incorrect. Julia is not present when Winston visits O'Brien, they do not commit themselves to Goldstien's Brotherhood and confess their crimes. There is no obvious mention of the initial instances where Winston finds the article with the Unpersons but it does get mentioned near the end, if you have not read the book it is completely confusing.<br /><br />A terrible screenplay, which some excellent acting cannot rescue. Michael Radford seems to have completely missed the point Orwell was trying to make, and the electronica sound track is frankly terrible.",negative
"this was a favorite Christmas Special that I wish that they would release on vhs or dvd , since my 33 RPM got lost,and any cassettes I made are also long gone.<br /><br />I am not even a big John Denver fan but was very impressed with the music , which was mostly traditional favorites with a muppet spin ( esp Little St. Nick ! ) It also contained a few little known songs ( original ? ).<br /><br />Even though it was done at the end of the '70's this show had a timeless feel to it. Hoping to find a copy soon !!!",positive
"Don't listen to most of these people. ill give you a better review of this movie which me and my friend love! Its about Jill Johnson, played by Camilla Belle, who babysits at the Mendrakis' house and someone breaks in. if you're wondering how he got in the house, he went through the garage most likely. so anyway, don't listen to, ""the worst acting"". it has amazing acting. with a great story. I think that there are 2 benefits that Jill has. 1. shes a fast runner and is on the track team. 2.she got out alive! lol.<br /><br />it is a cool movie and quite scary. check it out, you will be happy with this masterpiece. don't listen to the other people on the site. its very good. trust me, i am good at reviewing movies. I'm a future movie critic. i totally want to buy this movie. and you will too when you see it. it is amazingly awesome.",positive
"This is a gently amusing coming-of-age comedy that comes from the later, more mature period of Neil Simon's writing. Although there are plenty of wisecracks to go around, this is not one of those Neil Simon pieces where every character spouts out one-liner jokes for 2 hours like they're guest stars on a Bob Hope special. There are also dramatic elements (some work, some are overkill) that lend some weight to the story.<br /><br />The performances are good across the board, especially Blythe Danner as the mother (although she and Judith Ivey were oddly WASP-ish choices to play Jewish women). I've never been a fan of Jonathan Silverman, but I will say that he hits the right notes as the obnoxious, gawky, and totally horned-up teen-age narrator/protagonist of the story.<br /><br />The movie is very similar in tone to Woody Allen's ""Radio Days,"" but the latter is far more imaginative and funny than this one.",positive
"Anyone that is looking for an episode of ""Law and Order"" or ""CSI"" would have to look elsewhere as the most basic elements of police or forensics work were totally ignored in this case.<br /><br />A murder took place, and all the police did was to grab a 15-year-old boy off the street and take him to the only witness - a 65-year-old man - and say is this the guy who did it? Sure, the old man thought that the kid in the back of the police car had to be guilty. never mind that he looked nothing like the real killer and was dressed completely differently. He must have shrunk, reversed his age by 5-10 years and changed clothes.<br /><br />The police made absolutely no effort - and they admitted it! The did no forensics on any of the evidence, they questioned no other witnesses, and they beat a confession out of a 15-year-old.<br /><br />The saddest thing about this compelling look at the criminal justice system is that it occurred right down the road in Jacksonville, Florida. Let everyone now start talking about ""Southern justice.""",positive
"OK, first of all, Steve Irwin, rest in peace. You were loved by many fans. Now...this movie wasn't a movie at all. It was ""The Crocodile Hunter"" TV program with bad acting, bad scripts, and bad directing in between Steve capturing or teaching us about animals. He was entertaining as an animal seeker/specialist. Millions will miss him. But the whole movie idea was a big mistake. The plot was so broken, it was almost non-existent. Casting was horrible. The acting wasn't even worth elementary school-level actors. The direction must be faulted as well. If you can't get a half-way decent performance out of your actors, no matter how bad the script is, you must not be that good in the first place. I could have written a better script. I wish I had never been to see this movie. Of course, I watched it for $3 ($1.50 for me, $1.50 for my son.) while out with friends who insisted upon seeing this instead of Scooby Doo Live Action. My son, who is not so discriminating, liked the movie alright, but he still has never asked to see it again. If you want fond memories of Steve Irwin, buy his series on DVD. Avoid this movie like the plague. If I were Steve, I know I wouldn't want to be remembered for this movie. Respect him: avoid this movie!",negative
"WE FAW DOWN <br /><br />Aspect ratio: 1.33:1<br /><br />Sound format: Silent<br /><br />(Black and white - Short film)<br /><br />Stan 'n' Ollie get mixed up with a couple of floozies (Kay Deslys and Vera White) after setting out to visit a theatre which burns down in their absence! Needless to say, their tyrannical wives (Vivien Oakland and Bess Flowers) are not amused...<br /><br />Leo McCarey's OK comedy laid the narrative framework for William Seiter's masterpiece SONS OF THE DESERT (1934), with L&H playing brow-beaten victims of circumstance, forced to tell a monstrous lie which backfires in spectacular fashion. Much of it is very funny, especially the scene in which Stan is teased by Deslys, leading to a violent game of push and shove. However, some of the fun is undercut by Oakland and Flowers, playing their roles completely straight, which adds an element of unpleasantness to the 'henpecked husband' scenario. Originally released in the UK as WE SLIP UP.",negative
"I guess this is the first movie that made me aware of the term ""cult flick"". It is totally a bad movie, but I can't help it, I like this movie. Richard Boone has made better and so has Joan Van Arc, but if you are in to staying up late and watching movies that don't make you think to much this one is for you.",positive
"""I haven't laughed this hard since granny got caught in the wringer,"" says one of the potheads in this hilarious quasi-spoof of all those Val Lewton and George A. Romero walking-dead movies we have come to love (or loath, depending on your personal taste) through the years. <br /><br />In this story, a young actor pair play a ghoulish prank on the rest of their troupe after, one spooky night, they visit a cemetery island. Their artistic director, Alan, pretends to bring the dead back to life by conducting a highly stylized ritual.<br /><br />Way too much screen time is misspent; the amateur dialog includes lame witticisms, melodrama and other kinds of unnecessary filler commentaries (And can't Alan stop that irritating laughter... way too much!). Once the action kicks in (which comes close to the end of this film), it's worth the wait. <br /><br />I saw this one on a late-night, local station television program that ran films very much like this one... only this one scared me at the age of 13... but then again, you might laugh your way through it, until the bitter end... ...which is probably the reason, nowadays, why very few people still wear striped hip-huggers.",negative
"Blackwater Valley Exorcism is set on a small town ranch where teenager Isabelle (Kristin Erickson) is found wandering around covered in dog's blood. Her parents Ely (Randy Colton) & Blanche (Leslie Fleming-Mitchell) own the ranch & are deeply worried about their daughter, recently she has not been herself & is considered a danger to herself & other's. Ranch hand & ex-priest Miguel (Del Zamora) recognises Isabelle's symptoms as a possible case of possession & when she starts to speak ancient Latin in a strange voice he becomes convinced of it. Blanche calls priest Jacob (Cameron Daddo) who is her other daughter Claire's (Madison Taylor) ex husband to see Isabelle, he confirms Miguel's suspicions & accepts the job of performing the exorcism that will hopefully banish the demon inside Isabelle & an innocent girl free...<br /><br />Directed by Ethan Wiley I was sat there in my house in front of my telly watching Blackwater Valley Exorcism & I kept asking the same question over & over again, why do I do it. Why do I keep sitting through all these awful low budget horror films that look like they were shot on a camcorder? Right lets honest about this, Blackwater Valley Exorcism is a complete total & utter unashamed rip-off of The Exorcist (1973) & you literally tick off the major plot points that the two share. There's the possessed teenage girl who starts to get very horny & suggest inappropriate things, the demon that uses past misdemeanour's against other's, the worried parents, the way that the possessed girl is shunned by doctor's, the priest with a troubled past & the possessed girl is tied to her bed amongst other things. I suppose where Blackwater Valley Exorcism is different (other than it's total crap) is that it tries to give all the character's some screen time & tries to get across how the situation is affecting them but it's so badly written & acted it just ends up being boring. The film starts with Isabelle already possessed so we never knew what she was like as a normal person so we never really care about her or what is happening to her either, the rest of the character's are poorly written & fleshed out. At times I wondered whether Blackwater Valley exorcism was a spoof, there's a silly scene in which a vet tries to sedate the possessed Isabelle with horse tranquilisers & after he states that she needs a 'little prick' he enters her room with a huge needle hidden behind his back! There are a few scenes in which people are punched accompanied by a silly comedy sound effect. The film has an uneven tone as a result as it goes between silly spoof & serious horror drama, or it did in my opinion at least.<br /><br />According to some text before the opening credits Blackwater Valley Exorcism was based on 'Actual Events', yeah right actual events from 1973 that happened in a film called The Exorcist... This piece of text also states that the exorcism scenes were supervised by a real priest. There isn't even any decent gore or exploitation to liven things up, there's a scene of a cut arm, there's a dead dog, someone is stabbed with a crucifix & that's about it. There's surprisingly no bad language in it either despite the demon trying to be offencive. I would imagine the only reason Blackwater Valley Exorcism has an adult rating is because of one very brief scene in which a pair of breast's are seen. One pair of naked female breast's is not worth the time watching this or the money you might spend on it. There is zero scares, no atmosphere & a really amateurish feel to the whole film too.<br /><br />With a supposed budget of about $1,000,000 I must say that I am wondering where all the money went, the film looks ugly & cheap throughout. There are no special effects to speak of & the production values are rock bottom. The acting is very poor from all involved, genre favourite Jeffrey Combs gets near top billing during the opening credits but has nothing more than a cameo in what amounts to about five minutes of screen time. Even he must have feared how bad this was going to be has he hides behind a moustache & a terrible accent, he is better than this.<br /><br />Blackwater Valley Exorcism is a complete rip-off of The Exorcist without anything that made that film such a classic & the makers are thirty five years too late anyway. A total turkey from start to finish.",negative
"This movie was a dismal attempt at recreating a crucial time in English history. The film version of Cromwell's growing involvement in the War is marginally accurate but the overall historical accuracy of this movie was way off. This film implies that the war was started over religious differences but the Civil War was in no way Catholic versus Protestant: both sides were Protestant. Cromwell was never present at the battle of Edgehill, nor did he ever ""save the day"". The royalists did not win, the battle ended in a draw.<br /><br />As another reviewer has noted, Cromwell was certainly not one of the ""Five Members"" who were to be removed from the House and arrested. <br /><br />Overall, this movie was decent. The producers tried WAY to hard and it didn't turn out so great. <br /><br />definitely could have been better.",negative
"Wow, what an overrated movie this turned out to be! It was supposed to be ""an extremely suspenseful tale of a crazed killer holding a woman hostage and in terror in her home."" Well, I doubt it terrorized audiences in the early '50s and I know it would put today's audiences asleep.<br /><br />""Sends shivers down the spine,"" proclaims the New York Times. No, the only shivers I get is that anyone is left on the planet who believes anything the N.Y. Times prints about anything.<br /><br />Well, it was about a deranged man who held a woman hostage for a short time in her house but the man. ""Howard Wilton"" (Robert Ryan) was actually harmless and friendly. In fact, this was one of the nicest roles Ryan ever played! Yes, ""Wilton"" was nuts but he never harmed the woman and only wanted a friend to trust.<br /><br />The film even turned boring after awhile with very little going on except a lot of yakking. <br /><br />Beware, my reader.....this sucks.",negative
"This movie lacks in everything. Except Bobby deol, who in his own standards is mediocre, no one in this movie has come close to act in a single scene. Kangana is complete fake in her acting.<br /><br />The great Anupam Kher has a guest appearance and is better in those 2 minutes than bobby in the whole movie. The music does'nt compliment the movie<br /><br />that well. The contrast in Music between Bobby and Upen is not highlighted that well. Great concept gone completely wrong. The movie does'nt have a proper ending. Please don't waste your time as i did on this movie",negative
"I may be biased, I am the author of the novel The Hungry Bachelors Club, self-published in 1994. The screenplay was written by my good friend and hungry bachelor, Fred Dresch, who was the inspiration for the character Marlon in the film. I couldn't be more pleased with the trailer, I hope to see the film in its entirety and I will further comment. But Jorja Fox, who plays Delmar Youngblood, my character, is stellar. She carries the bulk of the emotional vehicles in fine form. I couldn't have done better myself! This looks like real people, hardly formula driven and thankfully drives my statement against racial prejudice home, gracefully and heartfelt.",positive
"This movie was one of the worst I have ever seen (not including anything by or with Pauly Shore). I couldn't believe that a film could actually be THIS bad!<br /><br />Coolio has to be the single worst actor (again, not including Pauly Shore) to ever ""star"" in a movie. The temptation to hit the STOP button during this movie was huge (in fact, if there was a THROW IN THE TRASH button on my VCR, I would have been inclined to press that).<br /><br />Do yourself a favor, and do something more interesting than watch this movie, like watching the grass grow, or watching golf on TV.",negative
"This movie could have been an impressing epic, but the makers seem to have done their utmost to make it appear foolish. Even God Himself is not spared in this movie, in that His words are drenched with childish jokes. The result is blasphemous and annoying. Only people who don't care to see a cheap parody on the biblical story may perhaps watch this film without embarrassment. The makers of this tasteless production should see 'Il Vangelo secondo Matteo' (The Gospel according to Mathew), a film of Pier Paolo Pasolini, who shows that it is unnecessary to pervert the words of the Bible to make a good story; the most impressing result is obtained by a sincere rendering of the plain text itself.",negative
"i stopped this movie at 48 minutes and change... i don't know...maybe it's because i'm not Swedish...or french(the cannes commenter)...or any of those OTHER sleepy places from which the previous reviewers held forth... born and raised in NY. lived near san francisco for a quarter of a century. and now Holland. i love a good independent film as much as the next movie enthusiast... but this, in a word, isn't funny. see? now THAT's funny...that you're thinking that i made a mistake. i said, 'in a word' but then said, 'isn't funny'... nope. no mistake. if this is your type of humor, i'd say you haven't really had much of a life... consider your appreciation of this film a symptom... and PLEASE don't EVER write another review...i have a tendency to believe them when they're unanimous. even if there only were about 3 reviews before mine...i figured i might ACtually be able to save someone ELSE the boredom...the anticipation of laughter that never materializes... i DID smile once or twice, though... when i started the movie...and when i stopped it. that should be 10 lines.",negative
"Blonde and Blonder has Pamela Anderson and Denise Richards in almost every scene and if you want more from a movie you're being utterly unreasonable. It feels like a late era Carry On, when the series was no longer blazing trails, but was still more funny than not, think Behind or England and you won't be too far off the mark. Pamela and Denise are bubbly, charming and clearly aware this isn't a masterpiece they're making, although you can give me it over lots of things I'm told to like. The supporting cast are energetic, even if some of them aren't particularly good; I can't see a couple of duff turns in a movie that's already practically forgotten making much difference to anything, so just smile. I really do think Blonde and Blonder is ace and I hope you hate me for it.",positive
"I am usually a big fan of Pacino (Scarface, Serpico, Devils advocate) but since Scent of a woman he pretty much plays the same role and shouts a lot. This movie had no endearing characters to warm to. Brandon played by Bongo McConnahey is the least likable of the bunch. He nowhere even approached a real human being. Pacino was hopelessly unlikeable and my goodness how old is Renee Russo? The only high light of this wretched mess was the hot hooker with the perfect lipstick and she has like 10 lines total. Even the usually reliable Jeremy Piven was utterly unlikeable.<br /><br />Note to writers of movies, they do not usually work unless one of the main characters is at least a bit likable (noteable exception Scarface). As the movie closes and old Brandon is at the airport my only thought was, please let a plane crash into the airport and kill Brandon.",negative
"I first heard of this film when Patton Oswalt talked about it on his ""Werewolves and Lollipops"" CD. He said it was a lost classic that is completely ridiculous. Being a lover of terrible cinema, I knew I was in for a treat.<br /><br />This film is, hands down, one of the weirdest I've ever seen. Certainly one of the weirdest shlock films. Basically, a demon took human form years ago for a woman, the woman died or something, the demon cried blood, the blood fell on the bed, the bed is now possessed and it now eats. Along with fruit, flowers and chicken, it also has a taste for people. The people can range between horny teens, mayors, gangsters, servants or professional orgy throwers. There's also a sick guy who the bed ate but put his soul behind a picture in the room.<br /><br />Most movies let you figure out the plot through exciting action. Death Bed takes another path: it basically tells you through narration exactly what's happening while slow, dull murder scenes take place. Also, I must say everyone who's eaten by the bed are surprisingly quiet. I would think if a bed is eating you through the ways of a 5th grade science fair experiment, it would sting a little. I guess nerve endings weren't invented until 1981 or so.<br /><br />The story is wacky, the direction is slow and pretty awful, the sets are sparse, the acting it fairly painful and the brother is one of the unintentionally ugliest actors I've ever seen. Probably would make a great party film if alcohol and smart-asses are involved. Certainly one you shouldn't miss.",negative
"I don't know how to describe this movie. It's definitely one of the weirdest movies I've seen in a long time. It is very unsettling at times but also boring in other places. The scenes of dental torture are very elaborate and may attract anyone who's into gore & splatter. I found myself holding my teeth during some of the aforementioned scenes. The clever thing about the movie is that it plays with our fears and The Dentist is therefore quite unsettling.<br /><br />The humor of the film is somehow hidden and may not be recognized by everyone. But if you're a fan of weird and strange entertainment and teeth getting drilled to dust this is just the film you were looking for.<br /><br />If you read the comment and feel somehow attracted by this kind of entertainment, give it a try!<br /><br />My rating: 4/10 (maybe a little too weird for my taste)",negative
"This film is a fun little private eye detective story like they aren't made any more. It's all there: Tom Conway is the suave detective called The Falcon, Goldie Locke (what's in a name) is his wisecracking bumbling sidekick, Louisa Braganza is the damsel in distress, and of course there are the damsels maid, the professor with the secret formula, the bad guy that wants the formula, and the police inspector who's after The Falcon. There is a murder, and The Falcon gets implicated. The scenery is night clubs, expensive hotel rooms, a luxury train, the suburbs, and beautiful cars. Go watch this little gem when you see it pass by on afternoon TV!",positive
"I first saw Love in Limbo playing late on free to air TV about five years ago, and since then it's a movie I'll always remember warmly as one of those films you see and are forever influenced by.<br /><br />For the uninitiated, Australian film has a long history of making off-beat comedies about lovable losers, and Love in Limbo is a sterling example of this. Whilst Russel Crowe is the only name actor in it (although these days he's all a movie needs), the rest of the Aussie cast is good- he still steals the show as a nervous, nerdy, virgin loser though.<br /><br />The general premise is a lot like American Pie. A group of friends wanting to get laid and become men. As you'd expect, the entire movie focusses on this (with a sub-plot about the lead's mother and various other incidents), and is full of humorous situations that push it towards the inevitably sweet ending.<br /><br />If you enjoyed American Pie, don't expect this to be the same- but expect the same conventions to make appearances. Love in Limbo isn't a gross out romantic comedy- but it definitely has its share of laughs, fist pumping moments when the good guy wins, and the situations every guy, Australian or otherwise, can relate to.<br /><br />See it if you liked: American Pie, Almost Famous. Strengths: Good Aussie cast, easy to relate to, good perve value. Weaknesses: Predictable at points. My Rating: 8 out of 10",positive
"Where to start? Some guy has some Indian pot that he's cleaning, and suddenly Skeletor attacks. He hits a woman in the neck with an axe, she falls down, but then gets up and is apparently uninjured. She runs into the woods, and it turns out there's the basement of a shopping center out there in the woods. She meets a utility worker and Skeletor attacks again. Luckily, like any good utility worker, he's got a gun and shoots at the guy. Doesn't work, everything starts on fire.<br /><br />Cut to some people walking through the woods. Even though they've been hiking together for some time, they sit down and introduce themselves to each other. Wouldn't they have probably done that when they first met? Anyhow, they're ""undercover"" Delta team members (undercover, I suppose, because that way they don't have to pay to dress them in uniforms). The cute girls are various things such as a sniper school instructor and, oh, I can't remember the rest. It doesn't matter. Eventually they all take their guns out and immediately start aiming them at various things. ? Anyhow, they meet an old Indian who is sitting out in the woods. He wants beans. You know, like pork and beans? He mumbles some stuff, I can only assume that it's the premise of the movie. I relied on having heard the premise from the commercials, because you can't really understand anything he says.<br /><br />So, they walk around the woods some more. All the dialogue is a load of quasi-military, macho BS. I mean all of it, as in every single word. Like ""This reminds me of when we were in Kabul"" or ""This reminds me of when we were in Laos"". Skeletor attacks again. Let me give you a rundown of a basic attack. One of the female characters is crouched behind a tree and she aims her gun at the approaching guy on the horse. For some reason, she doesn't fire but yells several times for someone else. Then as Skeletor approaches, she jumps out from behind the tree so that Skeletor can stick her with his spear. Then everybody starts shooting. The bullets cause sparks to fly from the trees. Apparently the folks who made this movie never shot a tree with a bullet. They don't make sparks.<br /><br />Then Casper Van Diem is all of a sudden driving a semi-truck, trying to run over Skeletor. He misses, and the truck slides to a stop. Van Diem is injured, apparently he slid across the seat and bumped his hip on the window crank or something, so he crawls out of the truck and it explodes. Later he's in the woods dying and everybody says a bunch of quasi-military, macho BS. They meet a couple guys in the woods and blow their ""undercover"" status by immediately identifying themselves as being from the Army. They beat on the guys for some reason, then they go away.<br /><br />Some other stuff happens, people mumble, the camera shakes, etc.<br /><br />I think it comes to an end eventually.<br /><br />My theory is that the Sci-Fi Channel is getting a little annoyed with everyone bashing their movies, so they put this out to remind us all how bad movies can really be. Like, you think our movies are bad? Well, you haven't seen bad. HERE'S BAD!!! Okay, now that we've got that out of the way, the rest of our movies are pretty good in comparison, right?<br /><br />Well, it's just a theory.",negative
"It is a real shame that nearly no one under 30 knows the ""over the top"" writing of Michael O'Donoghugh- magazine articles and SNL skits that were genius for the time...and so it is a true shame that anyone who may take the opportunity to research his work will no doubt take the easy way out and watch videos- thus leading them to MR MIKES MONDO VIDEO. <br /><br />This movie has clever elements that never fully connect to the funny bone. The viewer experiences such things as cat diving/swimming with the man who thinks he's found feline happiness by hurling these kittens into a pool which the camera follows in slow motion and montage sequence. Then we are taken to an island to where all past fads are retired (hula hops, pet rocks, rainbow dread wigs etc.) Then we enter the music world (punk was a new variety of music at the time of this film) where ""D"" rate bar performer Rootboy Slim performs ""boogie till you puke"" in his own lazy style of dirt and eclectic sleaze. Now the real beauty of all this is the back ground music. In many different styles with many different instruments the sound of TELSTAR plays and replays- for those who don't understand Telstar was the first American Satellite launched into space and the theme was created to celebrate mans genius and triumph. MR MIKES seems to have been meant as a signal of societal decay ridiculous wastes. Now one thing the theater offered that the video release does not was a live performance of Sid Vicious (ex sex pistol not the wrestler) singing MY WAY. His version is very different than Sinatras as one might imagine but frankly I feel it is very much worth the listen...it's good! That is the sad part- in the VHS release Paul Anka refuses the rights of his song and the viewer is forced to experience 3 1/2 minutes of silence with an explanation rolling across the image of the singing dead sex pistol. <br /><br />I would give the theater release a 5 or 6 the video is closer to a 4 and now that so much is passé I can see where many people would give it a 3 or 2.5. If you want to see a good O'Donoghugh script watch SCROOGED...it is a better tribute to the mans insight and talent.",negative
"I've gotta say, I usually like horror movies that i've never seen... however, this one was just to pathetic for my gory taste. I'm used to the gory, gut wrenching types... but this particular movie was lame. The acting was horrible (yet the corny (no pun intended) one-liners were cute). And the sequel to it, Scarecrow Slayer was even worse! Yes, probably, when it first came out, there was a huge rave about it and people liked it. But when movies like The Ring and The Exorcist of Emily Rose come out, movies like these make movies like Scarecrow seem childish. If you want a movie to just pass the time, pick this one! The special effects are cheesy as heck. But seeing that it was a low budget movie, I can kind of see where that would come in. This will kind of remind you of the movie ""Children Of The Corn."" Independent movies rock.... most of the time. So if you want to see a scarecrow killing people with corncobs, or in the sequel, 2 scarecrows going at it, then these movies would be for you.",negative
This movie was a fascinating look at creole culture and society that few African Americans are aware. My own two children are by products of a paternal grandmother whose father was a member of the gens de couleur libre and a black skin woman whose parents were ex-slaves. He married outside of and against his culture and was cut off from all of his family except for one sister who took pity on her brothers plight; raising 8 children during the great depression of 1929; providing the family with food whenever she could. Of course she clandestinely aided this family fearing for her own ex-communication. My daughter was fascinated by the movie. We have made it a part of our library.,positive
"Early 80's creature feature concerns a long abandoned gold mine that some intrepid miners are determined to check out. Naturally, they find no gold down there but one very hungry monster that slithers along in search of prey.<br /><br />While I have to be honest and admit I found it dull at first (I personally prefer the thematically similar ""The Boogens""), it actually grew on me as it went along. Now, the characters aren't too interesting nor the actors either. The closest to an interesting character is Morgan, played by Keith Hurt. In any event, female lead Terri Berland is quite good looking and Rolf Theison makes his domineering jerk an easy person to hate. The writer played by effects man Mark Sawicki wears thin quickly.<br /><br />It begins in a comfortably predictable enough way, with a nighttime set piece in which two victims are claimed to get things off to an acceptable start. The monster itself is intriguing for its design (as you can imagine, it gets revealed a bit at a time until late in the game) and for being the product of stop motion animation when this process was no longer used very much. Director Melanie Anne Phillips (directing under the pseudonym of David Michael Hillman) and crew deserve some credit for their creation of atmosphere. They manage to make the film look quite claustrophobic and gloomy, and their use of lighting works well. The film does build in intensity towards a pretty good ending. Suffice it to say, they do the best they can on their low budget.<br /><br />An obscure little item worth looking into for die-hard horror buffs.<br /><br />7/10",positive
"I have done quite a few reviews on IMDb and this film is unique in that I never saw the entire movie. It was so terribly stupid and unfunny that I just couldn't sit through it--though I tried.<br /><br />The biggest problem with this and any Mel Brooks movie I call ""the Mel quotient"". In other words, the better his movie, the less of him you see in the film. Think about it--The Producers and Young Frankenstein were great films and he was barely in them at all. BUT, films like Life Stinks and Space Balls are chock full of Mel and are pretty dopey movies (yes, I DID NOT LIKE Space Balls--but this isn't the place to talk about that).<br /><br />Second, apart from cancer, rectal itch and mental retardation, I can't think of a less funny topic than homelessness. This is just a comedy breaker. Think about it, folks. The FUNNIEST(?) scene in the movie has Mel making whoopee with Leslie Ann Warren in a dumpster!! And this is funny in what way?",negative
"I bought this movie sight unseen at a sci-fi convention and I got what I deserved for doing something so silly. Simply put this movie is implausible, boring and unwatchable.<br /><br />I was so bored and disgusted with the lack of plot development that I turned it off to watch a repeat of Mythbusters. I understand that this was a very low budget move, or least it looked like a very low budget move, but that does not excuse the horrible acting, terrible plot and even worse camera work. It looks like something a group of college students did in between classes and getting drunk.<br /><br />Maybe if the villain wasn't so laughable and the plot was something that actually could happen in real life with respect to law enforcement it might become so bad it's funny. This movie isn't funny, it's just bad.",negative
"pardon my spelling. This is probably the funniest horror movie that ever existed. Think evil dead * 1000. The acting is horrible, you can see the makeup line on a certain lady's face. there is a lesbian scene, which makes no sense at-all. And the ending, haha ohhhh the ending... be prepared to have your stomach hurting from laughter. Now if you watch this film for more then 5 minutes and are still expecting something, take a look at your self, and ask what the hell is wrong with you. This is a very bad movie, meant to laugh at and enjoy for its pure silliness.<br /><br />Don't forget to watch all the outtakes after the movie, you can see just how low budget the whole thing really was. All in all this movie is a rare gem in demonstrating the pure and udder lack of talent/care/ability/money/ and anything else you would ever need to make a successful film. But its definitely worth watching.",negative
"Bottom-of-the-barrel stinker is so bad it's beyond funny. The ""plot"" is about an American mercenary, played by Reb Brown (in the film he's called a ""military adviser"" but it's not really clear if he's in the American military or not), helping the army of a Latin-American country fight guerrillas who winds up joining the guerrillas when the government turns on him, imprisons and tortures him. Shannon Tweed is a ""sports equipment saleswoman"" he picks up in a bar who gets caught up in all the intrigue. That description actually makes the movie sound better than it is, because it's really a stinker of almost Biblical proportions. How bad is it? Well, Shannon Tweed turns in the movie's most professional acting job. If that isn't an indication of just what a 12th-rate piece of junk this turkey is, nothing is From mismatched sound effects to a music score that sounds like it's from a 1940s ""Z""-grade horror flick (and may very well be) to the same footage (i.e., armored personnel carriers going down the same jungle trail) reused constantly to some of the most ineptly staged ""action"" scenes in recent memory, this laugh-a-minute sludgefest has to be seen to be disbelieved. Tweed looks bored, Brown looks hung over, and by the time this thing is finished--if you can last that long; I couldn't--you'll know just how they feel.<br /><br />Although there are a lot of explosions and gunfights, this can't be considered an ""action"" picture by any stretch of the imagination. It's boring (there's a scene in the back of a truck where everybody just stares at each other for three or four minutes), repetitive (the same ""rebels"" and ""soldiers"" being killed over and over), illogical (when a group of rebels is caught in an open field by a government helicopter gunship, instead of breaking for cover they just stand there staring up at it), inept (soldiers and rebels falling ""dead"" when no gunshots are heard, a gun battle inside a house where combatants standing against walls are machine-gunned but miraculously the walls escape undamaged) predictable (when the ""Governor"" says to offer a reward for Brown's capture because ""someone"" might turn him in, you know exactly who that ""someone"" will be, and it turns out to be exactly who you thought it was) and just downright stupid (pretty much everything else in the picture). Inept, brainless and stupid beyond belief. Don't waste your time.",negative
"....and now I'm up to episode #7. I really was hoping it'd be over by now (not to mention canceled, once everything connected with the show -including the actors - had been dumped along with some toxic waste in the middle of the ocean somewhere, never to be seen again), because this series really is dire. <br /><br />To have this program listed under the genre of 'comedy' is at best misleading! It's so hard to believe Ben Elton could write something this bad, maybe this points to a lot of input from the other writers in everything he's been connected with before. In some episodes I haven't even laughed once!<br /><br />Oh, and I can't believe Ardal O'Hanlon actually stopped doing 'My hero' & started doing this instead, his decision making skills were obviously impaired that day - perhaps he simply can't read, and didn't realise just how poor the scripts for 'Blessed' were. Don't get me wrong, 'My Hero' is not masterpiece, but it's a million times better than this piece of junk.<br /><br />And just to annoy me even more I bet this gets a DVD release as well, when there are so many great TV series' that aren't getting released!",negative
"The novel is easily superior and the best parts of the film are direct translations from what Greene wrote; for instance the quiet but grim humour that breaks into the scenes with Boyer and Lorre, or the murdered-child obsession that takes over some of the plot. Where the film deviates from the novel, it tends to the ludicrous.<br /><br />However I don't want to suggest that the film is bad in any way. It always looks the part and the story stays in the mind like a good 'un. Some of the minor characters were stock actors who could turn their hand to anything.<br /><br />It's a dreadful shame that the film's not available on DVD.",positive
"Black Candles is rather a muddled mess from the same director that brought us ""Vampyres"" and much later, ""Rest in Pieces"", among others..I'm only noting the ones I've seen. At any rate, we have a couple making love and then somewhere near by a pin is poised over a voodoo doll and then pierces it, and the man keels over. Not sure if it was good for either of them, at that point. Fast forward to where the man's sister has come to the house to investigate and hear the reading of the will, or something to that effect, and of course everybody else except her is in on something, which happens to be devil worship. It's really hard to say who is who at moments during the movie and it does get a bit confusing at times. To spice things up though, there's a simulated bestiality scene (I HOPE it's simulated) with a black goat, sure to be a crowd pleaser. Ugh. At times this echoes ""Rosemary's Baby"", minus the baby, because the hostess is always giving one woman herbal tea and the place reeks of whatever nasty Satanic herbs these are too, because that keeps getting remarked upon. However, the herbs aren't the only thing that reeks about this film. The end seems to be back to the beginning again, and many viewers might find themselves wondering where they've been during the middle part. It's not unwatchable, it's just not very good, and I guess it all depends on what you like to see in films, and there wasn't much here that did anything much for me. 3 out of 10.",negative
"It's nice to see Julie Andrews trying a straight dramatic role here--something she hadn't done in awhile--but her character of Judith(wise they didn't try to pass her off as a 'Judy')has the old refined manners and tomboyish hairstyle of yore, and Andrews enacts 'grown-up' as any other actress would interpret frigid. It's a surprisingly bland drama set in Barbados involving Omar Sharif(not the liveliest leading man around--not even in 1974!)hoping to make Andrews a spy while also slowly leading her into the proverbial bedroom. Unmemorable outing does have some camp value: the James Bond-like credits at the beginning are a cheesy hoot. As for Julie: she's quiet and contemplative, but that doesn't do much for the audience, or for the film. Blake Edwards paces the freakin' thing like a funeral. * from ****",negative
"This movie is bad. I saw the rated and the unrated versions. They are terrible!! Now, I know it's suppose to be a low budget, porn spoof of spiderman, but Spiderbabe is just not good at being bad-good. It's not funny! Not funny at all!! I wanted to laugh. I tried to laugh. But this movie let me down. At least the unrated version has lots of nudity to look forward to. And is it me, because Mundae is not a great looking woman. From the waist down she's okay, but on the way up leaves much to be desired. She does look good in that school girl outfit. Please, if you must watch this spiderbabe, rent it first. Rated or unrated, doesn't really make any difference, they're both bad to me!!",negative
"OK. Who brought the cheese. I love it. During it's run it became a phenomenon. The Anorexic Twins became popular.Bob Saget started making a paycheck (Instead of his REALLY funny stand-up). And people knew who Dave Coulier was. This is when life was good and simple. This is one of the great American classics. It was humorous and always brought home a good lesson. And this is where I differ from the norm: I liked the last few seasons. Like Home Improvement, when children get older there are a lot more you can do with the script. This is why I dare say...It could have gone much later than it did. But anyway. I gave it an 8/10 because of its wholesome, funny story lines, and because of Bob Saget!",positive
"so yes it is quite nostalgic watching the 1st episode because this is the one episode i definitely remembered. i enjoy watching the first season and yes compared to the action packed shows we have now this show seems lame. but frankly i like the ""less violent"" part of the show and the story line has more substance than the new ones now. I thought it interesting that Belisario's Airwolf and JAG have similar theme - the lead actor (Hawke and Harm) both are looking for an MIA relative (brother, father). wonder if Robert Belisario's personal life mimics these 2 shows' theme.<br /><br />Question - does anyone have pictures of Hawke's cabin. I love that cabin (kinda like a dream cabin of mine) and that is one of the scenes i remember about Airwolf.",positive
"When this film opened back in 1976, legend has that it was met with massive jeering and disdain --- it was widely considered a failure. I vividly remember Ebert giving it one star and it was supposedly booed at Cannes.<br /><br />Apparently these people didn't understand the movie, which is not that hard to comprehend since it's very esoteric, dark, and layered in ways that still astound me. Reading through many of the reviews here I find (even after about 7-8 viewings over the years) many elements of the film I had previously glossed over. But even without understanding much the psychological underpinnings of the story, it's still a cracking suspenser...even if you just take the escalating paranoia and persecution that overtakes Polanski's title character like a tsunami wave over the course of it's two hour running time.<br /><br />Examining the source material --- an excellent novella by underrated novelist Roland Topor --- uncovers more intriguing layers. Polanski's Trekovsky is a milquetoast of the highest order. Though he seems at first to be yet another mild everyday soul, one gradually realizes he is one of those people who seems to aimlessly drift through life, letting it direct him. He seems to have few strong feelings about his likes and dislikes. He finds himself gently pushed this way and that, but never seems to get too bent out of shape regardless. This vague sort of wishy-washy-ness is more noticeable in the novel than the movie, but there are hints of it early in the film too.<br /><br />Making a play for the apartment of a woman, one Mademouiselle Choule, who is in the hospital recovering from a recent suicide attempt, appears to be the most daring thing he has attempted (even effectively haggling down the price of the deposit in the bargain). He soon finds, however, that he is paying for his ""good thing"" in more ways than he cares, as he finds himself in the center of maelstrom created by a building full of neurotic, control freaks who are hypersensitive to even the slightest sign of human life, such as a footstep in the night or a knock on the door.<br /><br />Instead of taking a stand though, Trelkovsky becomes increasingly alienated by the situation, and overtaken by paranoia and a sense of persecution. He becomes obsessed with Choule, imagining himself to be like her, dressing like her, etc. as his own personality rapidly begins to be wiped away by his own insanity.<br /><br />If anyone has ever doubted Polanski's fearlessness as an artist, they'd be well-advised to see this film. His trademark black humor is prominently (and sometimes embarrassingly) on display here and --- god bless him --- he makes himself the butt of it. It's a tour de force performance in one of the richest, riskiest, most Gothic horror movies ever made. That more people haven't seen it is a true crime.",positive
"The Monkees, surprisingly, are a big favorite of mine. Yes, they might have been the original manufactured rock band; a gimmick that certainly has reached overkill in the 21st century. However, their music holds up as some of the best the 1960's had to offer. Last Train To Clarksville, Daydream Believer, I'm A Believer, (I'm Not) Your Stepping Stone, Valleri and Pleasant Valley Sunday are great songs, written by good songwriters such as Boyce/Hart, Neil Diamond, Goffen/King and John Stewart. While they weren't great musicians or songwriters, they had a likable screen presence and plenty of appeal and some of their own stuff was actually decent. Their T.V. show is dated stuff in 2007 but I still watch the show on occasion as a time capsule to life in 1966-1968; that magical and dangerous time in U.S. history.<br /><br />However, as we all know, as a portent of things to come for the likes of Kelly Clarkson, The Monkees didn't want to be considered manufactured and just puppets for their recording company. Despite their average talents, they wanted to write their own songs, produce their own albums and call the shots when it came to tours. Sadly, this turned out to be a disaster; especially when Peter Tork's choice of Jimi Hendrix as an opening act was nixed due to his stealing of the show and heavy sexual suggestions in his music compared to The Monkees G-Rated content.<br /><br />However, the final nail in the coffin for the Monkees (until 1986) was the infamous motion picture Head. Head was written by Bob Rafelson and Jack Nicholson while they were allegedly high on the Mary-Jane. The film received poor reviews and only made $16,000 in the box office. Today, the film is a cult classic, ahead of its time and delivers a message of what was on the minds of the youth in 1968, the Summer Of Anger.<br /><br />Head really has no plot. Basically, one to four of The Monkees lurch from scene to scene without any rhyme or reason. They go from eating in a diner, to seeing Davy Jones getting bashed by Sonny Liston, to a Western, to being sucked into a vacuum, to performing at a concert and so forth. The film basically offers up oblique opinions of what was wrong with American society. The Monkees bash commercialism, the war in Vietnam, American policy, censorship, the Establishment and greed. You have to read between the lines to see what the targets of derision were.<br /><br />The Monkees spend a lot of time boxed up at certain junctions of the film, symbolizing how they felt their record company saw them; as nothing but toys for them to play with when it was time to record another hit album. A scene where they are outnumbered 16-4 in the Western scene could be a symbol of them against the session musicians, songwriters, record producers and whatnot who controlled their careers and the cannon they fire at them is their way of saying ""Begone!"".<br /><br />The film is truly a psychedelic trip to behold. The flashy tie-dye colors, the hypnotic concert and belly dancing scenes and the druggy imagery is everywhere. The acting is actually very good but that's being biased as I like The Monkees T.V. show. A small soundtrack features ""The Porpoise Song"" and three songs written by The Monkees themselves.<br /><br />The film actually has some hilarious scenes on occasion; although maybe they weren't supposed to be. Mickey Dolenz beating up a Coke Machine that didn't give him a soda or his violent punch-ups in the boxing scene (I mean, he was a wiry guy who probably weighed no more than 135) had me laughing it up.<br /><br />All in all, this movie is an absolute must-see for any Monkees fan. I think a lot of people will feel this movie is indeed ""over their Head"" but for those obsessed with the 60's and society at the time will find it a great time capsule.",positive
"Average (and surprisingly tame) Fulci giallo which means it's still quite bad by normal standards, but redeemed by its solid build-up and some nice touches such as a neat time twist on the issues of visions and clairvoyance.<br /><br />The genre's well-known weaknesses are in full gear: banal dialogue, wooden acting, illogical plot points. And the finale goes on much too long, while the denouement proves to be a rather lame or shall I say: limp affair.<br /><br />Fulci's ironic handling of giallo norms is amusing, though. Yellow clues wherever you look.<br /><br />3 out of 10 limping killers",negative
"I normally am a glutton for poor movies, but this thing stunk.<br /><br />Do not watch this movie.<br /><br />Terrible effects and very little humour, what the hell was the point of making this movie? No gore to speak of and no acting to speak of.<br /><br />I could only manage 45 minutes of this rat dropping of a movie, and that is rare for me.<br /><br />Something positive to say about this drivel? cover art was OK, I am pretty sure the movie has a ending too, even tho I did not make it to it.<br /><br />The rats were unorganized and blew their lines constantly,they lacked intensity and seemed just to be going through the paces for their paycheque. The actors were worse.",negative
"I'm not sure what version of the film I saw, but it was very entertaining.<br /><br />I did not know who the ""Twins"" were (Gillian Chung and Charlene Choi) before seeing this movie and I think the English translation of the title is somewhat misleading.<br /><br />The martial arts are very nicely done. I especially liked them, because there was a lot of judo/grappling that was filmed very nicely. Donnie Yen (see him in Hero, great performance) as a director is great as he knows how to shoot these scenes.<br /><br />Everything seemed to flow for me, except there is one scene where the girls are on the rooftop fighting with bamboo poles. It has really nothing to do with the plot, but it's still entertaining.<br /><br />Overall, this is one of the better (modern) HK action flicks I've seen in a while. Although cheesy in some respects, it still pulls it off.<br /><br />Definitely a 9/10",positive
"OK where do i begin?... This movie changed my life! The plot was seamless. James Cahill has out done himself. Initially after a first viewing i was disappointed that i hadn't seen it on the silver screen. However this was before exploring the DVD's many features!!!! Oh my god Jakes Cahill's commentary of the film was almost as flawless as his acting. he told of industry secrets used in the film that you only get with experience.<br /><br />I was so impressed by the other actors. The scene where the security guard is talking to the girl in the hallway, reminded me of some of my favorite blue (pornographic) movies. I am certainly with Gangsta when he expresses his disappointment with no sequel.<br /><br />I am still blown away with each viewing of the martial arts skills involved, matched only by the sign indicating the location of the library at the school... and possibly the guy playing a retard! All in all a timeless classic and the best film to come out of Europe in years! where my Oscars at dawn!!!!!!!!!!!",positive
"After seeing The Aristocats: Special Edition in a two pack with The Fox in the Hound, I decided to buy it since both of these films were childhood favourites.<br /><br />The Aristocats is a classic, definitely. It might not be a five-star classic, but it is a fun film and makes a good evening's entertainment. It is somewhat a light refreshment from the darker, more serious Disney classics. The Aristocats tries to be a light-hearted musical comedy, and I think it just about succeeds.<br /><br />The storyline doesn't really make much sense and I don't think the plot is particularly strong, but it is certainly not weak. The animation and backgrounds are a bit scratchy in places, typical of Disney's 70s films, but it does have a rustic, old fashioned charm about it.<br /><br />The Aristocats strongest points are the characters, the music and the humour. The music is very memorable - try getting 'Everybody Wants To Be A Cat' out your head in a hurry! The songs are written by the Sherman Brothers, who also did the music for The Jungle Book. There was one song called 'She Never Felt Alone' that was going to be in the film, but sadly didn't make it into the final feature. It is a shame, because I think it would have fit in very well.<br /><br />The characters are unforgettable. Thomas O'Malley is voiced by Phil Harris, and is basically Baloo in a feline form. Eva Gabor gives Duchess this warm and maternal feel and the kitten's voices actually sound like children, and not an actor imitating the voice of a child. The secondary characters are here by the dozen and yet you still end up understanding their personalities. Edgar, the 'villainous' butler plays a similar role to Cruella De Vil, but he's more comical than scary, often ending up in funny situations. Even though he's the bad guy, he's still lovable all the same.<br /><br />The two British geese - Abigail and Amelia really had me cracking up, along with their crazy (and drunk) uncle. I also like the dogs, who tend to argue over who is 'the leader.' I could go on, but I won't spoil it. But I can tell you, The Aristocats is funny and will entertain everyone without having to resort to rudimentary toilet humour.<br /><br />The bottom line - The Aristocats might not be Disney's crowning achievement, or even their strongest film from the 70s (that award is a tie between The Rescuers and The Many Adventures of Whinnie the Pooh). But it is an enjoyable romp and is sure to entertain. If you are looking for a dazzling work of art, you might be better off watching Bambi. But if you want a fun night in, The Aristocats is the way to go. It is a charming and lovable film and it's impossible to dislike. Enjoy! (And besides, it's good to have a film where cats aren't seen as the villains).",positive
"Just saw it....the story, the plot, the script makes absolute no sense!! Its Samvise the brave part 2(without the RING), its characters showing up out of the blue(for no reason),its Hercules hated by everyone(no one knows why), its Leelee Sobiesky showing her true talents(two of them), its crappy special effects, its a few good actors wasting their talents(did I mention Leelee's two talents??)... do I have to say more??? ITS JUST AWFUL, even for NBC-TV standards!!! Its just the lowest....what a waste! by the way: how can you people give this mini-series so many stars????? Its beyond me!.... Shame on you! Have to make 10 lines, so this is my final word: AVOID, AVOID, if u are considering buying it!",negative
"The first time I had the window of opportunity to see this all but forgotten classic was back in the early 1980's,at one of our art houses as a revival. As I watched this fever dream of an exercise in 1930's sexuality, I thought YOWZA! They got away with murder in Europe back in the day. Unfortunately, this film was heavily cut in it's original U.S. release by the blue nosed Hayes Office (the staunch government censorship board,started by the ""holier than thou"" Bible thumper, Will Hayes...a former Post Office official,if you can believe that),due to it's overall theme of human sexuality (Heaven's forbid humans actually had sex in the 1930's). The plot of Ecstasy concerns a young woman (played by Hedy Lamarr)who marries a much older man,and later regrets it. She (Lamarr)meets a handsome younger man & has an affair with him, resulting in a divorce from previous husband (another no no in Hollywood movies back then---Divorce!). Despite the fact that the film was produced in 1933, it was probably the director's first time working in the sound format (i.e. the film seems to possess techniques that were used mostly in silent films---i.e. 1920's expressionism's). It's still worth searching out for a window into early European talking pictures,along with Luis Bunuels L'Age Dor (1930),and Karl Gustav Dryer's 'Vampyre' (1931). Not rated,but contains that infamous nude swimming scene & some thinly veiled sexual references, which would fare little more than a PG-13 by today's standards (but would have easily landed the dreaded 'X',back in the 30's,if it existed then)",positive
"Just to clarify, Matthew Poncelet wasn't a real person, but a character combination of 2 killers who were BOTH convicted and sentenced to die for a murder of two teenagers.<br /><br />I read the User Comments and they react as if Matthew was real. The character is based on a mixture of two killers, Elmo Patrick Sonnier and Robert Lee Willie (who murdered separate people) and the murder itself was based on the one Willie committed. The conflict of both Willie having someone else present and both parties swearing the other did the killing is worked into the story as well.<br /><br />Prejean's approach is unique in that she not only is ministering to the convicts as they wait for their death and aiding them in taking responsibility for their actions, she also reaches out to the victims' families, to help them know that the convict did, indeed feel remorse for what they did-effectively aiding both parties.<br /><br />Everyone posting here seems to have strong beliefs on the Death Sentence. It's not my place to say it's right or wrong-in theory punishing death with death makes some sort of Karmic sense, however denying a person their freedom for the rest of their days, although costly, makes more sense to me-being stuck in a small room 23/7 (with one hour of exercise)for the rest of their days to be reminded of the cruel thing they did seem a more apt punishment-they are technically alive, but denied living. Say someone killed someone so they could get out of the responsibility the person they killed required (like Susan Smith killing her poor kids by shoving her car into a lake). I find it fittingly ironic that they would not get that ""freedom"" they craved and would now have to spend the rest of their days imprisoned.<br /><br />Prejean's point comes through the story very well. She has my respect-she manages to find that balance-she isn't supporting a killer, she is guiding them to accepting what they did. If they didn't feel some kind of remorse, they wouldn't be asking for spiritual guidance.<br /><br />Ona final note, when Poncelet apologizes to Delacroix parent for killing his son, the parents of the girl who was also murdered mutters something about why he didn't apologize for her death. I think the point was that throughout the movie, Poncelet denies killing both kids. There is doubt in Prejean's mind he did both killings-there is a friend who was sentenced but not to death-my thought is that Poncelet killed the Delacroix boy and the other man murdered the girl-hence Poncelet was taking responsibility for what he did. Had he been responsible for the girl's death, he probably would have apologized for that as well.",positive
"Why, o' WHY! ...did I pick this one up? Well... i needed a no-brainer in the summer heat, and the cover looked cool.<br /><br />Of course I should've known better. This is a really, really bad movie. And it gets embarasing when the makers know it's bad, and try cover it up by adding some sexy/beautiful women, and some sex-scenes to it. Well, folks... it does'nt cut it, does it!<br /><br />If you WOULD like a cool movie about a big reptile that is actually very, very good, well-played and funny: go rent Lake Placid! (that is an order)",negative
"What on earth has become of our dear Ramu? Is this the same man who made Sarkar, Satya, and Comapny? I refuse to believe so. If AAG was Ramu's most ambitious project, he has clearly jumped off the high cliff he has ascended by giving the industry some of the greatest works of all times. This movie is made to fall like a brick. I was cringing to leave the theater, but I was forced to sit because I wouldn't have been able to take my car out of the parking lot before others also left. Else, nothing would have made me sit beyond interval.<br /><br />This movie is nowhere close to Sholay. It doesn't even come near it within a mile. I believe Ramu surely loves The Godfather more than Sholay, since Sarkar was a classic piece of work. I read Ramu's interview a couple of days back, in which the interviewer said that Ramu doesn't sleep for more than 4 hours a day, that too not at a stretch. I completely agree with this now, as his lack of sleep has probably taken its toll on the movie.<br /><br />There is no power in the performance. Amitabh Bachchan doesn't even look scary. He looked more terrifying in the few posters and wallpapers I saw earlier. Ramu's favorite Nisha Kothari did a fantastic job in Sarkar because she didn't have many dialogs (in fact none if I remember clearly). She opened her mouth in this movie, and has found a place in history. The new guy playing Jai's role seems to have that brash look, but didn't manage Jai's role at all. I cant go on... Im sorry... my pain is too big for me to manage right now.<br /><br />I promised myself throughout the movie that I will watch the original Sholay once more just to see that it is still there.<br /><br />Bottom Line: Horrible movie. The media and critics are going to cook Ramu's goose. And just to remind all readers once more, I am one of the biggest Ramu fans, and even I cant spare him for this act.",negative
"This movie was by far the worst movie I've ever had to endure. I couldn't believe that they tried to pass it off as a serious movie, it was so bad I couldn't even laugh at it's pathetic attempt to entertain me. If you want cheesy horror that you can laugh at, rent Dr. Giggles instead.",negative
"Great characters, great acting, great dialogue, incredible plot twists in plain language one of the best shows I've ever seen in my life. Do yourself a favor and watch this show, you won't regret it. This show re-writes the book on Sci-Fi!",positive
"This movie is just funny. mindless, but funny. to enjoy this movie completely you can't have a perception of how a film like this goes and just enjoy all the side jokes and puns which are involved with the film. I still find the bit at the start funny when he says ""want a beer........cock"". funny stuff. but what makes the film decent is the fact that it doesn't try to hard to create a serious spin on the film, too many comedies try to have serious aspects which you just don't believe. But this is different and just focuses on being funny. I must say though, Yasmin bleeth is terrible in the film and adds nothing but the 3 main guys, coop, remer and squeak are very funny to watch and make the film great to watch",positive
"This is the Columbo that got directed by Steven Spielberg at an early point in his career. It's nothing sensational but some small hint of great things to come for Spielberg can be seen in this movie. The movie is basically in the same style as most of Spierlberg's '70's movies and TV works. So that means that some characters tend to show some quirkiness's and no I'm not just talking about the Columbo character alone. The kind of character quirkiness which perhaps can be best seen in the 1975 Spielberg movie ""Jaws"". But other than some small hints of typical early Spielberg elements, you can't call this movie the work of- and fine example of a rising director star. Not that its bad, of course it isn't but as I said earlier, it also isn't anything too sensational.<br /><br />This movie began really well and very promising but after it's fine opening, in which as always the murder occurred, the movie became sort of more slow and also dull to watch. Dull because it's mostly a Columbo movie by the book that doesn't have real memorable moments in it, not dull because it's a boring movie to watch.<br /><br />The murder itself was quite ingenious and the concept of having a crime story writer murdering his writing partner showed some great and interesting potential. The story however didn't really explored all of its possibilities. At least that's the feeling this movie left me with.<br /><br />The movie was still a good one to watch nevertheless thanks to the character of Jack Cassidy, who thinks he's smarter then Columbo, due to his mystery/crime writing experience and tries to give him all kinds of possible hints, leading away from himself. But of course Columbo knows better and he is his number one suspect from the first moment on but he as usual plays the game along.<br /><br />The movie does have a good overall style and uses some fine camera position and editing. Funny to see that also most of this was all mostly consistent with Spielberg's later work, especially some of the camera-angles.<br /><br />A fine and perfectly watchable Columbo movie but don't let the name of Spielberg attached to it rise your expectations for it too highly.<br /><br />7/10",positive
"Though derivative, ""Labyrinth"" still stands as the highlight of the mid-half of the six-year-old show. Finally a story allows Welling to show how he has grown as an actor. It's not easy playing a character that is the embodiment of ""truth, justice, and the American way"" on a weekly basis with very little variation. His performance, permitting him to show how one might react if he/she discovers that all that he knew may be a lie, was quite believable.<br /><br />Welling rose to the occasion marvelously.<br /><br />As always, Michael Rosenbaum, as the ""handicapped"" Lex, delivered, as did Kristen Kreuk as a too-sweet-to-be-believed Lana. Allison Mack, the ever-present Chloe, also scored as a slightly ""off-her-rocker"" version.<br /><br />The use of an annoying hum in the background added to the tone of the installment and made for an engaging drama.",positive
"I just got done watching The Edge of Love (by the way, this is one of the worst titles so far this year) and it felt like a chore. Watching Keira Knightly's unlikable, skeleton-looking character made me cringe even more throughout the coarse of the film.<br /><br />It took me four nights to watch this it was so boring. The only good thing about it was Cillian Murphy. He's always good/believable and is severely under looked in many films. This, however, was just not good enough for him.<br /><br />Apart from the unlikable characters, boring storyline, the plot was also emotionally unsatisfying. I felt like I spent my time watching this for nothing (which I did). I should have done the smart thing and turned it off, but I kept it on out of respect for Cillian Murphy and the great cinematography.",negative
"""A Minute to Pray, A Second to Die"" is a quality spaghetti western with a solid cast and an interesting storyline. It is filmed beautifully, with a relatively high production value for a film in this genre.<br /><br />Alex Cord does a terrific job portraying Clay McCord, an outlaw who is suffering from increasingly debilitating seizures. He is seeking amnesty before his enemies close in on him, but is being too cocky for his own good when he asks for it. Robert Ryan delivers the best performance in the film as the governor of New Mexico. Mario Brega and Arthur Kennedy are also great here.<br /><br />This movie is very good, but it doesn't stand out to me as being one of the best spaghetti westerns out there. It's lacking too much in style to be in the same league as any of the great ones. It does have some cool spaghetti overtones, but overall it's a bit too much like an American western. This is especially evident in the music score, which is OK as movies go in general, but pretty dull by euro-western standards. The soundtrack kind of reminds me of the music from ""The Unforgiven."" Although there is an interesting story here, it is told in a manner which is a bit too conventional for my tastes. If a spaghetti western fan and a Hollywood western fan had to watch a movie together, this one would be the perfect compromise.<br /><br />All of this is not to say that anyone should avoid this film. I did enjoy watching it very much. As I said, it is a very well-done film and I recommend it to anyone who likes westerns, spaghetti or otherwise.",positive
"Like in a circle the movie leads back to its point of departure, the image of the cranes that are crossing a Muscovite sky. They represent the freedom to realize your life as you wish, in order to aspire the greatest possible fulfilment.<br /><br />In the beginning Veronica and Boris experience such a promise of happiness, and their eyes follow the path of the cranes in exhilaration. It seems as if they might be able to live according to their dreams.<br /><br />But Man is not a bird. Life draws up its own rules, from which no human can escape and which we cannot change - not even by making a supreme effort. War breaks out, and without much hesitation Boris signs up for the front in order to fulfil his patriotic duty. He cannot even say good-bye to Veronica, for she arrives late at the assembly point from which the soldiers are sent away. Surrounded by a jubilant crowd all her attempts to attract Boris' attention must inevitably fail.<br /><br />Boris eventually gets killed in war, without Veronica learning about it for the moment. His brother Mark, a vigorous musician, who obtained the exemption from military service by corruption, is eager to take his place. Veronica initially resists, but in a frightful night of bombing she finally falls victim to his charms. A marriage takes place, which is never accepted by the family.<br /><br />Soon feelings of guilt seize hold of Veronica and she realizes that Boris' return is the one and only thing she actually longs for. She therefore eases her bad conscience and despair by the self-sacrificing work in a field hospital.<br /><br />When war finally is over, once again a crowd of enthusiastic people gathers in order to cheer the victorious soldiers. Again Veronica is among them, forcing her way through a wall of bodies. In her hand she is carrying a bunch of flowers, until she finally has to give it away to complete strangers, for one of the homecomers has just dashed her hopes by confirming the sad certainty of Boris' death.<br /><br />Once again the cranes invade the sky, drawing their wayward lines. But now Veronica is watching them on her own, and the look in her eyes is a different one. She has had to accept the impossibility to live according to preconceived plans, to follow the guidelines of your dreams. For all humans are nothing but helpless puppets hanging on the inscrutable strings of fate.<br /><br />",positive
"I loved it, it was really gruesome and disgusting. I thought that the tearing of the human flesh was thoroughly provacative. the way that it was depicting the human crucifix about Jesus Christ was really interesting. The tearing about limbs and jaws was awesome brutally gruesome. Don't watch this if you have a weak heart, you wouldn't be able to stand it.",positive
"There's so many negative reviews about ""Stay away, Joe"" in here I just can't stay quiet any longer and let this injustice happen. Here's a side you haven't heard yet.<br /><br />Elvis Presley's movies are my guilty pleasure for a simple reason: they are perfect films for a pure relaxation because I don't have to think when I watch them. That means I don't have to worry about missing a complex plot because there never is a proper plot to start with. I can just kick off my shoes, grab a beer, sit back, switch off my brains and enjoy all the general wackiness and catchy easy-going rock n' roll tunes from the grooviest decade of them all.<br /><br />In my books ""Stay away, Joe"" definitely falls into the ""so bad it's good""-category. Now if you're like me and appreciate ""the trash value"", this is the ultimate 1960's camp experience. It's so bad that it's almost surrealistic to watch and just when you think that it can't possibly get any worse it surprises you in the most imaginable ways. In the end you're so amazed by all the new levels of stupidity you just don't know whether to laugh or cry. In a nutshell: I love it because it's so damn amusing that there once was a generation that actually made films like this. I still give it 1 out of 10 though - once it hits the bottom 100 it will became an instant bad movie classic.",negative
"I have never understood the appeal of this show. The acting is poor (Debra Jo Rupp being a notable exception), the plots of most episodes are trite and uninspiring, the dialogue is weak, the jokes unfunny and it is painful to try and sit through even half an episode. Furthermore the link between this show and the '70s' is extremely tenuous beyond the style of dress and the scenery and background used for the show -it seems to be nothing more than a modern sitcom with the same old unfunny, clichéd scripts that modern sitcoms have dressed up as depicting a show from twenty years ago in the hope that it will gain some nostalgic viewers or something like that. Both ""Happy Days"" and ""The Wonder Years"" employ the same technique much more effectively and are actually a pleasure to watch in contrast to this horrible, pathetic excuse for a show",negative
"I thought this had the right blend of character, plot, futuristic stuff and special effects without going over board. It will take a while to get going, but the acting was good and I was intrigued by the angel who is not to hard to look at. I like the attitude too! Certainly not like other attempts at futuristic stories.",positive
"Oh dear. I was so disappointed that this movie was just a rip-off of Japan's Ringu. Well, I guess the U.S. made their version of it as well, but at least it was an outright remake. So, so sad. I very much enjoy watching Filipino movies and know some great things can come out of such a little country, so I can't believe this had to happen. Claudine and Kris are such big names there, surprised they would be affiliated with plagiarism. To any aspiring movie makers out there in the Philippines: You do not have to stoop this low to make money. There are many movie buffs that are watching the movies Filipinos put out and enjoying them!",negative
"Sarafina was a fun movie, and some of the songs were really great. Sarafina was very entertaining. I don't normally like music things like this, but the singing was not lame like it looked like on the box. The movie was useful for learning about history because it was an interesting perspective of the Soweto rioting of 1976. It showed you things from the perspective of the students in the rioting and showed you that they were real characters. Because you got to see them as real characters this makes you like them more as an audience, and makes you more sympathetic to them as totally the victims of the white government, who you can not sympathise with. The singing of the students is correct because we know from accounts that the students in the riot were singing and dancing before it became violent. The clothing of the students in Sarafina is very similar to the clothing shown in photos from Soweto. They made the movie actually in Soweto, which is why it looks very accurate in many parts. All these things make the film more accurate for someone using it to learn about aparthied. As viewers we must be critical of the way the history of Apartheid was presented. As I said before, you become sympathetic to the students - this makes it potentially less reliable and objective. Also, it changes some of the details from other accounts. In Sarafina it turns to chaos when the policeman comes into their classroom and shoots the students. The police and army were very aggressive at Soweto, but this is probably an exaggerated event. The police and army did shoot students, but there is not evidence of them going into schools and executing people like this. The fighting was more in the streets and had looting and crime. This is done in the movie probably to make you feel more sorry for the school students. The movie would have been more useful if it had some different information about aparthied. The teacher was arrested for being against the government, and the mum goes to work in a white persons house. But there is not any information about the government and why they were doing it or any details about the racist policies and laws. -By George S, Chris and Finlay",positive
"I honestly fail to understand why people love this show so much. A friend of mine watches this and since I like sci-fi, I tried to watch along since the plot of the show sounded promising, but in truth it really is a very boring show. The only thing that will keep you awake during this show are the video game-like CGI-effects and the complete overuse of muppets. Note that I call it muppets because they actually really look like muppets, not like the aliens they should be.<br /><br />Speaking of which; the muppets and make-up effects are horribly overused in this show. You have this guy who could be best described as a alien/dwarf-hybrid, you have a pale girl who looks like a cheesy vamp-girl, you've got a floating potty-mouth frog-alien... It just feels very unnecessary and furthermore even to the point that you feel distracted from the whole storyline about a lost astronaut.<br /><br />Every episode is also too much of a stand-alone. The creators of this show directed this in such a way that every episode almost feels like a whole other show. At least up until the point that you see the main-characters/muppets again, that is. The whole plot about the main-character getting back to earth is way to much pushed to the background at points. The acting is also quite bad.<br /><br />Conclusion: if you want good sci-fi, just look somewhere else. This isn't even real sci-fi to begin with in my opinion, since the show is more aimed at fantasy-elements with all the puppetry and weird dreams going on. And if you just want to see muppets then I suggest you watch the Muppet Show and feel glad that this abomination of a show has come to a end.<br /><br />By the way; doesn't anyone have dejavu's with the concept of a living spaceship? Ohyeah thats right; Doctor Who started that concept almost about 30 years ago! This show is like a collection of 'sci-fi' leftovers. Scripts and events that were abandoned for a good reason, only to be picked up by this horrible show.",negative
"THE TEMP (1993) didn't do much theatrical business, but here's the direct-to-video rip-off you didn't want, anyway! Ellen Bradford (Mel Harris) is the new woman at Millennium Investments, a high scale brokerage firm, who starts getting helpful hints from wide-eyed secretary Deidre (Sheila Kelley). Deidre turns out to be an ambitious daddy's girl who will stop at nothing to move up the corporate ladder, including screwing a top broker she can't stand and murdering anyone who gets on her bad side. She digs up skeletons in Ellen's closet, tries to cause problems with her husband (Barry Bostwick), kills while making it look like she is responsible, kidnaps her daughter and tries to get her to embezzle money from the company.<br /><br />Harris and Kelley deliver competent performances, the supporting cast is alright and it's reasonably well put-together, but that doesn't fully compensate for a script that travels down a well-worn path and offers few surprises.",negative
"I found the pace to be glacial and the original story blown way out of proportion to the content. My wife slept through most of it and I did not try to wake her because I felt she was not missing anything.<br /><br />When Holmes and Watson enter the house and then are potentially caught, it is unclear how they could hide all of their entry and burglary tools so quickly. It is also unclear how the door to the study is locked, preventing the servants from getting in.<br /><br />The thing that puzzled me was right at the end when there was a glint in the eye of the broken statute. I have no clue what this was supposed to represent.",negative
"Well I don't know where to begin. Obviously this was a made for TV movie, so my expectations were low. I was pleasantly surprised by the overall direction of the second hour, but anything before or after that seemed to be a paint by the numbers sort of movie.<br /><br />And talk about bad chemistry between the tow lovebird detectives. ..<br /><br />I would go more in depth, but this movie doesn't really deserve it. Grade: D+ (IMDB rating 3/10)",negative
"There is nothing unique in either the TV Series nor the Movie. Which is a prequel to the TV Show, that isn't found everywhere else in life and entertainment. Both before David Lynches disgusting style of story telling, and after. <br /><br />From the Moment the body of a poor misguided girl washed up on the beach. And being introduced to some of the most mind numbing shady immoral character of the Twin Peaks.<br /><br />To the Mind numbing almost pedophilia disgusting way the movie seems to romantically tell of the destruction of a Human Life through some random psychedelic phenomena in the Movie Twin Peak:Fire Come Walk with me. <br /><br />I watched it all just to make sure I wasn't missing anything. I didn't. It's is simply one mans obvious sexual fetish extended over long series fallowed by a ridiculous overly pornographic movie. Save your self the agony the suspense and watch anything else that at least has the ability to tell a story, rather then seduce you into some kind mental porn movie.<br /><br />I have heard a lot of reviews, rants and raves about how great David Lynch. Because of his ability to define misery and and tragedy and making it into some kind of a wonderful thing. This is not life imitating art, as much as it is some sick twisted version of art doing its best to inspire complete mindless life.<br /><br />Do yourself a favor and avoid this garbage.",negative
"""Landscape after a battle"" opens with escaping prisoners over a snowy field full of fences - in rather funny movements accompanied by Vivaldis Four Seasons. A touching opening. But we soon enough learn to know these prisoners as a mob, and when they (also treated humouristic) burry a man alive, the protagonist stops for a moment, but is soon more engaged in finding books from the turndowned camp than caring about his neighbour.<br /><br />The rest of the film is set in an American camp from where the prisoners are not released, in some kind of semi freedom, semi camp. A perfect set for a study of war criminality, American camps, Polish nationalism, Catholisism, grief and human misery in general.<br /><br />Film makes an important turn. In comes women, and with them film changes light, colour and temper. At the same time it turns out that these prisoners were slaves in Holocaust. I think a main underlying political theme of the film must mankind's treatments of Jews under and after the world war, and not only the Nazi exterminations, but mankind letting it happen - and even forcing them out of Europe after the war. On an emotional level the film is about grief and the problem with letting grief come, how environment makes grief difficult, and how difficult it can be to share grief for people with different experiences. <br /><br />But the film is a carpet of underlying contradictions,humour, irony and sudden beauty. A couple of times during the film a gypsy prisoner plays on an harp, an emotional tune brutally rejected (filmatically speaking) by the protagonist. That example picks up an important essence of the film's style and theme. When it comes to humour its very comic how the protagonist constantly looses and finds back his glasses, in crowds, in hay stacks etc.<br /><br />Its not hard to understand Spielberg's respect of Wajda when you see this film. The great treatment of light can be compared with Spielberg on his best. The Grunwald intermezzo speaks for itself. Narrativly it only brings the film out of the camp, but filmatically it brings the film to dream and eternity with profound beauty. Anyhow, there is also another scene I can't let go without comment. Its the Christian Supper. Undoubtly ironical, but simultaneously deeply religious we see the transsubstantiation moment, everybody falling on their knees, while the protagonist is saved from isolation by the priest to serve as a comic altar boy. His bells are mocking the scene, but also gives it emotion and love. When Nina gets her bread, sun light falls upon her and bells ring spheric, its the peak moment of the film.<br /><br />Main actors are excellent in their roles. Olbrychski as the perfect Wajda protagonist - the doubting reflecting mind, unable to put all the aspects of his mind and emotion into life. Beautiful Celinska is with great body acting debuting in a character unable to express all her inner in her proud movements.<br /><br />Those who try to describe everything, often are unable to take nothing in consideration. This is what Wajda manages. His films are either very moving, deep or beautifully shot, but pays attention to life's and society's particularity. A moment of joy for one, is the moment of irony for a second, the moment of grief for the third, a moment of nothing for the fourth.<br /><br />There is at least two reasons to pay attention to Wajdas films of this period. First is the remarkable free expression of deep political impact. This country was the first to overthrow communism twenty years later. Second is the development of a filmatic and narrative language that Kusturica has rose to grandeur.",positive
"This is one of the worst movies I've seen in a long time. The story was boring, the dialogue was atrocious and the acting hammy. I'm not sure if this movie was the result of a film school homework project, but it certainly played like one. It is not even particularly successful in its central conceit of trying to appear as a single continuous take. The whooshing horizontal camera pans are a cheap and unoriginal way of hiding cuts.",negative
"I liked SOLINO very much. It is a very heart-rending story of an italian family moving to Germany. And it's an story about brotherly love, hope and disappointment. And the film is never boring. Go and see SOLINO!",positive
"This independent, B&W, DV feature consistently shocks, amazes and amuses with it's ability to create the most insane situations and then find humor and interest in them. It's all hilarious and ridiculous stuff, yet as absurd as much of the film should be, there is a heart and a reality here that keeps the film grounded, keeps the entire piece from drifting into complete craziness and therein lies the real message here. This film is about how we all survive in a world gone mad. That seems to be the heart of the film. For as insane and off the wall as things get, Leon, the 30 yr. old paperboy-protagonist, always tries to keep it together. He's like a child forever trying to catch the balloon that is floating away so that everything will work out for the best, so that everyone can have what they want.<br /><br />The acting in the film could have went far over the top but the exceptional cast really keeps the piece cohesive. Van Meter is perhaps the best of the bunch here with a performance that shines through her absurd diseased tics. Just as the characters in the film do, we overlook her sudden outbursts to see the real person underneath. <br /><br />Majkowski is a true genius here. He takes the utmost ridiculous plot twists and keeps them real. It is his script and his cast that help keep the whole thing afloat. It's a true testament to the skill of Majkowski and all involved that this film, with it's grating plot and characters, never once works our nerves. Majkowski has taken a film that could have been abrasive and repugnant, and somehow given it heart and humor. This is a unique film. Not to be missed. <br /><br />",positive
"Filmmakers made a rather boring everyman's story look interesting and complex by focusing on his wife back at home. At the same time, we're exposed to a truly original, existential French loner. <br /><br />The film is more than a documentary. Hardly ever do I feel that I've experienced something that's accidentally profound, which makes it all the more profound.<br /><br />Film has visually interesting interior moments. Absolutely loved the journey the filmmakers took me on. (Quite a lot of Europeans in the credits). Hopefully, PBS will screen this so that it reaches a wider audience in the USA.",positive
"Poor Jane Austen ought to be glad she's not around to see this dreadful wreck of an adaptation. So many great Jane Austen movies have come out recently that this one deserves to be permanently buried along with two other movies I despise-The Man in the Gray Flannel Suit and the 1969 version of David Copperfield. My main beef with the movie is that it completely misses the point of the book. Jane Austen was poking fun at the Gothic mania in her society, and much of the novel is tongue in cheek. The movie, however, is serious and comes across terribly melodramatically. The lighthearted, fun-poking flavor of Austen's writing is completely and conspicuously absent from this ponderous foray iinto horror meets period drama. The scenes of Catherine's imagination are both gratuitous and uninteresting. Also, Henry Tilney is dreadfully unappealing. Why, I ask, would anyone fall for him? If you are looking for a fun-filled Jane Austen evening, watch Emma instead!",negative
"This is an excellent movie with a stellar cast and some great acting. I never tire of watching it. I especially love the scene where Danny Glover's character and Kevin Kline's character namely Simon and Mack have brunch together. Kevin Kline is such a natural and it seems his mannerisms are effortless and one you would encounter often. SO its a very 'real' movie. <br /><br />One of the most powerful scenes in the movie however, is at the beginning of the movie when Simon arrives at the scene where Mack's car has broken down. The movie also has a strong message and is unlike the stereotypical message carrying movie where there's one person preaching his guts out to an audience. Instead the actors' emotions and situations deliver an impactive message that does best without the use of words. And lastly, Mary McDonell is brilliant as always.",positive
"In the same way Lamberto Bava was a substandard facsimilie of his father, Mario (who was an extremely overrated director anyway), Michele Soavi is a substandard director in the Dario Argento mold. ""The Church"" has at least one thing to recommend it--the incredibly detailed art direction--but absolutely nothing else. The film is long-winded, filled with one-dimensional characters, and almost put me to sleep several times. There's a fine line between 'art' and 'pretentious crap,' and while ""The Church"" isn't completely worthless, you'd be better off watching something else.<br /><br />3/10",negative
"Principally it is the story of two men who were part of the Portuguese revolution. It was easy to understand the contest, but usually directors starts from a historical fact to speak about something else, or they shows also the period before or after this fact, here everything happen during that couple of days when the revolution acts. It could also be seen as a kind of documentary. The movie focalize to these two people, showing as normal they were, not like common heroes, because the revolution come from people. Although it was made from military army from the title you can understand that they were just ""capitaes"" as the main characters. Nice colors and lights during the whole movie, excellent work for the director being her first movie, she doesn't fall to the banal way. Well shown emotions and passion of people and crowd. The character of Maia (main one)is well-made and there is also a good interpretation for Stefano Accorsi, able to show Maia's limits, this not-being an hero.",positive
"Every great gangster movie has under-currents of human drama. Don't expect an emotional story of guilt, retribution and despair from ""Scarface"". This is a tale of ferocious greed, corruption, and power. The darker side of the fabled ""American Dream"".<br /><br />Anybody complaining about the ""cheesiness"" of this film is missing the point. The superficial characters, cheesy music, and dated fashions further fuel the criticism of this life of diabolical excess. Nothing in the lives of these characters really matter, not on any human level at least. In fact the film practically borderlines satire, ironic considering all the gangsta rappers that were positively inspired by the lifestyle of Tony Montana.<br /><br />This isn't Brian DePalma's strongest directorial effort, it is occasionally excellent and well-handled (particularly the memorable finale), but frequently sinks to sloppy and misled. Thankfully, it is supported by a very strong script by Oliver Stone (probably good therapy for him, considering the coke habit he was tackling at the time). The themes are consistent, with the focus primarily on the life of Tony Montana, and the evolution of his character as he is consumed by greed and power. The dialogue is also excellent, see-sawing comfortably between humour and drama. There are many stand-out lines, which have since wormed their way into popular culture in one form or another.<br /><br />The cast help make it what it is as well, but this is really Pacino's film. One of his earlier less subtle performances (something much more common from him nowadays), this is a world entirely separate from Michael Corleone and Frank Serpico. Yet he is as watchable here as ever, in very entertaining (and intentionally over-the-top) form. It is hard to imagine another Tony Montana after seeing this film, in possibly one of the most mimicked performances ever. Pfeiffer stood out as dull and uncomfortable on first viewing, but I've come to realize how she plays out the part of the bored little wife. Not an exceptional effort, but unfairly misjudged. The supporting players are very good too, particularly Paul Shenar as the suave Alejandro Sosa.<br /><br />Powerful, occasionally humorous, sometimes shocking, and continually controversial. ""Scarface"" is one of the films of the eighties (whatever that might mean to you). An essential and accessible gangster flick, and a pop-culture landmark. 9/10",positive
"This is a pretty simplistic romance. Girl finds boy, girl loves boy, girl loses boy, girl finds boy. Colleen Moore is the outstanding ingredient in this recipe, delivering a wonderfully varied dramatic/romantic performance, well deserving of an Oscar nom. Equally fine are the aerial combat special effects.<br /><br />Moore plays a French girl whose mother has turned over their field to a British aerial squadron during WWI. She is the ""daughter of the regiment"", loved as a little sister. Into this mix comes a fill-in for a downed flyer, Gary Cooper. At first they hate each other, then they love each other, then the entire squadron is sent out on a suicide mission. Cooper returns but crashes in the village and a red cross unit removes him. Moore searches for him, is told at a hospital he is dead, then wanders the streets until he calls from a hospital window and they are reunited.<br /><br />It's a nice little romance, but hardly more than that. Recommended for fans of Ms. Moore and Mr. Cooper",negative
"A brilliant Russian émigré devises the Stanislavsky' system for winning at contract bridge - which makes him and his beautiful wife the GRAND SLAM Sweethearts of America.<br /><br />What could have been just another silly soap opera is elevated by fine production values & excellent acting to the status of a very enjoyable little comedy. A few unexpected touches are thrown in to keep the viewer's attention engaged - the way in which the principle cast is introduced as faces on a deck of cards; the introduction of a zany acrobat into the plot for no other reason than to enjoy a bit of lunacy; and the way in which a wide variety of different kinds of Americans are shown to be transfixed by listening to the broadcast of the concluding game.<br /><br />Paul Lukas & Loretta Young do very well as the Bridge Sweethearts - Lukas suave & sophisticated and Miss Young passionately loving and beautiful (even if the script keeps her puffing on a cigarette a bit too much). They are fun to watch, even when their behavior is not always the most believable or compelling.<br /><br />Frank McHugh gives another good performance as a relentlessly cheerful ghost writer who adores Miss Young. The delightful Glenda Farrell eschews her customary wisecracking persona in a small role as McHugh's ditsy gal pal. Roscoe Karns handles the fast-talking dialogue as a brash radio announcer. Diminutive Ferdinand Gottschalk is wonderful as a snobbish bridge expert.<br /><br />Movie mavens will recognize Dewey Robinson as a belligerent nightclub patron; Emma Dunn as a sob sister reporter; Paul Porcasi as the owner of the Russian nightclub; Charles Lane as a Russian waiter; and Jimmy Conlin as a kibitzer at the final bridge game - all uncredited.<br /><br />The film takes advantage of the fad for contract bridge which had swept across the country since its development in the 1920's. It expects the viewer to have a basic knowledge of the intricacies of the game and makes no attempt to explain anything to the uninformed.",positive
"I am normally a Spike Lee fan. It takes some time to really get into his ""mojo"", but once you see the clear message and the ability to tell the story that is close to his heart, Lee is a genius. Unlike The 25th Hour or Bamboozled (two of my favorite films of his), there was no clear story in this film. I was able to understand the struggle between Washington and the choice to play well or be influenced by others, but for some odd reason Lee was never able to get the true feeling out. Washington did a decent job with what was handed to him, but you could tell that this was not Lee's favorite film. Not only did Lee direct this film, but he also wrote it. You could tell. The camera work was horrid and the writing only contributed to the decay of the film. This film was coming full circle and it wasn't going to be pretty. Lee was not 100% behind this film as he was with Do the Right Thing. Of all the films I have seen Lee direct, this was the brightest and more modest of his films. It was almost as if he created a Hollywood movie instead of one that was all his own. I don't know if he saw the money from Do the Right Thing and ran with it, or what  but this film did not demonstrate his true talent.<br /><br />For anyone out there that has seen this film, and perhaps stopped watching anything directed by Spike Lee afterwards due to this film, I suggest you give him a second chance. Don't get me wrong, I see exactly where you are coming from with this film and why you would want to put this behind you, but Lee does grow up. His work becomes more of his own, and you can see the transformation from a desire to make money to just wanting to make good films. It took me awhile to watch The 25th Hour, but when I did, it was sheer brilliance. Perhaps it was the actors, perhaps the story, but Lee crafted an amazing film out of one man's journey into the unknown. I guess that is what I was hoping Mo' Better Blues would turn out to be. This really dark journey into the life of a man that really never grew up, but instead all I got was Denzel being Denzel. He really is one of the most versatile actors of this generation, and I do consider him the Sydney Poitier of cinema, but this was not the film to showcase his talent.<br /><br />Another issue that I had with this film was the use of Spike's sister playing one of the love interests. I don't know about you, and your family, but I do not think that I could have filmed a sex scene with my sister. I don't care who the actor is or how much money I am getting paid, I would never do it. It is just something that I never wish to see, but apparently that is different for Spike. He went ahead and showed the full nude image of his sister without any remorse. It was sad and it even made me blush. Also, I need somebody to answer me this. What was Flavor Flav doing introducing this film? So, I am sitting there on my couch, ready to start the film, when suddenly there is a voice from the past spelling out the studio that made this film, then he acknowledges himself. That did not build for a strong remaining of the story. Again, I felt that Lee was going for money on this film instead of actual talent. Perhaps that is how he could afford both Denzel and Wesley in the same movie without any explosions.<br /><br />There were two great scenes in this film that made it worth watching through to the end. Don't get me wrong, this was a very bad movie, but there is always a diamond in every alleyway. The scene when Bleek accidentally forgets which woman he is with was mesmerizing. He continually went back and forth, weaving truth to confusion in a way that proved that Lee was actually behind the camera. It was a visionary scene that was probably lost in the shuffle due to the remaining poor scenes. The other scene that was worth watching was the way that Lee introduced and ended the film. By keeping the same pacing and direction, he was able to bring this tragic character around full circle and give him the chance to change his life. Other than these two moments, the rest of the film was pure rubbish, not worth viewing unless you are about to go blind.<br /><br />Grade: ** out of *****",negative
"I would reccomend this film to everyone. Not only to the fans of the rocker Luciano Ligabue, but to all film-buffs. Because it's sincere, moving, funny and true. Because Ligabue is a born storyteller and a film lover, and every frame of his film is made with love and care. Because his characters are loved and ask to be loved. Because most of the Italian debut films are lousy and this one, done by an outsider, is a real joy to watch and to listen at. Because Stefano Accorsi is gorgeous and reminds me of Andrea Pazienza, who was, like Freccia, beautiful and talented and good and lost his life because of the heroin, that Ligabue shows as it is, unglamorous and ugly, without indulging in easy moralisms. Because it's a film that speaks to our heart, our ears, our souls. And because I lived the experience of the FM radios and it was exactly like that. Thanks, Luciano!",positive
"I just saw this film last night, and I have to say that I loved every minute. If taken in the spirit of a parody of Bond-esquire films, it's truly superior. The true comedy of the film is in its blatant disregard for political correctness. The misogyny, cultural insensitivity, and almost laughable macho-ism of the films of this genre are used for major comic effect. It also calls the illogic and formulaic elements to task, with Agent OSS 117 constantly learning difficult things insanely quick (such as Arabic and how to play a traditional instrument) while missing some pathetically obvious clues. Some of the lines from the film left me laughing for hours after the movie was finished...and I have to say I have learned some...interesting...French vocabulary that would probably have my Professors quite exasperated with me were I to use. All in all, I thought this film excellent. Intensely funny and the first film I've ever seen that truly parodies all aspects of the spy film.",positive
"Most italian horror lovers seem to hate this movie since because it has no connection to the first two Demons films. And with the ""Demons III"" in the title, one would assume it would. The problem is that this film was never intended to be part of the Demons series. The distributors only a ""Demons III"" above its original title ""The Ogre"" to cash in on the other films popularity. The new American DVD release of this picture has the title ""Demons III: The Ogre"" on the box art but the film itself only says ""The Ogre"". I don't know if past releases had the title ""Demons III"" on the actual film itself, but this new release just seems to be a little white lie. If you can get past the ""Demons III"" in the title, you might some enjoyment in ""The Ogre"". It starts out with a creep intro, and stays pretty creep throughout. There's no gore and the film movies slowly, but I still dug it. Just don't expect it to be like the other Demons films. I give ""The Ogre"" 7 out of 10. Italian fans should try it out.",positive
"Where was this film when I was a kid? After his parents split up Tadashi moves with his mom to live his his grandfather. Tadashi's sister stays with their dad and they talk frequently on the phone. Grandfather is only ""here"" every third day. Moms never really home. The kids always are picking on the poor kid. During a village festival Tadashi is chosen the ""kirin rider"" or spiritual champion of the peace and justice. Little does he suspect that soon he will have to actually step into role of hero as the forces of darkness join up with the rage of things discarded in a plot to destroy mankind and the spiritual world.<br /><br />Okay that was the easy part. Now comes the hard part, trying to explain the film.<br /><br />This is a great kids film. No this is a great film,flawed, (very flawed?) but a great film none the less. It unfolds like all of those great books you loved as a kid and is just as dense at times as Tadashi struggles to find the strength to become a hero. Watching it I felt I was reading a great book, and thought how huge this would have been if it was a book. I loved that the film does not follow a normal path. Things often happen out of happenstance or through miscommunication, one character gets sucked into events simply because his foot falls asleep. There are twists and turns and moments that seem like non sequiters and are all the more charming for it (which is typical Miike) Certainly its a Takashi Miike film. That Japanese master of film is clearly in charge of a film that often touching, scary and funny all at the same time. No one except Miike seems to understand that you can have many emotions at the same time, or that you can suddenly have twists as things get dark one second and then funny the next. I admire the fact that Miike has made a film that is bleak and hopeful, that doesn't shy away from being scary, I mean really scary, especially for kids. This is the same dark territory that should be in the Harry Potter movies but rarely is. This a dark Grimms tale with humor. My first reaction upon seeing the opening image was that I couldn't believe anyone would begin a kids film with a picture of the end of the world, then I realized who was making the movie. Hats off to Miike for making a movie that knows kids can handle the frightening images.<br /><br />Its also operating on more than one level. The mechanical monsters that the bad guys make are forged from mankind's discarded junk. Its the rage of being thrown away that fuels the monsters.One of the Yokai (spirits) talks about the rage sneakers thrown away because they are dirty or too small feels when they are tossed. You also have one of the good guys refusing to join the bad guys because that would be the human thing to do. Its a wild concept, but like other things floating around its what lifts this movie to another level. (there are a good many riffs and references to other movies,TV shows and novels that make me wonder who this film is for since kids may not understand them, though many parents will) And of course there are the monsters. They run the gamut from cheesy to spectacular with stops everywhere in between. Frankly you have to forgive the unevenness of their creation simply because they are has to be hundreds if not thousands of monsters on screen. Its way cool and it works. One of the main characters is a Yokai which I think is best described as a hamster in a tunic and is often played by a stuffed animal, it looks dumb and yet you will be cheering the little bugger and loving every moment he rides on Tadashi's head. (Acceptance is also easier if you've ever seen the old woodcuts of the weird Japanese monsters) I mentioned flaws, and there are a few. The effects are uneven, some of the sudden turns are a bit odd (even if understandable) and a few other minor things which are fading now some two hours after watching the film.. None of them truly hurt the film over all, however most kind of keep you from being completely happy with the movie.<br /><br />I really loved this movie. I'm pretty sure that if I saw this as a kid it would have been my favorite film of all time. (where's the English dub?).See this movie. Its a great trip. (Besides its a good introduction to the films of Miike minus the blood and graphic sex)",positive
"MELTDOWN is pretty interesting SCI-FI. No major budget, very few special effects; but decent acting and a storyline of global doom is enough to sustain viewing. An asteroid grazes the atmosphere and thrust the Earth into an orbit closer to the sun. Global warming rapidly becomes unbearable. A determined LAPD cop(Casper Van Dien)goes all out to save the world from certain annihilation as the rising temps are devastating. The pressure is on to save mankind from this solar catastrophe; as well as protect his daughter, nurse ex-wife and TV reporter girlfriend. The cast includes: Stefanie Von Pfetten, Venus Terzo, Amanda Crew and Vincent Gale.",negative
"I would highly recommend this movie! And I certainly shall be personally recommending it to my friends and family here and abroad! It was with excited anticipation, that I have just pre-ordered it online, I enjoyed it so much! It is not out until February/March 2008, but it will be well worth the wait! But first go and see it in the cinema if you can. There is nothing quite like the Cinema-Experience of a cinema-made movie! Insist that your local cinema puts it on! I went to see 'Seachd, the Inaccessible Pinacle' tonight, down here in London, and was really impressed. It is a marvel: a truly beautiful film set in the Scottish Highlands: you will laugh, you will cry, you will be moved in may different ways, you will be intrigued, and as the story within the stories is revealed, you will be amazed at that revelation.<br /><br />This movie is in Scottish Gaelic with English Subtitles, but do not let that detract you if you are not a speaker of the Gaelic: I am just starting, and my son does not, nor did many people there tonight, and it did not spoil it for us by any manner of means! Superlatives do not suffice! The photography is superb - there is no CGI here, and the movie is all the better for that- here you have true photography! The script is so skilfully and subtly written. The many-layered plot weaves the magic art of the ancient storytellers. The music is at times rousing, at times haunting, but always adding to the atmospheric ambiance. And the acting? ... it is to behold ... and the actors?... they the true weavers of this delightful yet profound film, particularly the two main actors, 'Padruig-the-young' and 'Padruig-the-elder' (A true bard, if ever there was!), who both carried a very heavy load! And the Direction? Well watch out Richard! And the Producer, responsible for raising funding, hiring key personnel, and arranging for distributors? A task well done! I hope that you will make sure that distribution goes out to our communities abroad! And the Gaelic community? Uill, without you it could not have happened! We were told that this movie was made on a low budget, but you would not know it, and I think it might well be because, for what they might have lacked in money, they more than made up for with the richness of the heart, and the warmth and co-operation of the local Scottish Gaelic community.<br /><br />A heartfelt thanks to all concerned in the making, and the sponsoring, of 'Seachd' - Mòran taing! (Many thanks!) From the Gaels to the World! From the World to the Gaels!",positive
"SWEET SIXTEEN (1983) **/***** 86 minutes Director Jim Sotos Cast Bo Hopkins, Susan Strasberg, Aleisa Shirley, Patrick Macnee, Dana Kimmell<br /><br />Fifteen year old bad girl Melissa is new in a desert town and it isn't long before folks around her start dying off. The detective has to put together the clues with the help of his Nancy Drew good girl daughter played by Friday the 13th alumni Dana Kimmell. The local Native Americans are prime suspects since they seem to upset the prejudiced townsfolk. These events all lead up to the revealing of the killer at Melissa's sixteenth birthday party.<br /><br />This below average slasher isn't too memorable. It has a made for TV feel, without much score besides the title character's own corny theme song which plays a couple times throughout. Lines like ""the killer will turn us into coleslaw."" Fit into standard eighties slasher screenplays. Marci calls Melissa a bad name then somehow immediately they develop a friendship. Apparently Marci sees how hard it is to fit in because Melissa knows how to wear make-up. This movie would be hard-pressed to be made today with the main character being fifteen and the director inserting multiple gratuitous close-ups of her. The social commentary on Indians wasn't developed enough to be taken seriously. I am too surprised at the fairly high rating this movie gets. Both Sweet Sixteen and Ed Hunt's Bloody Birthday had the potential to capitalize on that time honored tradition of the birthday party to create an intense sequence of carnage but I feel failed to deliver. But on the bright side releasing obscure movies like this on DVD gives hope that others will follow.",negative
On a routine mission in Iraq a group of Delta soldiers recover a computer hard drive from an Alqueda training camp detailing the location of weapons specialist Dr Walsh. After witnessing the termination of his top secret weapons development program Dr Walsh finds an alternative funding source and sets up a new research facility deep in the notorious Belzan forest in Chechnya where he is developing weapons and selling them to Chechnyan rebels.The team of Deltas is sent on a black ops mission to retrieve the doctor and his technology before the Russians find him and his lab.What the Delta team soon discover is that the doctors latest weapons is a flock of large carnivorous bats that have been genetically altered to develop a taste for human flesh. I found this movie to be much better than what I was expecting.There is lots of action and lots of blood. Its more or less what you would expect from a creature feature. The acting isn't great but its passable. I have certainly seen worse.Overall its an enjoyable movie for what it is. A good popcorn movie.,positive
"Neatly skipping over everything from the coup in Cuba to his undercover entry into Bolivia, part two of Soderbergh's portrayal of Che Guevara is that of the tragic hero. As with Che  Part One, this rather rambling guerrilla warfare escapade through the colourful mountains of Bolivia is probably destined to disappoint more people than it will satisfy, so why was the film (and particularly Benicio Del Toro's performance) so loudly praised at Cannes?<br /><br />James Rocchi, for instance, called it, a work of art that's, ""not just the story of a revolutionary,"" but, ""a revolution in and of itself."" The Guardian's Peter Bradshaw called it a ""flawed masterpiece."" I return to my original contention for Part One  that the value lies particularly in depiction of a hero figure. And in an age when there is a surfeit of poor hero role-models, could it not be salutary to see a strongly honourable one, even if stripped of some of the less endearing episodes of his life? This is the psychological hero enshrined by the great Scottish essayist, Thomas Carlyle, in his seminal book, Heroes and Hero Worship. Heroes can be real or imaginary (or somewhere in-between). But should genuinely inspire us to higher goals, a higher purpose. Compare this with the unrealistic 'heroes' of standard Western storytelling: where a person undergoes trials and tribulations before obtaining a barely-believable reward  usually everlasting love or material wealth  as if by divine studio intervention. Real heroes have an excess of moral courage  not Lost Ark dare-devilishness or James Bond super-toys. They rise, and empower others to rise, to be the best that they can be. In Part One, Che succeeds. In Part Two, he fails. It is not for want of moral courage but since a) not all good plans can succeed and b) being human, mistakes are inevitable.<br /><br />Guevara's intellectual clarity is flawed when he equates conditions that justify armed struggle with conditions that make that armed struggle able to succeed. It is a serious miscalculation.<br /><br />High in the mountains from La Paz, the colours are breathtaking. There is an air of mise-en-scene authenticity that was occasionally lacking in Che - Part One (The U.S. would not allow Soderbergh to film in Cuba.) Visual treats are heightened by maximising natural light and the extreme flexibility and realism offered with groundbreaking RED cameras. This is a high performance digital cine camera with the quality of 35mm film and the convenience of pure digital. Designed for flexibility and functionality, the package weighs a mere 9 lbs. ""Shooting with RED is like hearing the Beatles for the first time,"" says Soderbergh. ""RED sees the way I see . . . so organic, so beautifully attuned to that most natural of phenomena  light."" If Che had stopped with the successful Cuban revolution it would have enshrouded him with an almost mystical invincibility. That he fails in Bolivia shows not only that he has human limitations but that it is his moral virtues that are remembered, not the political triumph. Critics will say  and with some justification - that his armed struggle inspired much less noble characters to achieve tin-pot dictatorships. His development of guerrilla fighting tactics are not good or bad in themselves (and have since been used for both).<br /><br />But for all its praiseworthiness, the film often seems to lack dramatic and narrative tension. We stumble from one escapade to another, knowing that he will eventually meet his death. I found myself glancing at my watch and thinking it could have been shorter. But the work that has gone into this  interviews with people from all sides and even getting one of Guevara's ex-comrades to coach actors on the minutiae of the Bolivian operations  make the film a commendable achievement. It might not be top-flight entertainment, but it demonstrates integrity in documenting a significant slice of history.<br /><br />There is also another very important point in the Che 'hero' figure here. It's about failure. That if you try your utmost, even if you fail, your effort will not have been in vain because it may give others hope and moral courage. One could cynically call it a 'martyr' complex, and it is found, of course, in many religious figures as well. But Che does not 'sacrifice' himself. He does what he does best, to the best of his not inconsiderate ability, and so provides an example. Success or failure in any particular instance become mere details.<br /><br />With the U.S.'s longstanding and illegal blockade of Cuba (all in the name of 'freedom'), I am tempted to write that Che Parts 1 & 2 are too good to be wasted on the U.S. But that would be to invite a contention that the film has sought so earnestly to avoid. One must hope that many viewers will have the skill to view Che without politics and the bias that inevitably engenders. Whatever its faults, it rehabilitates Soderbergh from the populist nonsense of Oceans 11.<br /><br />But if you haven't heard of Che Guevara or seen Part One, or if you can't get past the phrase 'murderous Marxist' without frothing at the mouth, I might struggle to imagine what you would get from this film. The same can be said for many who have, and can.",positive
"Well, this movie actually did have one redeeming quality. It made up the funniest season one episode of MST3K. I wish Rhino had released this one instead of ""The Crawling Hand.""",negative
"I usually don't walk out of a movie, but halfway thru I did. This movie promised something different, but I kept thinking haven't I seen that before? Spoiler Alert! Back in 1, the spaceship crashes and lands on earth, well, all these years later, with a super adult on board no less, this thing still manages to burn up and crash! What, this advanced civilization can't seem to develop landing gear? For an industry that's so liberal, we get to see another Woody Allen movie, no blacks please! Superman runs around saving people, making sure he sticks to Europe and the US, don't go into darkie areas please. Maybe I could stomach this about 30 years ago, but now now.",negative
"It would be wrong and reprehensible of me to advise you to watch Killjoy 2, you must have better things to do, washing the car, throwing stones in a stream, but at the same time it's nowhere near as awful as you probably think it is. It's almost a proper film, which a lot more than most straight-to-DVD sludge can manage. Killjoy 2 is helped a great deal by Trent Haaga's manic turn as the eponymous clown, he throws himself into the role with such fevered abandonment that he almost tips the scales in the movie's favour, but, of course, it takes more than one man in big shoes. Tammi Sutton gives the most entertaining director cameo since Roger Corman in Creature from the Haunted Sea and the whole thing is nearly destroyed by the rushed, sugary ending. All over the place and almost good fun.",negative
"Amen to Magsel. There was a lot of confusion going on. First off, how do you know which movie you are purchasing? Henry Cele stars in every one of them. I bought this movie thinking it was the miniseries...WHAT A LETDOWN!! It would have been a comedy but for the young girl being raped. David Hasselhoff (spelling?) is OK for popcorn TV but he was not believable in this film (where was his English accent?) AND WHAT'S WITH THE LOVE STORY??? The movie was supposed to be about a young man's rise to military power - not the slave ship captain getting jiggly with the English maiden looking for her daddy...<br /><br />If I had paid more than $7 for this movie, I would have to call the police - because that would be a crime!",negative
"This has to be the worst movie i've seen this year.. and i watch a lot of cable. The plot is just ridiculous, the scenes are just thrown at you with no action, no start or ending of any scene.. it's just random idiots with make-up that scream in some plane.. The ""special effects"" ( Spielberg would laugh his ass off ) are horrible, the yellow eye contact lenses are cute though.. I have to admin that i couldn't bear to watch it to the end. The scene where the great scientist Bennett was holding for dear life by the engine body was too much for me.. I'm sorry for my bad English.. i am from Romania ( and this is my first post ). I had to sign up just to make a comment on this movie because i just can't believe that this is a movie released in 2007.",negative
"Viva Variety was a unique hybrid program that was both a parody of and a tribute to the programs it represented. <br /><br />It was most directly a mock up of the classic 1970s favorite, ""The Sonny & Cher Show,"" With Thomas Lennon and Kerri Kenney playing a divorced show biz couple who were somehow forced to host this program together, the female of the pair towering over the male, and the constant barrage of ""insult humor"" the couple tossed at each other, plus sketch comedy bits and performances from what are most kindly described as ""specialty"" acts! <br /><br />The ""hybrid"" was the mix of fact and fantasy. Of course, there was no ""Mr. and Former Mrs. Laupin,"" and the program's announcer, Johnny Bluejeans, was likewise equally fictional. But all the acts that performed were certainly real, and some were even entertaining! But there were also some acts that would have clearly been better suited for the old Chuck Barris ""Gong Show."" <br /><br />The show itself was really more like an extended sketch from ""SCTV"" (it was borne from the MTV series, ""The State,"" after all), and some would suggest that it would have been better as a five minute bit in the mix of a program like that one, rather than a stand alone series. But ""Viva Variety"" certainly should get high marks for original concepts, and even though it was often more odd than funny, it was certainly worthwhile, especially when they road tripped to Las Vegas and brought in even glitzier acts to perform. It's unlikely we'll ever see anything like this on television again.",positive
"...un-funny and un-entertaining, possibly the worst movie I have ever had the misfortune to watch. Think 'Ernest goes to..' humour done even worse. Myself and my girlfriend sat through it just to see if it could be as consistently dire as it seems in the opening sequence... Yes it is. Avoid at all costs.",negative
"After his classic film noir homage Chinatown Roman Polanski returned to the themes that had given him his greatest hits in the 60s with this creepy psychological horror which, like Repulsion and Rosemary's Baby, deals with the paranoia and claustrophobia generated by apartment living.<br /><br />Claustrophobic environments are the ones which Polanski is best at creating, and this has to be the most suffocating and confined picture he ever created. The emphasis on side walls and distant vanishing points is greater than ever, and even in the small number of exterior scenes the sky is rarely glimpsed. But The Tenant is not just confined spatially, but also in the intensity with which it focuses on its protagonist. Trelkovsky, played by Polanski himself is not only in every scene, he is in virtually every shot. When he is not on screen more often than not the camera becomes Trelkovsky's point of view. And of course almost everywhere he looks he sees his own reflection staring back at him in a mirror.<br /><br />I can't think of any film that is more about the internalisation and solitude of one character. Some psychological thrillers, like M or Peeping Tom, manipulate us into feeling sorry for the mentally ill protagonist. Others, like Psycho, attempt in-depth scientific analysis of his mental condition. The Tenant fits into neither of these categories  it simply immerses us completely inside Trelkovsky's experience without demanding we actually understand or appreciate what is going on inside his head. We feel his paranoia and obsession even though it is constantly revealed to us that they are irrational.<br /><br />Polanski was also a master of the slowly unfolding horror film. Often in his horrors there is an ambiguity as to whether there is actually anything sinister going on, but they are among the most effective at frightening audiences. Why? Precisely because they unfold so slowly and invest so much time in painstakingly setting up situations that they immerse the viewer in paranoia. A much later Polanski horror, The Ninth Gate is a bit of a mess plot-wise but at least it still manages to achieve that creeping sense of dread.<br /><br />This is a rare chance to see Polanski himself in a major role. His talent in front of the camera was as good as behind it, and he is absolutely perfect as the meek Trelkovsky. Another standout performance is that of the all-too-often overlooked Shelley Winters as the concierge. In actual fact it is rather a stellar cast, although many of the familiar faces look out of place in this strange, Gothic European movie. Also sadly many of the French actors in supporting roles are atrociously dubbed in the English language version.<br /><br />The Tenant is more polished and less pretentious than Repulsion, but it lacks the suspense and the character that make Rosemary's Baby so engrossing and entertaining. The Tenant is good, with no major flaws, and Polanski was really on top form as a director, but it's not among his most gripping works.",positive
"Within the first 5 minutes of this movie I knew I was in for one of those ""pick at the faults"" kinda movie. The acting was terrible, the script was even worse. Who ever let these people write write such crap for a movie need to be feed the Komodo's themselves. With Russian Mig jets posing as U.S. Air Force jets, and pistols that can miraculously shoot 50 - 60 rounds rapid fire without reloading is poor detail to any story. In one scene komodo are killing special forces troops at night, while in another they are explaining how the komodos and cobras are cold blooded and don't come out night!!!! Also with fantastic special effects available in today's movie industry, they were only average even for this low budget movie.<br /><br />All that being said, I did watch it to the end curious as to what other wonders bad film making could produce. Shame Shame Shame, for producing such rot!!!<br /><br />This movie should have been left on the cutting room floor!!!",negative
"Who were they kidding with this? There was just too much in this film that was hard to digest. Right from when Arjun (Ajay Devgan) unknowingly wishes death on his father to when he arrives in London with his uncle(played by Om Puri) only to abandon him minutes later. The only problem with that theory is that anybody who has ever passed through London Heathrow knows that such a fête would be impossible to pull off and especially not by an Indian. But the film problems do not end there, there's the issue of the two main leads (Salman Khan and Ajay Devgan) passing as rock-stars on the verge of achieving their dreams. I mean yeah we saw success come to Susan Boyle (a woman in the UK achieving her dreams after age 50) but that was a rare case. It was really hard for me to suspend my disbelief because I felt that the casting of Salman and Ajay was just ill-conceived. They would never cast Madhuri Dixit and Sridevi to play the same roles so why should we be forced to watch Ajay Devgan and Salman Khan (men well into their 40s) prance around desperately trying to hang on to their 20s? Let's not even talk about the most self-conscious actress on screen today, Asin. This is her second film (that I have seen) and she is just hopeless as an actress, so conscious of her looks that she only concerns herself with looking good and voguing for the camera rather than giving in a good acting performance. It's just hard to believe that she turned down all those other movie roles to star in this fluff and then be so fluffy as an actress, nothing to write home about at all. And to top all of that, the film just boringly dragged on. There's nothing special about it at all, trust me you will predict every clichéd thing that is going to happen in it.",negative
"I am writing this with 10 minutes left before the film finishes. I feel comfortable writing it now, because unfortunately I know exactly how this film is going to end.<br /><br />The premise is simple enough, rabid dog on the loose in a small town, kills people. Great - simple plot for a good fun camp 80s horror.<br /><br />Uhh ..no.<br /><br />The main problem is this is based on a book (Stephen King) and you can tell that is should not have really been adapted to film, at least not with the same plot. Why? Cuz its boring! The first 45 minutes tries to build depth to its main characters and create suspense. It however lasts too long (half the film!) - the characters are unlikeable and we never care for them anyway, and it just about creates zero suspense. The easiest film (according to plot and time) to compare this to it the classic Jaws. Everything that Jaws does right, Cujo does wrong. Jaws created good characters and a genuine feeling of dread. Cujo does neither. Jaws effectively creates a scary, creepy villain in its shark. Cujo has a dirty St Bernard running about growling and jumping, and not a lot else. Jaws is exciting and unpredictable. Cujo is a tireless bore that remains predictable right to the end.<br /><br />Also confusing is the plethora of subplots that just act as boring red herrings to the films main plot.<br /><br />If this film was rewritten for the big screen and had a better director this could have been good. But it wasn't. It was a waste of 90 minutes of my life.<br /><br />People on here are saying this is one of the best King adaptations - Im sorry you could not be more wrong. The Mist is a hundred times better, Thinner is 10 times better and even the one with the cats is twice as good! This in my opinion is one of the worst! The only good thing was the action scenes with the dog looked real, even though they were dull.<br /><br />Films ended now, and it didn't get any better. Avoid.",negative
"Korine's established himself, by now, as a talented and impressive image-maker. The promotional posters for Mister Lonely all include the film's most impressive compositions (though there's one in particular I've yet to see in promo material: that of a blue-clad nun teasing a dog with a stick, surrounded by green forest with torrential rain pouring down). The opening images of this film, of Michael Jackson lookalike (Diego Luna) riding a small motorbike round a track, is strangely compelling and beautiful: Roy Orbison's ""Mister Lonely"" plays on the soundtrack, and the images unfold in slow-motion. There's also a funny and terrific sequence in which the same character mimes a dance, without music (though a radio sits like a silent dog next to him), in the middle of a Paris street; Korine splices in sound effects and jump-cuts that evoke both a feeling of futility and dogged liberation in the character's dance routine.<br /><br />The first instance of the segment dealing with the nuns is also strangely poignant; Father Umbrillo (Werner Herzog) is an autocratic priest about to fly with some nuns over, and drop food into, impoverished areas nearby. In a scene that is both light-hearted and affecting, Herzog must deal with a stubbornly enthusiastic local who wishes to make the plane trip with them in order to see his wife in San Francisco. As the exchange develops, Herzog draws out of the man a confession: he has sinned, and his frequent infidelity is the cause of his wife having left him in the first place. This scene, short and sweet, gains particular weight after one learns its improvised origins: the sinner is played by a non-actor who was on set when Korine and co. were filming - and his adulterous ways had given him, in real life, a lasting, overwhelming guilt.<br /><br />Henceforth, the film is hit-and-miss; a succession of intrinsically interesting moments that add to a frivolous, muddled narrative. Whereas Gummo and Julien Donkey-Boy maintain their aesthetic and emotional weight via coherent structural frameworks, Mister Lonely feels like a victim of editing room ruthlessness. A few scenes were cut from the film, which would have otherwise painted fuller pictures of certain characters, due to continuity errors in costume - a result, no doubt, due to the absence of a shooting script and Korine's tendency for improvisation. One deleted scene in particular - in which 'Charlie Chaplin' (Denis Lavant) and 'Madonna' (Melita Morgan) have sex - would have added much more emotional conflict to a scene later on in the film (I won't spoil it, but it's there to deflate any feeling of warmth or celebration, and, as it is, only half-succeeds).<br /><br />The two strands of the narrative, unconnected literally, are best approached as two entirely different stories with the same allegorical meaning; one compliments the other and vice versa. (It's something to do with the conflict between one's ambitions and the reality of the current situation.) But there's not enough of the Herzog scenes to merit their place in the film, and so any connection between these two allegorically-connected threads is inevitably strained - and the inclusion is, in retrospect, tedious.<br /><br />This is an ambitious step forward from Julien Donkey-Boy that suffers mostly, at least in the lookalike segments, from having far too many characters for the film's running length, a flaw that would have been even worse had big star names played everyone (as was originally planned).<br /><br />With many of the imagery's self-contained beauty, and moments of real, genuine connection with the soundtrack, this feels like it'd be much more suited to an art installation or photo exhibition. As an exploration of mimesis and the nature of impersonation, it'd lose none of its power - indeed, for me, it would perhaps be more impressive. The loneliness attached to iconic performativity (such as that encountered by both the icons themselves and those who aspire to be like them) is well-captured in images such as that wherein 'Marilyn Monroe' (a gorgeous Samantha Morton) seduces the camera with a Seven Year Itch pose in the middle of a forest, or when 'Sammy Davis, Jr.' (Jason Pennycooke) settles, post-dance rehearsal, with his back to the camera overlooking an incredible, tranquil lake.<br /><br />As it is, moments like these, and all those where the titles of randomly-chosen Michael Jackson songs crawl across the scene, are married to one another in a film narrative far less affecting than it should be.<br /><br />(For those who see it, I lost all faith during the egg-singing scene, late on. You'll know which scene I mean because it sticks out like a sore thumb, as some sort of gimmicky attempt at the new cinematic language for which Korine has previously been hailed.)",negative
"How can a major German TV station broadcast a mess like this? It's amazing how the main actors avoid every acting talent - Even the well-known Gottfried John is acting very poor - especially in the double murder scene - how amateurish.......! The screen plan is very , very extended - perhaps to fill out 2 parts of the movie. Be careful not to fall asleep while watching! The set is obviously very often a blue screen, f.g. the scenes on the ship with unreal sea in background...! In the German version the sound and the dubbing is very poor - probably reason: different languages of actors - but: other international productions do handle this much more professional. Advice: Do NOT watch - it's a diabolic waste of time!",negative
"Footprints is a very interesting movie that is somewhat difficult to categorize. ""Psychological thriller"" is the most appropriate description I can think of. The female protagonist, Alice Cespi, discovers that she doesn't remember anything of the last three days. The only clue she has is a torn photo of a hotel. She is also haunted by a recurring, very vivid, dream about a science fiction movie that she believes she saw many years ago. In her pursuit of the truth behind her amnesia she doesn't trust anyone, but little by little it becomes obvious that she has visited the town where the hotel is located before. This is an exciting flick whose main virtue is that it is virtually impossible to predict how the events will unfold, and particularly, how it will end. The unusual loneliness of the main character and the unreliability of everyone else ensure that the good old paranoid feeling is present throughout the film, whereas beautiful colors and some spectacularly filmed sequences make this a visually attractive movie as well. The important part of the one and only Nicoletta Elmi, everyone's all time favorite redheaded obnoxious child star of Italian horror, is an extra bonus.",positive
"Thanks Jymn Magon, for creating Disney's 2 best cartoons ever. This show has improved very much over the years. As a kid, I didn't like it because I thought it was a rip-off of Ducktales, which was my favorite Disney thing at the time (like Grandmoffromero). Then later on though it was good but not great. But after reading the reviews here, I decided to give it another chance & bought the DVD set & watched the whole pilot the first day I got it, & was very pleasantly surprised. It's still my favorite episode, although the series did live up to it. And by the end of disc 1, I knew this was going to be a top tenner.<br /><br />The characters are so complex & charming. My favorite has got to be Wildcat. He's absolutely hilarious and sweet to boot. My next favorite is Baloo, the best pilot on the show. I can see why 'ol Jymn built the show around him. Then it's Kit Cloudkicker. He & Baloo have the best relationship in the series. After that, Louie. Jim Cummings did a perfect job of impersonating the original voice. After him, Rebecca. She has made me laugh pretty hard, and I do believe she and Baloo eventually marry. And finally(for the heroes), Molly. Although she's my least favorite, I still like her. I think she's a very cute character(much better than Webby from Ducktales). And the villains were very original. Don Karnage & his air pirates always crack me up, Kahn is ice-cold and ruthless, and the Thembrians are always at least amusing.<br /><br />As said before, the stories range from hilarious(Time Waits For No Bear, Romance of Red Chimp) to nothing short of touching(The Old Man & the Seaduck, Paradise Lost), to fun, funny & exciting adventures(In Search of Ancient Blunders & my favorite For Whom the Bell Klangs). These are only a few of my favorite episodes. Anyway, Talespin is Disney's best, aside from Gummi Bears Some reasons for this? GB had a decent amount of my favorite character(Cubbi), while TS didn't have enough of Wildcat. But in the end Talespin remains a classic. BOTTOM LINE- 10/10 6th best cartoon ever.",positive
"This has to be some of the worst direction I've seen. The close-up can be a very powerful shot, but when every scene consists of nothing but close-ups, it loses all its impact. <br /><br />Tony Scott has some very beautiful scenery to work with, the backdrops of Mexico, the cantinas, the beautiful estate where Anthony Quinn lives, and the dusty towns Costner rolls through on his journey for revenge. Unfortunately we only catch quick glimpses of these places before the camera cuts to a picture of a big, giant head. Even the transition scenes where Costner is driving alone across Mexico quickly cut to a close-up. <br /><br />The score is over-dramatic and intrusive, dictating every emotion we should feel. The story itself should have been handled much better. Among other things, too many people pop up out of nowhere to help Costner along - it's just bad writing. <br /><br />It's a typical thriller storyline, but many others have taken the same premise and done outstanding things with it. Costner's No Way Out had a somewhat similar storyline, but it was a much better movie. <br /><br />The ending was completely anticlimactic and suffered from the most melodramatic scoring of the film. This movie was never going to be great, but if we saw more of Mexico and less of giant heads this film might have been watchable.",negative
"I have watched this film twice now and think its quite good for the limited equipment used to create this film. (filmed in 1947) Dr. Heyerdahl explains his theory about the migration of south American Pre-Colubian Indians to the Polynesia's islands by way raft fell of large balsa trees. This documentary follows Dr. Heyerdahl and crew as they select balsa trees in Equidor and float with them down river to the pacific for assembly in Peru. They launch off on a 101 day sea adventure testing the strength of their primitive raft surviving only by means available to natives of that era. See for yourself, a real adventure!",positive
"THE FALCON AND THE SNOWMAN is a superb example of an anti-80s film. While many other films of the decade in general lacked substance, this film is pure substance. There's nothing stylish or fake or superfluous about it. It boasts two superb performances: Timothy Hutton and Sean Penn as lifelong friends Christopher Boyce and Daulton Lee, respectively. Hutton, Penn, and Tom Cruise were a triumvirate of early 80s actors who all looked headed to much bigger and better things (all 3 starred in TAPS). While Penn and Cruise's popularity soared, Hutton has been largely forgotten about, and that's a shame. Actually, Hutton is the first of the 3 to win an Oscar for supporting role in ORDINARY PEOPLE in 1980, but I think his performance in this movie is even more outstanding.<br /><br />Hutton really captures the post-Vietnam war rebelliousness in his character Chris Boyce. A failed seminary school student, Chris has a love-hate relationship with his father, well played by the great character actor Pat Hingle. The scene where Chris quotes the poem his father thought he'd long forgotten is a particularly powerful one.<br /><br />Chris gets job at Dept. of Defense and uses his hatred of U.S. gov't and its foreign policy to sell seemingly useless plans of old projects to the Soviets. He gets his buddy Daulton, a hyper drug-dealing self-server, in on it to be the courier of the project plans on microfilm. While Chris is doing it based on his beliefs, Daulton is doing it strictly for the money. The Soviet liaison is excellently played by David Suchet. Penn and Suchet have a real quirky chemistry and it's a kind of funny set of exchanges between them. But, make no mistake, this film is anything but that. It is a serious character study about pessimism, malaise, paranoia and mistrust.<br /><br />Again, the leads make this film. Hutton delivers a brilliantly understated performance as Chris, a rather smart young man who had so much potential. Penn, as usual, does a tremendous characterization as Daulton, a pathetic loser who acts before he thinks, and most of the time doesn't think at all. The ending of this fact-based film is very saddening on several levels. A truly powerful character study.",positive
"I have been a Mario fan for as long as I can remember, I have very fond memories of playing Super Mario World as a kid, this game has brought back many of those memories while adding something new. Super Mario Galaxy is the latest installment in the amazing Mario franchise. There is much very different about this game from any other Mario before it, while still keeping intact the greatest elements of Mario, the first noticeable difference is that the story takes place in space.<br /><br />The story begins much like any other Mario game, Mario receives a letter from Princess Peach inviting him to a celebration at her castle in the Mushroom Kingdom. Upon arriving at Peach's castle Mario finds Bowser and his son (Bowser Jr.) attacking the castle with their airships. Bowser kidnaps Princess Peach and then lifts her castle up into space. In the midst of the castle being lifted into space Mario falls off and lands on an unknown planet. Mario is found by a talking star named Luma and is taken back to the Luma's home, a floating space station, here Mario meets many other Lumas and also meets their leader, a woman named Rosalina. Rosalina tells Mario that Bowser has taken away the space station's Power Stars and scattered them across the universe, it is up to Mario to help the Lumas find them and save Peach, thus the adventure begins.<br /><br />The way you play the game is by flying from the space station to other galaxies, each galaxy consists of multiple planets that Mario travels amongst in levels via these shooting stars to retrieve the Power Stars. Mario can at many times walk all the way around planets without losing gravity, some planets are small and others are big, many planets are similar to classic Mario environments. The best thing about the game are the controls, all of the stuff like jumping and such is still the same, but the wiimote is used in many unique ways in this game. You shake the remote Mario will perform a spin that is used as the primary attack in the game, and it will as well activate the shooting stars. You can also point the remote at the screen and use the pointer to fire star bits at enemies or objects in the environment. Then there is the graphics, these are by far the best graphics on the Wii, it is just so hard to describe how great this game looks, you could probably almost say it looks as good as some 360 games.<br /><br />My only minor gripes is that the going upside down effect takes some getting used to, and also the story is pretty weak. The worst part is that you lose all of your lives when you turn off the game, no matter how many you had when you last quit you restart at 4 lives. Still these minor problems aside it's a superb game that is highly entertaining and is very challenging. This is the type of game that we've been waiting for on the Wii.<br /><br />A perfect 10 out of 10!",positive
"This was a fantastic movie about two people, one a young teenage girl, and the other, a middle aged man, who are each looking for someone to help them fulfill a certain emptiness left by former loved ones.<br /><br />Both actors give brilliant performances that various audiences can relate to. The script, although written by Gorman Bechard, seems as though it was written from a woman's point of view. And at the same time, men can relate to the male characters because of how well they were developed and described in the movie.<br /><br />The end of the movie has an unusual but powerful and unexpected twist that leaves you speechless. I would recommend this film to anyone who has ever felt lonely or abandoned by a loved one. It is clear in this film that you are not alone.",positive
"I was dragged to this movie about four years ago by a French actress friend of mine.<br /><br />For the first half hour I was sitting in my uncomfortable seat at the New Beverly theater in Hollywood, hating this film, hating myself and even hating the French actress. And then...<br /><br />I don't know what happened but I was pulled into the film in a way that I hadn't been in years. And this was despite the fact that one of the projectors broke and they had to do each changeover by hand. I was in the theater for close to four hours, but it was worth it. <br /><br />I believe that great movies pull you inside a world, make you a part of it and then drop you off to talk about with your friends over coffee or a drink. This film did that. It was one of the best filmgoing experiences I have ever had.<br /><br /> <br /><br />",positive
"This film fails on every count. For a start it is pretentious, striving to be ""significant"" and failing miserably. The script was banal in the extreme, nobody at any time said anything remotely interesting. It was impossible to care about any of the characters. Knightly was a self-regarding waste of time whilst Sienna Miller was just a waste of time. The bit about the soldier who went off to war was a cliché even before the film Atonement used it. The use of the Second World War as a backdrop was in itself a cliché...the bombs, the sheltering in tube stations etc...employed to import a bit of much-needed drama. Why anybody thought for a moment that this film was worth making is quite beyond my comprehension. It was yet another case of ""let's get the costumes looking authentic, never mind about the story, the script or the acting!""",negative
"What could've been a great film about the late poker pro (pre-poker craze) Stu ""The Kid"" Unger turned into a disappointment.<br /><br />You can tell the filmmakers were working on a short-string budget. Everything look filmed on the cheap. Timelines seemed a bit off to me.<br /><br />Casting Michael Imperoli from the Sopranos was also a bad casting choice. He looked too old to play the baby-faced Stu, he looked way too healthy for a coke addict (if you look at footage from the 1997 WSOP main event, the real Stu was so skinny and he practically had no nose from too much cocaine so he wore those sunglasses to hide them), and I kept expecting Adriana to pop up and yell ""Chris-tu-phur!!!"" <br /><br />Also they skipped over the fact that he had a son from Angie's previous relationship that committed suicide in the late '80s.<br /><br />Every time I saw Vincent Van Patten appear, I kept thinking he was going to announce ""Show tunes going off in Stu's head."" like he does on the WPT.<br /><br />If you're looking for real Stuey footage, check ESPN Classic because they rerun the 1997 WSOP Main Event every so often. Or try YouTube. Avoid this move like a bad beat.",negative
"This time we get a psycho toy maker named ""Joe Petto"" (get it?) who makes living, evil toys that kill people. He goes after the family who has the bad luck of just simply living in the same house where he and his mutant robot son ""Pino"" (again, get it?) used to live.<br /><br />Easily the worst (and hopefully [presumably] the last) in this semi - series, this one and the previous one look like soft core porn movies, but without the sex and nudity. It's kind of like a low rent hybrid of ""Halloween III"", ""Puppet Master"", ""Dolls"" and bad home movies. Supposedly in 2000 they started to do a sixth chapter in the series, but it was abandoned and never completed. We can all only hope that it stays that way...<br /><br />1/2 a star out of ****<br /><br />",negative
"As always Joan Hickson is wonderful as Jane M. Subtle, sharp and aware. I do not wish to dwell on her acting skills as they are praised enough on this site. I would like to criticize some of the smaller parts as the rest of the cast seemed to be hand picked by director David Tucker.<br /><br />Liz Fraser's performance as Mrs. Bent (the mother of the missing girl Nora) is a joy to watch. Subtle and deeply moving as the alcohol-depending grieving mother who loves and misses her daughter desperately. A good long shot of her monologue (thanks Tucker!) so she can be enjoyed to the fullest. I was moved when I saw her the first time when it was broadcast and I am moved again, now I have it on DVD. Brava.<br /><br />Joanna Hole as Madge the tour-guide I find highly amusing. She is on the edge of over-acting but her role can have it. She is SO funny as the over-organized guide who wants to do good with everyone on that bus, I find her hilarious. Her reaction after she boarded every-one on the bus is great... As always: to perform comedy one has to take it very seriously, and that's what Ms Hole does.<br /><br />I do hope those two ladies have good careers (as I live in Holland I do not know if they have, not all theater productions can be googled...) -their performances on the screen deserve it.<br /><br />Pieter",positive
"I wanted to watch this, to get a inside look at the show. It told the story more of Robin Williams, then Mork & Mindy. Still, thought it was great. We got to see, Robin always being 'on', no matter what. The performance of Diamontopolous was awesome.<br /><br />The introductions of the main players, seem so real to me. Roebuck as Garry Marshall was wonderful. He was so charming in this, which helped me get through all the Williams energy. The little behind the scenes pieces of his other shows (Happy Days, and Laverne & Shirley), was enlightening. I also thought Richmond-Peck's Harvey was also a nice rock in the pond. (This is a good thing).<br /><br />This movie told the age old story of Hollywood folks, going through the ups and downs of stardom. It kept me glued to my TV, and I learned to love Robin, well hell, mostly everybody seem to be the super people I sometimes think Hollywood is. Go figure.<br /><br />I sometimes wonder why the network people are always played to be idiots. We never saw the head of ABC. Just heard him, like Charlie from Charlie Angels (I wonder if this way planed?). It seems so sad, that a show at number 1, could be so destroy by their own network.<br /><br />I think this story could be told about anyone's life, as they climb the ladder of any job. Movie, and TV stars are always loved or hated by so many people, that you grew up with, you just want to reach back in their past, to remember your own past. I Remember watching the show, and always wondering what does happen in their personal lives.<br /><br />Mork and Mindy, will always be part of me, and I got to see part of them. It may not all be the truth, it's also all not a lie, but in the end, it told me a wonderful sad, happy story.",positive
"Now days, most people don't watch classic movies, such as this. Most of friends only watch movies from the '90s to present. Thats kinda stingy. <br /><br />Most old movies like this are masterpieces, unique in their own way. Only because, back when these movies were being thought of and made, thats when ideas were fresh. Now people strain just to think of new ideas. <br /><br />Anyway, to the movie. For true fans of classic horror. This is for you. The movie is based with a investigator from Scotland Yard investigating the disappearance of an movie actor, and stumbles on to three other strange occurrences with past residents of the same house. <br /><br />I won't say anymore, for I will ruin the movie more than I already have. But it is a terrific movie for as old as it is. And would never mind watching it again!",positive
"This film did well at the box office, and the producers of this mess thought the stars had such good chemistry in this that they cast them in the much darker screwball farce, The Gazebo. Frankly, I am shocked to see all the positive comments on this ludicrously plotted unfunny comedy. Both lead characters have the maturity of seven-year-olds and are much less interesting to spend time with. A veteran supporting cast including Fred Clark, Harry Morgan, and Eva Gabor lend excellent support. And, the beautiful cinematography certainly makes the rich countryside of Spain seem lush. And, there are four or five truly funny scenes to go with two wise scenes and a whole bunch of recycled and unfunny clutter.<br /><br />I cannot recommend It Started With A Kiss.",negative
"When you think of brilliant Australian comedy you don't think of Skit shows (Although I'm quite partial to a bit of 80's and 90's Full Frontal) or even Sitcoms - you think of SATIRE! Something that we Australians really know how to do well. (Eg: Front Line, The Micallef Program) We know how to take the pi$$, and The Chaser's War on Everything, is a classic example of how to do it, and how to do it really well. <br /><br />I've been a huge fan of Chris Taylor and Craig Reucassel for a long time. I remember listening to them on Triple J's afternoon show. They were, and remain, two of the funniest comedians around.<br /><br />Although I was sad when they left Triple J, I was excited to find out what they were investing so much time in that made them have to leave. (They were doing CNNNN and Triple J at the same time, so I figured this was something much bigger) And what an amazingly HILARIOUS show Chaser is. Biting political and social satire at it's best.<br /><br />I'm also pleased to say that it has recently received a MUCH better time slot than Friday nights and has been moved to Wednesday nights right after Spicks and Specks. THANK YOU ABC!! Finally I don't have to tape it! :)",positive
"- A newlywed couple move into the home of the husband's dead former wife. It's not long before the new wife begins to have the feeling that someone doesn't want her in the house. She sees skulls all around the house. But when the husband investigates, he can't find anything. Is someone trying to drive her back to the asylum that she was recently discharged from? Or, is the ghost of the dead wife trying to get the new wife out of her house? <br /><br />- This is the first time that I've watched The Screaming Skull without the assistance of the MST3K crew. And, it will in all likelihood be the last time I watch it this way. Can you say dull? I'm not talking ordinary dull - I'm talking watching grass grow dull. There are great stretches of the movie where nothing happens. The screen could have gone blank and I would have gotten as much entertainment out of it. The characters drone on and on with the most monotonous conversations imaginable. The Screaming Skull could probably be marketed as a sleep aide.<br /><br />- The actors don't help matters much. Most of them deliver lines with the conviction normally reserved for a grade school play. I haven't looked it up, but I would be shocked to find that anyone associated with this movie ever appeared in anything of cinematic value. I won't even go into the script the actors are given to work with. Let's just say that the characters are given some of the most idiotic lines ever uttered on film.<br /><br />- You've been warned! Either avoid this one at all costs or, at least, seek out the MST3K version.",negative
"How i deserved to watch this crap??? Worst ever. The acting was awful, when i read that this was a comedy i expected at least to smile, once - or twice, but.... If you are wiling to loose hour and a half of your lives, this is the right movie. I recommend just look in a wall or something, anything else but watch this ""film"". Yoy can even watch a documentary (if you are a guy) about pregnant women, i guarantee it will be more entertaining :)The actor in this one (i forgot his name) is not that bad, and i am surprised how hi accepted the role. Anyway ""I want someone to eat cheese with"" is the right film if you want to punish someone.",negative
"My friend gives me these 3 huge boxes. ""They're laserdiscs of Flash Gordon serials,"" he says. ""I'm gonna have some giant coasters,"" I say. But not so. This serial rocks. (But I had to whine & moan to almost everyone I knew to find a laserdisc player for em).<br /><br />There is really a little of everything in this serial: There are lion-men, hawk-men, shark-men, Earthmen, & I guess you'd call em Mongo-men. The sets & costumes combine, Greek, Roman, Oriental, Egyptian and there's even armour like English knights. Awesome costumes. And some of it was a riot. Those horrible tights with shorts over em worn by Zarkov are beyond description. And the guys in the furnace scene seem to be wearing boxers.<br /><br />It's also funny the way they renamed the octopus to an octosack, the orangutan to orangapoid, and the tiger to a tigron. There's even a dragon (a Godzilla-like creature who threatens Flash on a couple of occasions before being killed off).<br /><br />You like the Invisible Man? This has got you covered. You like sword fights, wrestling (both animals & men), fist fights? Plenty for any taste. We have an underwater city, a sky city, a city on top of a mountain, and tonnes of secret passages and caves.<br /><br />Hokey effects? Massive amounts. The sky city is supported by radium furnaces stoked like old-time steamships. The rocketships are ""powered"" by fireworks and have constant backfires and/or humming noises. Lots of wires are visible holding things up (like food when Flash was invisible and of course rocketships). There's clouds out in space, but none around the earth when viewed from Mongo. ""Giant"" lizards show up briefly. Fighting sea creatures supposedly threaten Flash & co. on the way to the shark-men's underwater city. The ""gadgets"" in Dr. Zarkov's lab crack me up. And they seem to be the same ones no matter what lab he's in (he worked in Ming's lab and Vultan's).<br /><br />And yeah, we have romance. Everyone wants Dale; Ming, Vultan, Flash. But at least one person wanted Princess Aura (Prince Baron) just not the person she would have preferred. In fact, it seems a lot of the sub-plots concern intrigue on the part of Princess Aura to try to win Flash.<br /><br />Man I think the characters are awesome. That fat, horse-laughing, King Vultan was hilarious. How he managed those wings was pure artistry. And Ming! What can I say about Ming? He was perfect. They should have had him for the emperor in Starwars. Ming has got to be my favourite character in this serial. Princess Aura was quite a little character too. And she pulled it off nicely. I think she's a better actress than Dale Arden by a long shot. Even the sneaky high priest had a distinctive role. Zarkov was good, but not the strongest character---and he always stood in the background during fight scenes holding Dale. Now we get to Flash: Flash, of course, was the strong point, the leader, the hero---and he did it well. Crabbe is a good actor and this role fit him perfectly.<br /><br />After watching this, I think I know where George Lucas got the main idea for Starwars. Watch this, you'll see what I mean.<br /><br />If you ever considered watching an old serial (or any serial for that matter), this should be your first choice. The only reason I didn't give this one a 10 is because of a few story holes that could have been fixed easily, the way the giant lizards seemed just tacked in there, and a couple of weak characters (king of shark-men & king of lion-men).",positive
"I like end-of-days movies. I like B-movies. I was hoping I would like this movie.<br /><br />I could ignore the poor effects, the often atrocious music, the cringe-inducing lines. I could ignore the unexplained events, and the fact that the movie constantly relies on deus ex machina is excusable, given the subject matter. I could ignore the fact that the people who fight hunger and try to reach world peace are the bad guys. None of these things kill the movie. What kills this movie is that it's just plain and simple boring. Nothing actually happens; almost all scenes in the movie are designed to push the movie creators' morals on the viewers, at the cost of actually having a coherent story, or any kind of suspense.<br /><br />If you're looking for an entertaining B-movie, look elsewhere. This movie is just boring.",negative
"This movie is not schlock, despite the lo fi production and its link to Troma productions. A dark fable for adults. Exploitation is a theme of Sugar Cookies, and one wonders if the cast has not fallen prey to said theme. A weird movie with enticing visuals: shadows and contrast are prominent. Definitely worth a look, especially from fans of Warhol and stylish decadence. Through all the cruelty and wickedness, a moral, albeit twisted, can be gleamed.",positive
"A ridiculous comedy given an arms-flailing direction. I love one of the comments here: ""Couldn't be made today"". Well, neither could ""The Philadelphia Story"" without a car chase or two. Nonetheless, does that mean the picture is worse for the wear for being old-fashioned? I don't think ""Susan Slept Here"" was good for any generation and it should fester peacefully in the memories of Debbie Reynolds-buffs. There is no sparkle in this story of a screenwriter who latches onto a much-younger girl for 'script research'. Dick Powell makes his farewell screen appearance in what must have been an embarrassment to him. Reynolds is pallid. Produced by one Harriet Parsons--who gives her famous mother Louella a number of inane plugs. *1/2 from ****",negative
"I saw the premier of this movie during the 2005 Phoenix Film Festival and was very impressed with the skill Director, Jeff Hare, exhibited in bringing this timely topic to the screen. The cast of characters meshed perfectly and allowed us to examine the issue of a senior wishing to die on ""his own terms"" in a very warm and humorous way. Peter Falk was brilliant as Morris and the supporting group of family members and friends were perfectly cast in their roles. The interaction of the family, friends and outsiders with Morris created a realistic view of how families address the issue of their parents aging and their wishes to die with dignity.<br /><br />Although this movie is ostensibly a movie about a Jewish Actor and his family, it is truly a movie about all families. The jokes the family and Morris crack during this romp through the life of a ""Force of Nature"" are fresh and realistic. Childhood rivalries, adult successes and failures, and hope for the children are integral to this screenplay. While many will question how you can make the topic of suicide ""humorous"", I thought the treatment logical and timely. If you are not afraid to shed a few tears or laugh at the quips of a family struggling with this issue, then you MUST SEE THIS MOVIE.<br /><br />The movie was awarded ""Best Picture"" at the Phoenix Film Festival.",positive
"i actually thought this is a comedy and sat watching it expecting to laugh my ass off. pretty soon in became clear this is no comedy, or at least not a 'Jim Carrey type' one. what kept we watching was the characters - the movie starts with some pretty grim, troubled people, gathered together to try and fight one of their basic fears - fear of water, fear of swimming. we start to get bit by bit into their lives, witness their troubles, guess of their thoughts.<br /><br />actually i made it look much darker than it actually is, and besides the chain of events soon brings some light and hope to their lives.<br /><br />i probably wouldn't have watched the movie had i known its not a comedy but rather a drama, but i had good time, enjoyed the story and don't mind i spent about 90 minutes with it.<br /><br />many films treat the alienation between people in the western world, this movie shows how people can get together and help each other<br /><br />""and if in the light of dying day you meet her, don't let her pass you by and leave, don't loose her, she is your gift from the sun...""<br /><br />9/10<br /><br />peace and love",positive
"I recently saw this movie in my International Business class. I was not expecting anything other then another boring documentary (not to say I don't love documentary I've just hard bad luck with movies in that class) Imagine my surprise when this movie, that's actually a movie, came up. <br /><br />This film is a tell all of cultural differences in the work place and how they need to cooperate to get anywhere. The culture clash shows just how different the world is and just how differently we perceive ourselves until someone comes along and gives us a wake up call. I would highly recommend this film to anyone in business or who just wants a laugh, because yes it is funny. <br /><br />Well, that's about it! Cheers",positive
"So, Steve Irwin. You have to admire a man who is not only willing to throw himself into a river that clearly is filled with crocs, snakes, lizards, tons of poop from the aforementioned reptiles, and mud, not only daily, but with enthusiasm. He was never able to make ME want to do it, but he managed to make his wife come close.<br /><br />This movie does not fall into my parallel universe of film category - the films for people who just had their teeth drilled, have a migraine, or have no film experience and therefore like quiet mediocrity (currently well populated by Disney films). It's too noisy. Well, Steve is too noisy. He's just so happy all the time, and would cut right through the blasé' teenager (I can hear it now: ""that movie was so STUPID"") or the Tylenol with codeine. I'd say his enthusiasm is catching, but if it was, I would own a room full of snakes, and that hasn't happened yet. I agreed they're beauties, but I'm still not going to pet them.<br /><br />Plot was indeed predictable. Bad guys were so bad, for a minute there I thought I was shopping at a consumer electronic superstore. But the movie was filled with animals, and Steve and Terri, which is why I watched it. That plot (if you could call it that) was really more of a reason to throw yet another croc in a truck. My expectations were low and stayed that way.<br /><br />I was hoping, though, that there would be a bit of a sequel, where Steve and Terri (having worked on their acting skills) have a movie with a real plot and more animals with fur. I still can't believe we won't see Steve anymore. I hope that Terri and the children continue to be involved in the Australia Zoo and the discovery channel, at least. I can't imagine seeing a crocodile without having some member of the Irwin family telling me forcefully how wonderful that croc is. Crikey!",negative
"Nothing but the director's juvenile fantasy come to life. This 'movie' is nothing more than an excuse for the director/actor to play kissy face with an attractive young woman who would otherwise never give him the time of day.<br /><br />The plot is simple, the direction is nonexistent and the movie drags while the actor/director/writer/narrator narrates. Don't be fooled by the 'X' rating, there is no nudity and minimal gore.",negative
"This was obviously the worst movie ever made...ketchup was the starring role in this movie and would be the only nominee for an award..cause the plot, actors, and anything related to this farce was absolutely horrible and ridiculous. I could have made a better horror flick in my backyard within two hours with a hand-held camera using grass stuffed dummies as the actors, atleast the acting would have been better! Don't waste your time or money on this one...it's extremely cheesy and horrible!!",negative
"Having read another review, I thought this movie would actually be good. I do enjoy the ""B"" movies, but this couldn't even be classed as such. The photography is probably the only half-way decent thing in the movie. But the editing left much to be desired. It was very choppy and staccato. Whoever chose the music and sound did a terrible job. The music was awful, specially anything atmospheric or scene setting. If the acting had been better, they could have pulled the movie off. Unfortunately, I've seen better acting in porn flicks. If you want to see a ""B"" vampire movie, check out 'Blood Ties'. You'll be much more entertained.",negative
"I wasted 35 minutes of my life on this turkey before I gave up. The main character is completely clueless and astoundingly unsympathetic, but there is no humor in his blundering. As soon as he arrives in Germany, the screenwriter pulls the old ""there's only one room in the hotel, you'll have to share a room with a pretty girl"" stunt. Come on, at least you could let them develop their relationship a bit first. Watch ""It Happened One Night"" to see how to do it right--or any of a thousand movies since then.<br /><br />The acting is consistently third-rate, and the improvised dialogue should have been left on the cutting-room floor. It meanders with no plan at all, despite the fact that the film telegraphs the relationship's destination from the moment Greta is introduced.<br /><br />The first song, in the boardroom, is mildly funny but badly sung. The rest of the songs (well, to be fair, I only heard those in the first half-hour) are just pointless and awful. Most of the singers are painfully out of tune, but not in any intentionally humorous sort of way.",negative
"I went to see Random Hearts with 3 friends, and at first, I thought maybe it was just me who wasn't enjoying the movie. After all, I didn't like As Good As it Gets and that movie won all sorts of awards. Well, it wasn't just me...none of my friends liked it either. It was unbelievable slow, much like getting teeth pulled. The only action that is in the movie is what is in previews. We didn't walk out of the theatre because we all assumed something more would happen. We weren't as smart as the 7 or 8 people who did walk out. I have never walked out on a movie in my life, but I definitely should have. This is all tough for me to write, considering I am relatively easy to please when it comes to movies. It takes a lot for me to think a movie is awesome, but not much for me to just like it. This movie didn't even come close in the like category. Not only was the movie about 2 hours too long, but it was like two separate trite stories in one, but they weren't smoothly sewn together. Plus, the ""soundtrack"" if you could even call it that was so annoying. Like Seinfeld has the same riff that is played over and over again (difference being that i like Seinfeld)..this movie had this jazz riff that it kept playing, which sounded highly inappropriate at times, especially when people were dealing with the deaths of the plane crash. Hard to explain what I mean, but trust me it was awful. I cannot say enough to make people not waste their money. After I left the theatre, I honestly wanted to write to the movie company and demand my $7 back..sheeesh, I could have gone bowling or something for that money.",negative
"I agree that the movie is a little slow at spots having many scenes of mundane everyday life and no dialog. And I wasn't impressed right after I watched it. However, after a few days, I realized that the movie stays with me and it evokes a melancholy mood which lingers in my mind. My appreciation of this movie increases. It certainly merits a higher consideration than those movies that are instantly forgettable.<br /><br />As many have commented, the movie is non-linear and that's a hallmark of European film-making as opposed to the linear narrative form that Hollywood favors. I don't really know whether it's true or not. Many also dislike its confusing structure and lack of clear explanations. To those viewers, I don't think there is much I can say to change their opinions. However, for others who have yet to see the film, DO expect to be challenged and DON'T expect the film to supply all the answers and you might come away enjoying it more than you would otherwise.<br /><br />The movie skips around a bit but really chronicles just 3 time periods. Pay attention to the hair style and you can easily separate out 2 of the 3 periods. It is also not as confusing as suggested; just enjoy and it'll all be clear at the end.<br /><br />Yes, lots of things are left unsaid or not shown, and lots of situations are left unexplored. But isn't that what life is like? A lot of time you're not sure of the motives of your friends/loved ones unless you confront them and even then, you can never be 100% sure if they told you the whole truth. This type of movies forces us to interpret the reasons behind the actions. The movie does, however, leave enough hints for you to make some reasonable assumptions. For example, Mathieu is manic depressive, to the point of suicidal. Why? I don't know, maybe his life is not turning out exactly as he expects it; maybe he misses his family but hasn't forgiven his father for abandoning his sick mother at her hours of need; maybe after all he sacrifices for Cedric, rearranging and indeed, shattering his life to be with him, he realizes that it is all ""coming undone"". I think the director meant to show us that he has always been a little off, mentality fragile by that scene w/ the dead bird. Maybe he has a very sensitive psyche and all these stresses are taking a toll on him. But we're also shown that he is not some animal torturing psycho by his loving interaction w/ the stray cat. Also, there is one conversation between the doctor and Cedric that sheds light on the reason behind the breakup and maybe the suicide attempt. The doctor asks him if everything is okay, and Cedric thinks so even though he cheated on Mathieu once, but that's nothing, according to Cedric. Is that the only reason, we don't know, there are probably others, all mixed up together. Is it paramount that we know exactly what they are? I don't think so, for this movie. Another telltale sign that they are ultimately not compatible is the historical ruins scene. Mathieu is interested in studying the ruins, Cedric is not. He is the one w/ the raging hormone who focuses only on the physical side without an intellectual side that Mathieu obviously needs.<br /><br />Finally, the ending is really rather hopeful and sweet. I was pleasantly surprised by the turn of events after the bleak tone that edges toward the end.<br /><br />I have two complaints for the DVD. One is the sound. It's very soft. I had to crank up the volume to hear the dialog and then when it switched to a bar or outdoor crowd scene, it became too loud. The other is that the subtitles can't be turn off; they stay on the screen. Most foreign movie DVDs not released by a major studio are shoddy this way unfortunately.",positive
"This isn't ""so bad it's good""--It's ""so bad, it violates the Geneva Convention's prohibition on cruel and unusual punishment""! Only by reading the Synopsis can you even figure out the ""plot"" of this Straight to Video disaster. It's a hodge-podge of grainy stock footage spliced together with some of the all-time worst acting you'll ever have the misfortune to see. Comparing this incompetent, turgid, humorless mess to ""Dead Men Don't Wear Plaid"" is like saying that ""Gigli"" is like ""Citizen Kane"". The talentless cast are costumed in cheap, J.C. Penney ""Goin' to Church"" clothes, and there isn't the slightest attempt at period hairstyles or make-up. If you really want to see how this sort of ""homage"" can work, check out ""The Lost Skeleton of Cadavra""--It's clever, well-written, and best of all, performed by actual actors who aren't such agony to watch. For that matter, seek out the work of Phoenix artist Paul Wilson whose Sci-Fi short ""The Attack of the 70 foot Courtesy Lady"" leaves this film in the dust. The people in Terror In the Tropics look and sound like they were pulled off the street and given their scripts to read during the one and only take. This is an insult to Bela Lugosi, Boris Karloff, Lon Chaney, and anyone else involved in the films they cannibalized to make this schlock-fest! Money isn't the problem--A lot can be accomplished with very little expense. A good script, decent actors, and above Z-Grade costumes and production design should have been a given before the so-called director created this stinky pile of cinematic offal. Let's hope the ""promise"" of a sequel doesn't come true--That was by far the scariest thing shown in the whole movie!!",negative
"This movie truly shows the farce and hypocrisy of Indian society. What it tries to show you is only ONE side of the story. The other side of the story is the hidden emotional and mental abuse of Indian children which this movie does not show.<br /><br />""Indian Parents"" are culpable for the following: a. Destroying the individuality of the children by making them completely dependent on the parents at a very early age. Such children grow up to be Adults only in physical looks but remain children in minds. Since everything has been provided to them by their great Indian parents, They children automatically do not feel the need to work hard at something or learn the basics of human communication with other human beings apart from their parents.<br /><br />B. I can show you so many Indian parents who try to prevent their kids making friends, going out or prevent them to do anything which starts making them to grow into adults.<br /><br />The reason why they do is the same selfishness. Indian parents ""expect"" their children to take care of them when they grow old. They do no savings for themselves and once they reach the age of 50...They cry out LOUD......We have grown old now and so we are dependent on you children since we have done the GREAT SERVICE of bringing you to this world and taking care of you and making you intellectually weak.<br /><br />Most of the Indian parents at the age of 50 have dilapidated bodies and health and are financially completely insecure. Most feel that they ABSOLUTELY have no need to take care of themselves since they ""expect"" their kids to take care of them.<br /><br />In the west the opposite of that happens. People start planning at the age of 20 about their retirement and once they retire they are financially secure.<br /><br />Indian parents do NOTHING of that sort since like I said they have brought the kids in the world and what better investment at that?.<br /><br />I am a victim of my Indian parents (i am sure there are countless other Indian kids like me), who have grown up physically but are still struggling with their lives on THEIR OWN and they continue to have pestering 50 year olds who cry out loud for HELP all the time.<br /><br />This movie shows only ONE side of the story.....UTTER piece of JUNK",negative
"Narratives  whether written, visual or poetic epics  generally try to avoid too may characters; readers and viewers, after all, can be too easily overwhelmed by trying to keep track of who exactly is who. This is especially true in film, I think, simply because we cannot easily go back to refresh our memory in a cinema. Viewers like myself, however, don't have that problem because we see all our films on DVD or VHS.<br /><br />A year ago I was introduced to Audrey Tautou, a French actress, whom I first saw in The Fabulous Destiny of Amelie Poulain (2001) and later in A Very Long Engagement (2004), both of which were finely crafted and complex stories with a large cast of characters. This earlier offering exceeds the others in both ways: more characters and more complexity.<br /><br />Now, other directors have used those techniques before: Robert Altman with The Player (1992), Short Cuts (1993), Gosford Park (2001) and others; Paul Thomas Anderson did the same with Magnolia (1999). Stanley Kramer did it with A Mad, Mad, Mad, Mad World in 1963, a comedy of almost epic proportions. The difference with this film is, first the director lets us 'see' inside the head of some of the characters and second, some scenes are repeated as means to refresh the viewer's memory as the story flip-flops between different time periods.<br /><br />The basic  the core, so to speak  story concerns a young woman, Irene (Tautou) who is told, by a fellow commuter on a train, that she will meet her true love on that day. This occurs in the first few minutes of the film. The clever irony at this point is that Irene doesn't realize that the young man opposite (Gilbert Robin) may be that 'one true love'. And, nor does he...<br /><br />They go their separate ways with neither realizing the potential significance of their close encounter. However, chaos results throughout the rest of the day, not only for the two young people, but for the rest of the characters who appear in a series of cleverly constructed and interwoven vignettes that all seem to be going nowhere, and yet...<br /><br />If the story were simply that, it could tend to be boring, and even quite predictable. Not so. The script and the director rip into our expectations with a host of innovative scenes that are all too commonplace, but which are turned into believable, extraordinary events that allow the two possible lovers to meet again. For example, the next time some bird poo from the sky drops onto a book or paper of yours, consider your alternatives; two characters make an obvious choice that must occur before Irene and her man of destiny meet again. Or what about a stone chip flying onto your windscreen? Consider again what would happen...<br /><br />All of that is interesting enough. What was more interesting for me was assessing each new man who came along and trying to decide whether this guy was THE ONE for Irene, or whether it was, in fact, the young man on the train. That kept me guessing for a while.<br /><br />I'll let you think about that, should you see this delightful romp.<br /><br />Recommended for all.",positive
"""Don't Drink the Water"" is an unbelievably bad film. It's based on a 1966 Broadway play by Woody Allen. It stars Jackie Gleason, the comic genius behind ""The Honeymooners"". The director, Howard Morris, has appeared in several Mel Brooks comedies (Life Stinks, High Anxiety, Silent Movie)and has made a mark in animation (characters he has voiced include Gopher from ""Pooh"", Jughead (Archie)and Beetle Bailey) What went wrong?<br /><br />I think the problem is that the premise is played out too seriously to work effectively. Allen's original play was tongue-in-cheek, which is why it worked on Broadway and in Allen's 1994 remake. The screenplay by R.S. Allen and Harvey Bullock beats the premise to death and makes too many changes from the original play. Making Gleason's wife an airhead in this version when she was a headstrong woman in the original is just one example of why this doesn't work.<br /><br />The acting isn't much better. Gleason does the best he can with the material, but he can't save this. Gleason was a comic genius , but also a fine actor as he demonstrated in ""The Hustler"" and ""Soldier in the Rain"". His abrasive personality could have worked here, but the lousy script doesn't even give him a chance. Too bad. Estelle Parsons' airhead wife will drive you nuts after 20 minutes. See how soon it'll take for YOU to want to strangle her. That is also a shame because she is also a fine actress, having turned in two exceptional performances in ""Bonnie and Clyde"" and ""Rachel, Rachel"" None of the other actors do particularly well either.<br /><br />Woody Allen hated this film so much that he remade the film in 1994 with himself and Julie Kavner (Marge Simpson) in the leads. They manage to hit all the right notes and the film itself is a comic masterpiece. It's finally on video after a long battle over rights. Do go out and find that version. All the 1969 original is good for is clearing out unwanted guests who overstay their welcome.<br /><br />1/2* out of 4 stars",negative
"Getting lost in space frozen for 15 years, that's unlikely. Falling into a star... improbable. Falling into it the day it goes supernova and explodes... ludicrous. Getting rescued by a ship just then... priceless.<br /><br />No, it's not Zaphod Beeblebrox's Heart of Gold to the rescue. It's also not the Parent of the Year awardees. After sentencing her daughter to two years' solitary confinement on an abandoned spaceship, the mother encourages her to get drunk and wander off alone with the strange man they've picked up. This foreshadows their prowess in hand to hand combat, which makes up most of the film's action. Combat highlights include for example the psycho talking close up face to face with one woman while blindly pointing the gun behind him at the other about six inches away, who obligingly simpers in the line of fire.<br /><br />In the end, the family of three abandons the metropolis-sized ship they were planning to use to observe the supernova until the last instant because it is too slow to escape the blast wave, instead using the psycho's fighter ship which they've refueled in one minute with 1600 pounds of gas propellant from a 0.7-kiloton missile. You have to love those hard sci-fi statistics! <br /><br />As long as Hollywood treats writing as an irrelevant frill, they'll continue making movies not fit to run at 3 am on the Sci fi channel.",negative
"An unexpected pleasure as I had heard nothing about this film.<br /><br />Shameful since it warrants having a wider audience.<br /><br />A wonderfully humane story with a social message gently told, although admittedly predictable in its resolution. Solidly acted by the principals. Beautifully photographed with muted colors floating against grey that captures the nostalgic tone of the film.<br /><br />My recent foray into Chinese film (Shower, The Road Home, Not One Less) has been an exciting one that I hope to continue exploring. China and its people is an amazing canvas for film-makers. ""The King of Masks"" can be highly recommended as a starting point for anyone similarly interested in recent Chinese film.<br /><br />",positive
"I had watched several days film shooting of this movie that summer,the end result was just two scenes in the movie. The location was Sylvan Lake in the Black Hills. Bring the wagon,stop the wagon etc . So this Dakota youth looked forward to seeing the movie and was not disappointed. The local buffalo herd was being culled so the shooting scenes were for real. (yes Doris, animals were hurt during filming) I think the ending was copied by Jack Nicholson in the Shining? A great western/social comment from the 50's. This should be in the same class as High Noon for real western drama or used as a social statement like Blackboard Jungle or Rebel Without A Cause was for 50's youth.",positive
"I don't see why all the people are giving this film negative reviews?!?! I loved this movie! Bled is a form of abstract art, and if you don't appreciate art, I can see why you would not like this film. It was a great twist from the average, played out vampire movie. If you are looking for a fresh, new and ingenious new vampire movie, then this is for you. But if you want one of those turn into bats, wolves and melt in the sunlight movies, then go watch your old played out Dracula flicks. Sure, it is a bit on the low budget side, but they did a great job with the budget they had. I'm very happy that I found this movie, because I was about to give up on the vampire genre fro good. I thought this film was brilliant! I give 2 thumbs up to the writer, director and everyone involved in the film.",positive
"It is easy for a movie that tries to be suspenseful to wind up being merely uninteresting. It happens quite often. Not only is Dark Harbor uninteresting, but it is very poorly done. Scene after scene is tacked on to an otherwise overdone premise. A troubled couple picks up a troubled stranger only to find more trouble.<br /><br />Some movies build tension by building the story. Dark Harbor keeps adding on to its story but never building upon it. I was hoping that like other movies, the suspense would finally explode. It never does. Also, the characters have no continuity from scene to scene. They may act one way in one scene, but then act a completely different way in another scene. At first, you think that they are merely out of character, but by the end you realize that they are not really characters at all. They are just props for the final twist. The final ten minutes try to be shocking. Instead, it's rather lame and uninteresting. The only thing that was shocking to me was that the movie finally ended. At less than ninety minutes the movie still feels way too long.<br /><br />This isn't one of those low-budget gems. It's more like a counterfeit watch that breaks as soon as you take it home.",negative
"This is one horror movie based TV show that gets it right. Friday the 13th the series had no connection to the movies. Poltergeist the legacy: I'm not so sure. It may have been loosely connected to the movies. It feels like they just throw a famous title on a show so fans will watch it.<br /><br />It shows Freddy being burned by the Elm street parents(in the 1st episode I believe) and the amount of parents were disappointing. With all the kids he targeted in the 1st 3 movies, you'd expect there to be more parents. But oh well.<br /><br />Freddy is basically the narrator for the show. He watches the actions of people in the real world sometimes getting involved somehow. Just like other anthology shows like Tales from the crypt, there's a supernatural or surprise ending twist involved.<br /><br />The acting lacks but believe it or not: the violence sometimes surpasses that of the movie. This show lasted a couple of seasons and was made around the time of the 4th movie. i heard it was canceled due to protesting parents. I watched a lot of R rated stuff as a kid, so its a shame parents had to ruin it for everyone. 4 more movies came after the series , so it wasn't a total loss.",positive
"or: It's a bird ? It's a plane ? No, look... It's a disaster ! or: No need to look up in the sky.<br /><br />or: (... OK, that's enough.) If singer tried to make a romantic titanic like movie to crash the box office record, he failed. The SR structure can't do this, the dark and restricted color scheme (I would call it ""wishi-washi""), the boring usual dialogs, the clown with advanced alien technology, the missing fun and magic, etc. makes the movie completely disappointing.<br /><br />It simply doesn't work.<br /><br />The main thing at a character like superman is, that he is a superhero. That's the core, the most important thing.<br /><br />Love trouble and a sadly lost depressive Supersoftie can maximal only be a facet in a 2:40 long Superman movie, not the whole time.<br /><br />Because then it is not a superman or superhero movie anymore. It's like a (and in this case a very bad and boring) social study, where every 30 minutes a person flies around.<br /><br />That's a big difference.<br /><br />This movie is a joke. Holy skywalker, this is Superman, so give us Supervillains, Superaction and the most important thing, Superfun.<br /><br />We want ENTERTAINMENT ! Singer, if you want to make a 2:40 long soul love trouble drama about lost and sadly people ? Then take normal human characters and make a yentl remake.<br /><br />They say: Superman returns. And then, supersadlysoftie stands in the door.<br /><br />Maybe singer has tried to kill the legend without kryptonite, but one bad movie can't do this. Don't give up, they plan a sequel...<br /><br />Next time singer (and Warner Brothers), make a superhero movie, not a depressive superlame soap, or let it be. A superhero movie means a colorful fantasy with a lot of fun and magic.<br /><br />This movie is like a very cheap chocolate box with a super cover. Yes, technically there are all sorts in, yes, there is a lot of small talks, there are a few jokes, a view action scenes, etc, but the only one what all these worse pieces have in common is their poor quality.<br /><br />It's not more than a super boring patchwork and one of the worst movies I have ever seen in my live.<br /><br />The ridiculous cast strategy (Cast them young as possible, so we can make sequels in the next 25 years) gives the rest. Kate Bosworth plays a 22 year old star reporter, she's looking like 19. Superman was full five years away, so he slept with her 6 years ago, so she was 16, (looking like 13) and a daily planet reporter, wroting ""I spend a night with superman"". Warner Brothers, that's too much.<br /><br />Routh is not so bad, he is playing a little bit wooden, but the whole movie is wooden, so... ?! Temporary good were marsden and sometimes posey. The rest, forget it. Even spacey, this is not his terrain.<br /><br />Reeve/Hackman/Kidder were acting so easy, with fun. What a difference.<br /><br />The Jesus poses at the end are ridiculous too. What the hell should that be ? The problem here is, they mean this serious, not as a joke. Next time Spiderman or Batman or Ironman falls and rises like Jesus or angels ? Or they speak with god directly. Why not ? They are superheroes, saving human lives every day. So at least one talk with god every week should be possible... Oh my god.<br /><br />Maybe this was not the real announced movie, instead it is from a bizarre dull parallel universe.<br /><br />For the warner brothers this superlame depressive flick will be possibly the greatest disaster in history. Not only because of the money.<br /><br />I understand how difficult it (maybe) was to create and transport some messages or feelings, but showing lone, lost and sadly people isn't new and thousands of movies or TV-Shows did it better, in very old or new ones like magnolia. And the flying frogs there were more impressive than this flying superwoman, sorry, superman of course.<br /><br />Singer and WB, that's simply nothing. In fact it's even more than nothing, it's like a black hole that destroys the passion for (comic/superhero) movies and steals us three hours of our life.<br /><br />Mrs. Smilla's little brother. (Very angry and green like the hulk.)",negative
This started out as a good sketch comedy. The first few shows were very good and I was looking forward to a long run. What was really funny was the Mariah Carey imitation and the take off on Beverly Hills 90210 featuring the hair fight. The Delta Burke vs William Conrad heavy weight battle was also good. Unfortunately the following shows went downhill relatively quickly. The writing became uninspired and oh so predictable as if the show had acquired a cult following in it's young tenure. Nothing fresh was being offered and the recurring skits were boring. One example is the gun family (or whatever it was called) which became a weekly feature. This sketch was not all that funny to begin with let alone being a regular feature. An example of a quick promising start then a sudden fall.,negative
"Darr is a great movie! Shahrukh plays an obsessed lover who will do almost anything to win over his lady which in this case is Juhi Chawla. Little does Juhi know in the film that Shahrukh has a MAJOR crush on her and is constantly stalking her. I have to admit, some of the things he did in this movie were pretty creepy... like the threatening phone calls. Never in my life will I forget the line, ""I love you K..k..k..Kiran!""<br /><br />It's just too bad that Shahrukh and Juhi weren't exactly ""together"" in the film. But Juhi and Sunny do make a fairly good couple in the movie. Though Shahrukh's role was pretty psychotic, I still think he did a great job of playing it and can't possibly imagine anyone else doing that role. No wonder he got an award for Darr in 94'!<br /><br />Juhi... what can I say??? She looks especially amazing in this film! It's not that she doesn't always look amazing in her other films, but Darr did give the public a wonderful image of her!<br /><br />As for the music... it was excellent! Especially ""Jaadu Teri Nazar,"" one of my all time favorite songs. I also thought ""Tu Mere Samne"" was quite nice also.<br /><br />A must see for everyone! Overall Darr deserves a 9/10!",positive
"I'm a large scarred heterosexual male ex-bouncer, ex-rugby player, and ex-boxer, and I love this movie.<br /><br />It's no ""Mystic River."" It's a piece of fluff. But there is room in life for fluff, and when that fluff is engagingly shot, well-acted by attractive, likable people, cleverly plotted and full of good dialogue, there's even more room for it.<br /><br />I'm not the biggest Tom Selleck fan. But he's good in this. So are Julianne Nicholson (love her bald head and freckles), Ellen Degeneres, Kate Capshaw and even Tom Everett Scott (That Thing You Do!).<br /><br />The scenery is nice, the mood is upbeat, there's heartache and wistfulness and farce and even a little redemption.<br /><br />Any (male) reviewer who disses this movie is, shall we say, not perfectly confident in his masculinity. In the meantime I'll continue to catch bits and pieces of it without apology whenever it shows up on cable.",positive
"Uninspired direction leaves a decent cast stranded in a handsome but bland adaptation, in which dialogue seems recited rather than heartfelt, and cash strapped appearances by the ghosts fail to round up any sense of awe or magic; Edward Woodward, as the Ghost of Christmas Present, wobbles around on stilts and seems to be doing an impression of Bernard Cribbins. As Scrooge, George C. Scott is too wry, and he never seems to truly believe in it, which robs his performance of its effect. The scenes in which he's shown his past have as much impact as if he was half-heartedly flicking through his family album. No one else seems to be putting any effort in, except Frank Finlay, who chronically overacts.",negative
"Brought Philip Larkin to life in a way that is worthy of the greatest performances of all time, and not just the ones that are measured by popularity. It shows a stark portrayal of Larkins life as the greatest unrecognized poet of his era - which is exactly how he would have wanted it, such was his disdain for cankers and medallions. It dramatically exposes the raw beauty in the intense sadness of Philips observations of our relationship with our own mortality, and lays it our in a way that seems to have missed even the great philosophers. for anyone interested in profound observations of our relationship with life, love and death this is a must.",positive
"You know that mouthwash commercial where the guy has a mouth full of Listerine or whatever it is and he's trying really hard to keep from spitting it up into the sink? That's a great metaphor for this movie. I kept watching, even though it was really difficult. But keeping mouthwash in your mouth will leave you with a minty fresh feeling. This movie left me with a bad taste in my mouth. I should have spit it out when I had the chance.<br /><br />The premise is corny enough to be fun. For the first time in like a thousand years, Gargoyles have returned to Romania, and all of the priests who knew how to fight and kill these things are long dead. It's up to Michael Pare and some other secret agents to get to the bottom of things before the Gargoyles run amok. Unfortunately, the premise is completely lost in bad dialog and less than enthusiastic acting on the part of the human leads. The best acting is done by the CG Gargoyles.<br /><br />In the end, this movie feels like a poor man's Van Helsing. If you check your brain at the door, this might get you through a dreary Monday night. I gave it 3 out of 10 stars.",negative
"I have been watching movies from i think last 10 years , and I must say that i never felt that bad, which I felt after watching this extra large bore movie, it was bad, very Bad. There were songs & songs. Nobody should watch this movie. The director has shown Germans speaking English which is so rubbish. Germans does not speak English. & in one scene there was a white girl who asked Himesh for autograph. (Obv that he must have gave some money to her) In the promo they have shown prepare for Laughing riot. But i could say there was only one scene where that Himesh was laughing for no reason may be he thinks he's funny. Hansika is very good. she is like an angel. But too young only 16 yrs old. If you have plenty of time and don't know what to do then you should watch this movie or else its waste of money",negative
"What a terrible film. It sucked. It was terrible. I don't know what to say about this film but DinoCrap, which I stole from some reviewer with a nail up his ass. AHAHAHAHAHHAHAHAHAHAHAHAHAHAHHAHAHAHAHAHAHAH!!!!!!!!!!!!!!!!!!! sigh.. It's not Roger Corman that I hate, it's this god-awful movie. Well, really? But what can you expect from a movie with Homoeric computer graphics. Which is another thing, the CGI sucked out loud; I hate this movie dreadfully. This is without a doubt the worst Roger Corman B-Movie, and probably the gayest B-Movie too. It's-it's--- DINOCRAP! I'm sorry, I must have offended some nerds in these moments. It's just an awful movie... 0/1,000",negative
"In this forgettable trifle, the 40-ish Norma Shearer plays a fluttery, girlish socialite in Monte Carlo, caught in a tussle between George Sanders and Robert Taylor. It would be tempting to blame this movie's failure on the dull, talky script, or director George Cukor, who never seems interested in livening up the film's generally comatose state. Mostly, though, it's the fault of Shearer herself, who desperately wanted to keep playing ""young"" parts as long as she could get away with it. Inadvertently, this makes ""Her Cardboard Lover"" a bizarre monument to an aging woman's vanity.",negative
"The following ""review"" is one from the wrong side of the tracks, meaning two things: You will hear nothing but praises coming from me and don't be fooled by my rating. I also could tell you that this review contains no spoilers, but technically... that's a lie.<br /><br />Well,... Screw the review. I'm just going to ramble a bit. It has been a while since I had so much fun with such a bad film. And if you cannot enjoy this piece of utter drivel, then you simply have no sense of humor. First off, this movie was meant to be taken seriously, and that's the main aspect were the fun is coming from. The story? A doctor's son is terminally ill. Daddy-Doctor decides that a hart-transplant must be the only way of saving his son. So, in true mad-doctor-style, he decides that the heart of a gorilla will do the trick. Of course, the gorilla-heart is ""much too potent for a human"", so sonny-boy transforms into this hideous Ape-Man that immediately breaks free and goes on a killing and raping spree (because that's simply what any horny beast would do, isn't it?). The make-up of our Ape-Man is hilarious. There's simply no other way of putting it: The guys' face looks like a turd! I'm talking human excrement here, the solid brown kind! Beautiful! The gore in this flick is wonderful too: Aside from real footage of an open-heart surgery, we also have incredibly fake (but quite nasty) looking blood & gore effects: a decapitation, an eye-gouging, a throat-ripping, the scalping of someone's skull,... It's hilarious, and indeed it's quite incomprehensible why NIGHT OF THE BLOODY APES ever made it to the notorious UK Video-Nasties list, because all of the nasty things portrayed in this film are simply too ridiculous to be taken seriously. Oh, and there's only one bloody ape running around in it too, by the way. So, needless to say that LA HORRIPILANTE BESTIA HUMANA is a much more accurate title for this terrifying and convincing tale of science gone horribly wrong.<br /><br />When not trying to shock with poorly staged acts of bloody violence or random portrayals of female nudity, this movie manages to be highly entertaining with ingredients like nonsensical dialogues, cheap cardboard sets, plot stupidity and incredibly bad acting. Just a few random examples, maybe? About the sets: One can clearly see that the set-designers just used the same walls, doors, windows (etc.) over and over again to be build various different interior sets (e.g.: One side of the hospital room - the window side - where the unconscious wrestling girl lies, looks suspiciously similar like the window side of the basement-laboratory from where Ape-Man escapes; The set-designers also took one of the side-windows from the laboratory, made it a bit larger and just placed it in the conference-room of the hospital; All the walls in any building are the same grey-ones;...). Then there's the setting of the park. Clearly shot in a studio, you can see (on several occasions) that the grass is loose. Whenever there's some struggling/fighting/raping going on, the grass just shifts and shuffles and you can see the grey concrete from the studio-floor beneath it.<br /><br />Just a few random lines that come out the actors' mouths: <br /><br />-- In the conference-room where all the doctors are debating the disappearance of Unconscious Wrestling Girl (a disappearance that would of course mean bad publicity for the hospital), Daddy-Doctor intelligently utters ""We find ourselves in a situation that is difficult"".<br /><br />-- During that same debate a colleague-doctor cleverly remarks ""A sleepwalker! Any sleepwalker gets up."", hereby providing a solid excuse for the disappearance of Unconscious Wrestling Girl.<br /><br />-- After our investigating detective, through the amazing process of his own logical deduction, concludes and tells his superior that the murderer must be a half man/half beast, his superior answers that it's absurd, adding the line ""It's more probable that of late, more and more, you're watching on your television many of those pictures of terror""... Truly one of the best lines of the movie.<br /><br />Other sources of laughter: <br /><br />-- The two scenes were Daddy-Doctor and his Igor-like assistant kidnap the gorilla from the zoo and Unconscious Wrestling Girl from the hospital - these well thought-out acts of abduction are like taking candy from a baby.<br /><br />-- Daddy-Doctor speaks to God a lot, doesn't he?<br /><br />-- Sonny-boy calling Daddy-Doctor ""Papa"" on more than one occasion.<br /><br />-- An old lady screaming ""Aaargh!!! A dead man! A dead Man! A Dead Man!! A DEAD MAN!!!"".<br /><br />-- The plot periodically stops to wallow in scenes of women wrestling, only to go on again and do nothing with that concept. Sure, Daddy-Doctor replaces Sonny-Boy's gorilla-heart a second time with that of Unconscious Wrestling Girl, but do you think something spectacular happens after that? Like Ape-Turd-Man growing breasts or something, trying to rape men this time? Our leading living wrestling beauty (Norma Lazareno) doesn't even go into a climactic wrestling contest with Ape-Turd-Man near the movie's finale... But Ape-Turd-Man does start to show some motherly love near the end... almost (and I say ""almost"") in true KING KONG-style (i.e. the top of a building and people on the ground pointing and screaming).<br /><br />Okay, I think that's enough now. I chipped in more than my two cents here. Vomitron's Rational Rating for this sleazy piece of hilarious dreck: 2/10. Vomitron's rating From the Wrong Side of the Tracks: 8/10. Go see this film, people. It is well worth it!",negative
"If this movie was about a fictional character, the movie could stand on its own and be judged objectively. Unfortunately for the viewer, the movie is based on ""facts"" that are shaded very unfairly toward Ruben Carter. Many of the smaller facts were disregarded (Carter was NOT number one contender at the time of the murders, there is no proof at all that he saved a friend from a child molester in his youth), but some of the larger facts, like apparently being robbed of a decision to Joey Giardello because of ""racist"" judges, is inexcusable to those of us who have seen the fight on tape, and completely disrespectful to Giardello. Why Hollywood feels the need to make a hero out of someone who, at best, was in trouble and around trouble much more than any normal person should be (was arrested multiple times for beating women) is strange to me. Ruben Carter was never, by viewing his actions in the 60's and even now, when he refuses to speak to his son, a person that people can look up to. Everyone knows that Jewison can direct, and Washington can act, but why they chose this story as their vehicle is beyond me. Is Hollywood so much in need of a black hero that they need to bend the truth in all of their bio pics to make them believable? (Heres a suggestion How about Denzel playing a movie about himself? Now thats inspirational) Based on all of the inaccuracies in the movie, I would suggest passing on this one.",negative
"The US appear to run the UK police who all run around armed to the teeth and did you know that CID officers change into uniform when they stop work and go down the pub! This has got to be one of the most unrealistic films with the worst portrayal of ""real"" UK police that has ever been foisted on the unsuspecting public. I can see that Mr Snipes might have needed the money to pay his back tax bill but what the heck a good actor like Charles Dance was doing in it is a mystery.<br /><br />Worse than the worse low budget ""B"" film of the 50's. An hour and a half of suicide and time I will never get back.<br /><br />Avoid it like the veritable plague.",negative
"The superb star quality of Gerard Philipe, who died way too young, leaps from the screen in this witty, funny, sly swashbuckling comedy with plenty of sword fencing and knockabout antics. Charmingly loopy in its' storytelling, impossible to resist. A sweet romantic comedy with a very young Gina Lollobrigida as the love interest. A movie one will remember with great affection.",positive
"Watching The Tenants has been a interesting experience for me. It is the first film I have ever seen where I have shuttled at speed through parts of the (non)action - and I can normally watch anything from turgid action movies to Serbo-Croat indie and find them fascinating.<br /><br />The Tenants is frustratingly sluggish and over-orchestrated. One of the main problems of the script is there is little realistic character dialogue, apart from the set pieces where characters 'collide' in a very structured setting (to make this work, the film needed to feel more conceptual, which it didn't). This leads to a lack of realistic character development; everyone seems two-dimensional.<br /><br />The worse for this is the character of Bill Spear, aka Snoop Dogg. I found his characterization very uncomfortable and very unsympathetic. At one point, I even stopped the film because I got so annoyed by the character's aggressive, violent and monotonal delivery, the lack of any other personality layer apart from that of the reactionary ""on"" switch (which gets really predictable after a while) and I so desperately wanted him to have some redeeming qualities. However, one reason for this jar might be the nebulous time scape of the film (supposedly 70s, it feels and looks more early noughties). If it had been more securely fixed in the 70s, his character might have seemed more understandable.<br /><br />The lighting of the film was also awkward. All the way through, the soundtrack attempts to provide a certain gritty, jazz-infused atmosphere that just did not come off, largely because the set was too well-lit.<br /><br />The Tenants, to me, is an unbelievable film. It doesn't depict real people or propose any interesting ways of thinking about race, identity or the life of a writer, be they white or black.<br /><br />Strangely, I came away with the feeling that this project needed David Lynch; his eerie, clastrophobic and obsessive look and feel would have lifted both the actors and the script into something quite remarkable.",negative
"''The 40 Year Old Virgin'''made me laugh a lot. I don't care if it is considered to be a very sexual comedy, I just enjoyed many of the jokes and scenes present in this movie. Steve Carell is perfect as the virgin nerd Andy Stitzer and I think the scene where Andy has his chest hair removed by wax one of the coolest, specially because it is real. Many of the actors and actresses present in this movie are well known or already famous,by the way.<br /><br />Andy Stitzer has a peaceful life. He is a little bit strange and collects lots of toys, but seems harmless. One day, while playing poker with his friends of his work, they discover that Andy is in fact...virgin! And he is already 40 years old! After this surprising revelation, all his friends are trying to make Andy sleep with a woman...the problem is the confusions in which Andy gets in,specially now that he is really starting to like Trish, a woman he met when she was buying a DVD player in the store he works at.",positive
The main reason to check this one out is to watch Laura Gemser in all her glory.<br /><br />That's reason enough for me.<br /><br />She heads to Africa as guests of another rich guy that seems to be all over these films. Huge mansion near the jungle. Hunters staying around for parties when they aren't out hunting zebras. And said parties becoming drunken orgies.<br /><br />All the high society types in the Emanuelle films seem to have out of control fetishes. And Emanuelle beds most of them.<br /><br />Joe D'Amato did NOT direct this one. He just ripped it off and used the same cast(s). And did anyone notice the 'subliminal' sexual images at the gas station? And why did most of the men stay dressed during the sex scenes? <br /><br />Coherence? Hardly any. BUT GODDESS GEMSER IS BEAUTIFUL.,positive
"Thanks to the BBC for this show. I used to suffer from an inferiority complex, I hated leaving the house, talking to new people and I had an overwhelming sense that people hated me. However after watching one episode of 4 Non Blondes my fortunes started to change. After episode 2 I started applying for new jobs, wearing fashionable clothes and I actually felt talented. When the series had finished I was running the sales department at work, banging a plethora of women and frequently won the karaoke competition down my local. If you ever have a confidence crisis and don't know where to turn then take a trip down to Poundland and pick up the DVD it's only 99p.",negative
"Once I watched The Tenant and interpreted it as a horror movie. It uses many of the tropes of the genre: the sinister apartment, suspicious neighbors, apparitions, mysteries, hallucinations. The life of the hero, Trelkovsky, seemed surrounded by evil, secret forces trying to drive him mad.<br /><br />Last time I watched it I challenged this initial interpretation. If this movie is a horror movie, it's only horror in the sense that a Kafka novel is horror. In fact this movie can be understood on a literal level as a lonely man slowly becoming crazy without any external influence.<br /><br />Polanski made in his career three movies dealing with madness: Repulsion, which I don't particularly like because the development of madness in the heroine never convinced me; Rosemary's Baby, in which the heroine is driven mad by evil forces; and The Tenant, which might be the best study of paranoia ever made in cinema.<br /><br />Trelkovsky is a young man who rents an apartment in which a woman killed herself. He becomes obsessed with her and slowly starts becoming her: he wears her clothes, puts on makeup, talks like her. But is he being possessed by a spirit, or is he just letting his wild imagination get the best of him? It's this hesitation between what is real and imaginary, and which Polanski never resolves, that makes this such a fascinating movie. Many events in the movie can be attributed to the supernatural as easily as they can be to normal causes, and it's up to the viewer to decide what to believe in.<br /><br />Although this is not my favorite Polanski movie, it is nevertheless a good example of his ability to create suspense and portray madness in very convincing terms. And technically speaking, it's a marvel too. Suffice to say he collaborates with film composer Philippe Sarde and legendary director of photography Sven Nykvist (Bergman's DP) in the making of this movie. A slow pacing and sometimes uninteresting segments may make this movie difficult to enjoy, but it's an experience nevertheless.",positive
"I love Jane Austen's stories. I've only read two of them (P&P and S&S), but after having seen this adaption, I'm reaching for ""Persuasion"" from my bookcase just to make sense out of the story, and also, because I refusing to believe Jane Austen could have written such nonsense. For me, I thought that if you base a film on a Jane Austen novel, you can't really go wrong. It will turn out great pretty much by default. I was wrong.<br /><br />First of all, where are the characters that you sympathise with and like? You have to have at least one likable character to get the audience to invest their emotions in them, and this did not deliver. Sure, I wanted Anne and Wentworth to get together, but only because that's what you know the purpose of the story is, them getting together. Instead, I had to resist urges to throw my teacup at the TV and to continue watching it to the end.<br /><br />Anne was utterly annoying throughout, and in the end, I really have no idea why Wentworth was so smitten by her, as there seemed to be nothing there for him to be attracted to. She was meek, bland, dull, socially inadequate and came across like a sheep following everyone else's instructions rather than having a mind of her own. This can still work for a lead character, if you do it well. This wasn't done well.<br /><br />The other characters were just displaying various degrees of narcissism, of which Mary was the worst, with a full-blown narcissistic personality disorder. Where Mrs. Bennet in P&P had similar flaws, she was still endearing, whereas Mary was more of a freak-show. More loathsome than funny.<br /><br />Wentworth was very handsome and seemed like a decent kind of guy. For the most part of the story, I was just wondering what kind of person he was and why he's in love with Anne, as surely, he's the kind of guy who would want a person who is a little bit more... alive? Acting-wise, not too much to say, as I reacted more to the characters being portrayed rather than how good/bad the people acting were. Anthony Head was excellent, but as soon as I saw he was in it, I expected no less.<br /><br />Also found the story very confusing. It wasn't until the end of the movie where it seemed as if Elizabeth was not Anne's stepmother, but in fact a sister (I'm still not 100% on that). The whole Anne/Wentworth back story was also a bit fuzzy. They had been together but then broke up and they're both bitter about it? How come? I was wondering this for quite some time, and the explanation seemed to be she dumped him because she was persuaded to do so by someone? But it was said in a kind of ""by the by"" way that it was almost missed, as if it was somehow unimportant. How can it be unimportant when it's the very core of the story?? There was also a lot of name-dropping, but no real feel for who the characters were. This Louisa person for instance, who was she? A friend? Family? What? It wasn't made very clear who the different characters are and their relationship with one another. Lady Russell was there a lot, but why? Mrs. Croft and Wentworth were brother and sister, which felt very unrealistic as Mrs. Croft looked old enough to be his mother.<br /><br />The final kiss, yes it was a bit strange them kissing in the street, but I didn't really think about it, because I was too busy yelling ""GET ON WITH IT ALREADY!!"" at the TV, because Anne's lips trembled and trembled and trembled for what felt like ages before they actually met Wentworth's. Have SOME hesitation there, but only for a couple of seconds or so, not half a minute.<br /><br />Then there's the issue of camera work. As a regular movie watcher, you don't pay attention to angles and such unless you decide to look out for it. I didn't decide to do so here, but I still noticed them. To me, that means the filmmakers are not doing a good job. A lot of conversations were with extreme facial closeups, something that should only be used when there's a really important point to be made. In this adaption, it was over-used and therefore lacked meaning. The hand-held feeling on occasion also didn't really work in a period drama. The camera work in the running scene in the end also felt too contemporary. (Not to mention the running itself.) This was the only Austen adaption I caught in ITV's Austen season. Makes me wonder if it's worth watching ""Northanger Abbey"" and ""Mansfield Park"" or if I should just read the books and leave it at that. I'm sad to say, this is a Jane Austen adaption I did not enjoy. Maybe I'll watch the 1995 version instead. The BBC are renowned for having done beautiful Austen adaptations before, after all.",negative
"Every time I watch this show I just want to turn it off and curse the makers for wasting my time week after week. The dialogs, or monologues rather, as everybody just rants on endlessly about nothing, are just becoming so tedious. For example, the episode I watched yesterday began with a seemingly unending rambling about how a particular dish (I forgot what it was, pasta with meatballs perhaps) always manages to turn the Gilmore family dinner into all-out war. And these were just the few seconds or so.<br /><br />So it seems every time, lots of lines, with absolutely zero content. The scripts they use must be enormous.<br /><br />But then every once in a while something happens. The babbling stops and suddenly there are these wonderful silent, emotional moments. For example, this week it was Lorelai's breakdown at the estate agent's. I just thought it was the best piece of TV I have seen for a long while.<br /><br />Almost makes everything worthwhile.",positive
"I rented this film on Netflix after it won all the Oscars, to see if it was really that good.<br /><br />The Hurt Locker is a very realistic portrayal (for the most part) of a group of soldier's rotation in Iraq. The film centers around Will James, a reckless soldier who gets his adrenaline fix from taking risks, and defusing bombs.<br /><br />Where this film seems to lack in my opinion is the Plot and Direction of the movie. This film has no clear plot unlike other films such as Black Hawk Down. What this film tries to do is focus more on the characters, and their different attitudes about the war. Bigelow does an okay job of focusing on the characters, but there are many points in the film where the dialogue seems to drag. Hurt Locker is 131 minutes long, yet it feels like a 3 hour movie.<br /><br />One scene in the movie that was particularly awful, and ruined the films perfect credibility, was the sniping scene halfway through the movie. It was both unrealistic, and very long.<br /><br />Overall, I thought this film was OKAY, but the reason I gave it a 6 instead of a 7, was because it was a major letdown for winning Best Picture at the Oscars. I felt like this film could have been so much better considering Saving Private Ryan lost Best Picture, but was much better than this film. Another notable mention is Black Hawk Down which only won 2 Oscars. I honestly do not know how this won best picture.<br /><br />If you are looking for an action packed war flick, rent Black Hawk Down. This film will be forgotten in a year or two.",negative
"In the opening scenes of this movie a man shot arrows through his hotel room into another man's bathroom and blew out all the lights. This must have been very hep for 1936, but rather way way out and had nothing to do with the film, Robin Hood did not make an appearance as far as I could see. However, Bette Davis(Daisey Appleby),""The Whales of August"",'87 was very young and attractive and performed one of her best roles in a long career in Hollywood. Daisey never stopped teasing or being very sexy with her nightgowns and so called swim suit on her yacht with George Brent(Johnny Jones),""The Spiral Staircase"",'46. Daisey even proposed marriage to Johnny in a Ferris Wheel upside down and even got a black eye. Davis and Brent made a great couple, one suppose to be very rich and the other a very poor reporter. Off stage, Davis and Brent were having a real torrid love affair, which is good reason why there was sparks when these two appeared in this film. If you liked Bette Davis and George Brent, this is the film for you!",positive
"I haven't seen so many people packed outside a theater since Star Wars Episode III. Both shows sold out, and for good reason. The Man With the Screaming Brain was the best movie to see with a crowd full of geeks. (Hey, I'm a dork too.) <br /><br />Bruce Campbell was present and had the whole crowd in stitches! The movie was cheesy in the best possible way. It may be the funniest movie that Bruce has done. Ted Raimi steals the show with his Bulgarian hip hop-itude and zany facial expressions, he is a laugh riot! Who knew that Ted could rap? <br /><br />I changed my mind, the person who stole the show was actually a robot. There is nothing funnier than a robot...doing the robot.<br /><br />As for Bruce's performance: ""I take the 5th."" Thanks Bruce. Thanks for being cool, thanks for taking the time, thanks for all of the fun.",positive
"Anyone notice that Tommy only has 3 facial expressions.<br /><br />1. The angry eyes look he gives every enemy. 2. The holding of the hands to face, mouth agape and frightened eyes. 3. The smiling Tommy Turnbull.<br /><br />I have to say that i pretty much hate this show, i don't watch it but it's like Code Lyoko, we've all watched at least one, i must say that this show is borderline racist, uninteresting and pointless.<br /><br />every episode ends with robotboy winning, except for one exception when robotboy basically let this overly geeky freakazoid fly away on a jetpack.<br /><br />The jokes are pretty crude too, i think it's mostly people saying the word ""Suck"" or farting, i think the bullies of the show are quite shocking too.<br /><br />Isn't there one that hides a bowling ball under his hate, and the other uses a chain, for god sake, what kind of school is he going to. Not to mention his older brother, who is borderline psychopathic and has no other character qualities.<br /><br />The whole show i feel is ripping off megas XLR and Fosters. Like you could say the trio of coop, jamie and Kiva, as well as Robotboy being similar to Megas where he beats everyone no matter what the odds and he's free spirited despite being a robot.<br /><br />There is simply no appeal to this show, i'm surprised that it's still running.",negative
"Hey what do you expect form a very low budget movie!?!? Although I haven't seen ""Dahmer"" (2002) I can say that following what the media put out about Jeff this is a pretty accurate depiction. I have studied the Jeffrey Dahmer case and learned all I can about this man. This is a low budget movie but it shows the mentality of a serial killer. If you can get past gore and see what the underlying story of a sick mind. I loved this movie! Just brace yourself for low budget and no blood. Its a story as seen through the eyes of a killer and his actions and thoughts from childhood up through his arrest. My favorite line is : ""If they had bothered to look in the back seat it might have saved a lot of lives"" Enjoy!",positive
"Doll Master is an example of a lousy horror film, fallen somewhere in the space with it's two not so well established genres, a horror film and an emotional drama film. Seems like The Doll Master tries very hard to be a very scary horror film, but it fails. The noise of the dolls while moving is like taken from the croak of Kayako in Ju-On, and the crawls are like sadako esquire. The killing dolls will remember you a cute version of ""Chucky"". But compared to Child's Play, this film is more superb. But the story seems a nothing, the brilliant camera shots and the brilliance of acting was taken away cause of the plot.<br /><br />Don' watch this if you are expecting great shocks.",negative
"A swedish splatter movie? Has the world gone insane?<br /><br />Probably not, but it's still not a common sight in these days with swedish gore-flicks, the b-movie business in Sweden seems to have troubles these days, long gone are the golden days of ""Rymdinvasion i lappland"". And this movie seems to have some troubles on its own: it's just too much talk in it, it still manages to be somewhat amusing mainly for the good FX, which are great for a b-movie. The script and most of the acting is still pretty bad though, but that actually don't matter that much, it's supposed to be a gore flick and nothing more, that's where it goes a bit wrong for some reason. There's is simply not enough blood to fill the void. <br /><br />Every person who know about Gert Fylking will have a good laugh over his role as a sgt. though. I nearly laughed my ass off. It's really that hilariously bad. <br /><br />Besides the good parts I've listed there's really nothing else to recommend here unless you're starved for swedish B-movies.<br /><br />4/10",negative
"This production is an insult to the Stooges, especially Moe. It is inaccurate and poorly acted. Many of the events depicted just didn't happen that way and too much was left out or skipped over. Read the books written by Moe and his daughter Joan instead. This was a waste of time.",negative
"This movie received a great write up in Blockbusters 'coming attraction' I was looking forward to the release date,08/07/02. The plot sounds reasonable, the cast alone should have guaranteed a side-splitter, but whoa there; apart from the 'off the wall betting events' this was quite a bore.<br /><br />This will never become a comedy classic, and I'm afraid it has done no help to the fine comedy reputation of John Cleese. Rowan Atkinson, now he was quite funny, in a Rowan Atkinson sort of way!",negative
"I approach films about talking animals with care. For every wonderful one like Babe, you get an equally poor one like the dreadful remake of Homeward Bound: The Incredible Journey. Or in the case of Cats & Dogs, you have a great idea for a film not living up to its potential. When I heard about Paulie, the premise of a wisecracking parrot didn't exactly fill me with confidence. But I found the film a pleasant surprise. And it manages to sneak its way into your heart without you realising.<br /><br />A Russian janitor, Misha Vilyenkov (Tony Shaloub) gets a job in a research laboratory. One day, he hears singing coming from the basement. And when he investigates, he finds a parrot in its cage singing its little heart out. Misha becomes fascinated with the bird, especially when it turns out the parrot can not only sing, it can talk. And not a few phrases either. Its a parrot you can actually make conversation with.<br /><br />The parrot is called Paulie (voiced by Jay Mohr), and recognises a fellow castaway in Misha. Wondering how this world to the wise bird ended up in a dusty basement, Misha convinces Paulie to tell him his life story. Which all began when he was a baby, and in the care of Marie, a five year old girl with a stutter. The two of them became birds of a feather (OK, bad pun!).<br /><br />When Marie's parents became concerned about her close friendship with a bird, they considered sending him away. And they finally did after Marie nearly injured herself in a fall after teaching Paulie to fly. Desperate to be reunited with her, Paulie begins a long journey across America, which includes a diverse number of new owners, flying great distances, and even ending up behind bars. Of a cage that is!<br /><br />Paulie was one of a number of talking animal films released by DreamWorks in the late 90s. And although it wasn't afforded the same recognition or box-office success of Babe, Paulie succeeds on quite a few levels, and is an occasional work of striking intelligence.<br /><br />Jay Mohr's stand-up style of acting is well suited to the part of Paulie. He never plays the part as too smug, even if he is a bit of a smart Aleck. Paulie's worldly, but he is also naive in his way.<br /><br />Because he's lived a rather sheltered life with Marie, when he's taken away, he has to fend for himself for the first time. And when he falls into the hands of different owners, they make promises to Paulie to reunite him with Marie, which he believes. Only for those promises to be broken time and again.<br /><br />Paulie is admittedly a little episodic. It follows the eclectic people Paulie ends up with, and how he slowly gets brought closer and closer to Marie. He first winds up in a pawn shop, where he is adopted by Ivy (Gena Rowlands), a kindly woman who teaches him the meaning of manners. She sympathises with Paulie's situation, and drives an RV across America to find Marie.<br /><br />Paulie is an occasionally very touching film. His scenes with Ivy are some of the best. Wonderful moments of Paulie perched on her shoulder singing Tom Jones numbers. The way she instills in him the need for hope is great, and some of the dialogue is quite well written and even thought-provoking: <br /><br />""There are things in life you put off, because you think you're gonna do them later. But the real thing Ivy taught me is you gotta live like there may not be a later.""<br /><br />The scene where Ivy passes away en route leaving Paulie all alone is a very heart-rending moment. And the sequence where he plucks up the courage to fly for the first time across the Grand Canyon, soaring majestically is such a beautifully composed scene it stays with you for hours after the film's over.<br /><br />Despite the occasional sad moment, there are plenty of laughs to be had. Paulie falls in with a group of performing parrots at a Spanish outdoor restaurant. The animatronic effects here are really excellent as four birds do a perfectly choreographed dance number. And Paulie even gets to have a romance. Which is dashed when he falls in with a petty thief (played by Mohr as well). That may be the only complaint I have. As soon as you get comfortable with one situation, the film then moves Paulie on to another.<br /><br />The scene where Paulie is taught to steal money from ATM machines is funny, but a little disturbing too. I'm amazed DreamWorks were granted the chance to include such a scene in a kids film. And Paulie's diamond robbery is very Mission Impossible. He's caught in the act, and shipped off to the lab for animal testing, where he's remained ever since.<br /><br />The story finally comes full circle at the lab, where Misha vows to help Paulie. Of course they do find Marie. But the final revelation is a scene of such shocking intensity, I was left numb for several minutes. Paulie may never get the longevity Babe has, but I believe its an equally brilliant film. The same laughs. The same flawless effects. And the same surprising intelligence.<br /><br />A minor gem.",positive
"A family with dad Louis (Dale Midkiff), mom Rachel (Denise Crosby), 10 year old Eileen (Blaze Berdalh and about 3 year old Gage (Miko Hughes) move to this beautiful house in Maine--seemingly unaware of the semis that roar down the highway in front of their house every 90 seconds or so! The neighbor across the way (the wonderful Fred Gwynne) makes them feel at home...and shows them a pet cemetery where children bury their pets. But a little further on is a sacred ground which can bring the dead back to life...but the dead come back in a nasty mood.<br /><br />""""DEFINITE SPOILERS** The novel by Stephen King was good--it was long but it developed characters and situations that made you care what happened. This movie jettisons ALL the character development and just plays up the gore and violence. Animals are killed ON camera (I know it's faked but it's still repulsive); a little boy is hit by a semi and his casket pops open during the funeral (in a totally sick scene); he's brought back to life and attacks and kills people including his mom (I DO wonder how a 3 year old was able to hang her); a ghostly jogger (don't ask) tries to help the family for no reason...The movie just works the audience over shoving every gruesome death or violence into your face. It just goes out of its way to shock you. **END SPOILERS**<br /><br />Acting is no help. Midkiff is just dreadful as the father--he's handsome and buff but totally blank. Crosby isn't much better. The two kids are just annoying. Only Gwynne single-handedly saves this picture with his effortless good acting. <br /><br />This picture shows a total contempt for the audience taking large leaps in logic and having characters do incredibly stupid things (especially Midkiff at the end). This movie was (inexplicably) a huge box office hit in 1989 which led to the even worse sequel in 1992. I saw it in a theatre back then and was disturbed how the audience kept cheering on the violence and was just appalled by what I saw. A sick repulsive horror film. A 1 all the way.<br /><br />When you think it's all over and can't get worse the Ramones sing a title song!!!!!! (""I don't wanna be buried in a pet cemetery""). Truly beyond belief.",negative
"It's strange what fate does to some people. While looking in the discount bin at a DVD retailer, I came across a copy of Deadly Instincts. Being a collector of any film that is either sci-fi, horror or featuring alien monsters, I decided to buy it (not to mention the fact that it cost five dollars  a bargain, believe me). After viewing it, I came to the opinion that it was nothing special. But after doing some research on the Internet, I discovered that the film was actually called Breeders & was a remake of the Tim Kincaid horror flick that menaced video stores in the mid-1980s. Which I've already seen. My appreciation of ""Deadly Instincts"" grew following that discovery.<br /><br />A meteorite crashes on the lawn next to a private girls' college. The sole teacher there, Ashley (played by Todd Jensen  that's right, the guy who gets turned into a cyborg in the cult flick CYBORG COP four years earlier), notices that some of the students are beginning to disappear, while encountering a black-haired woman with a scarred face & wearing a kinky leather outfit. His investigation reveals that an alien creature had hitched a ride on the meteorite & had come to Earth to breed using the local womenfolk. Along with a local detective who believes him to be responsible for the disappearances, Ashley tries to stop the monster.<br /><br />The original BREEDERS, directed by Tim Kincaid (who would leave the genre to make gay porn), was a sci-fi / horror film which was actually a thinly-veiled soft-core porn film designed to take skin flicks to genre fans. It is, in my belief, one of the worst films made in the 1980s. Why anyone would want to remake it is quite a mystery.<br /><br />This remake is actually a better effort than its low-budget source. The film, which takes the basic concept of an alien monster trying to interbreed with human women, eliminates any pornographic elements. In fact, the film is actually very tame. There are no sex scenes, no nudity (even during the shower scene), swearing & violence are kept to a minimal level & there is no gore (which may cheat gorehounds). This makes the remake a film safe for the whole family, that is if the kids aren't scared by alien monsters (which brings me to the film's M 15+ rating, which seems a bit much).<br /><br />Tameness of subject matter aside, the film does have some faults. The script, while featuring some good characterizations, has a number of holes so big you can crash a meteor through.<br /><br />What? You're mad at me for that? Come on, this review needed a bad pun so it will remain interesting.<br /><br />Anyway, the film's setting is one problem the script failed to fix  the film is set in Boston but the buildings don't look like they belong in Boston. Something about the architecture ain't right. Another thing is the college itself, with a rather large building housing about twenty students (all female, of course) & only having one class  art. The only teacher there has a relationship with a student (& so does the janitor!), which somehow escapes the attention of the principal. Not to mention the cops, who are so one-dimensional (& stupid) that the real Boston PD would have a good case if they ever decided to sue. Oh, & the meteor well the chance that a meteor which is sent from Saturn (check the opening credits) reaches Earth with no onboard propulsion is astronomical. That doesn't include the chances that any passengers in the meteor will survive the landing.<br /><br />As far as the acting goes, Todd Jensen gives a dependable performance as the heroic teacher while the late Kadamba Simmons (who was murdered by her boyfriend shortly before the film came out) cuts a striking figure in that leather outfit, as well as proving she can act. The visual effects are run-of-the-mill, with credits due to the filmmakers for bringing us a cool-looking monster.",negative
"One of the worst things a film studio can do is exploit the tragedies of others, commercializing a 'shock' or 'gore' factor in order to sell tickets to be able to buy their Birch a new diamond necklace. Another worst thing is to totally misrepresent the true facts of an incredible saga by fabricating events, dialog and images to the director's own liking. Lastly, one of the worst things a film studio can do is to use bottom-of-the-barrel actors and shoot it all on a sound stage that was rented for fifty cents a day. All three of these travesties the makers of this film are guilty of. This is, hands-down, the worst movie I have ever seen, and I've seen thousands. A score of '1' is too good for this waste of celluloid. Not only should the filmmakers be ashamed for making it, they should be ashamed for negatively exploiting the heroes of this story, which are the people who experienced this tragedy firsthand, both the living and the dead.",negative
"It's too bad these guys, the so-called judges, are such jerks, even the nominally ""sensitive"" ones. It's the self-congratulatory tone that really makes me sick though; these guys don't have any perspective on their behaviour. I think the real problem, though, is the quality of the contestants. Not a single smooth or truly charming one in the lot. They pick the most pathetic girls out of the crowd because they're the only ones these guys have a chance with. Let's see some real players trying for a truly unattainable girl, and maybe you have a show. Otherwise, you have a revolting half-hour of self-love. And real sexual tension takes two.",negative
"First things first, this movie is achingly beautiful. A someone who works on 3D CG films as a lighter/compositor, the visuals blew me away. Every second I was stunned by what was on screen As for the story, well, it's okay. It's not going to set the world on fire, but if you like your futuristic Blade Runner-esquire tales (and who doesn't?) then you will be fine.<br /><br />I do have to say that I felt the voice acting was particularly bland and detracted from the movie as a whole. I saw it at the cinema in English, but I am hoping that there is a French version floating around somewhere.<br /><br />Definitely worth seeing.",positive
"Okay, I grew up on Who, but haven't loved a Doctor since Tom Baker. Christopher Eccleston made me love Who again and I'll be furious with him forever for leaving. <br /><br />The writing is grand, the acting superb, the directing (which was dreadful in the old days) is just fantastic. I was very skeptical about this programme, and watched it merely out of being forced, but am now a huge fan and love it (I have a ringtone of a Dalek screaming ""Exterminate"" then). <br /><br />A few of the things I love about the new programme -- 1) people actually notice when Rose (Billie Piper) disappears off the planet. Some of the old shows an assistant would drop off for a while, and then come home like nothing has happened, no one noticed. 2) Chris Eccleston's doc loves Rose -- romantic or not will be debated, but there is no doubt that 9 loves and cares about his companion. He'd destroy the world if he had to to save her, which the old show was lacking -- often a doctor wouldn't care if he never saw his assistants again. 3) They talk and think like real people -- when Rose is shown something outlandish or new (such as aliens) she acts like a real person would -- gobsmacked. I never liked it when an assistant from the old show, who never saw anything alien, would just fit right in and adapt instantly. I want to see the surprise on Rose's face when she sees a plastic dummy come to life. She gives that to me. <br /><br />The few things I don't like about this series: 1)nearly everything happens on earth (London or Cardiff) and I was sort of hoping for a more off-world sort of show. 2) That Eccleston left so quickly, he really made the show brilliant. <br /><br />But I can let those few things go -- I far more enjoy the series than I ever expected to, so I don't mind if they have stuff set on earth. <br /><br />Just don't take this show seriously -- it's fun, it's smart, it's entertaining, but it's not a super-serious heavy duty show. It's pure fun, and pure British, and I can't get enough. Watch it with an open mind, and just put your brain into neutral and enjoy!<br /><br />ps -- don't watch series 2 or later. series 1 was brilliant, the first few episodes of series 2 were good, but don't watch it once it gets to Love and Monsters. Utter rubbish, completely destroys the show.",positive
"1st watched 5/17/2002 - 3 out of 10(Dir-Ewald Andre Dupont): Fairly lame account of the Titanic disaster is the first filmed version of this much-heralded event. The replication of the disaster is not bad, but the drama around it is at some times silly, badly acted and way-too soap opera-like. The story is very much the same as the most recent Oscar-winning one except that we are shown how the crew tried to hide the actual disaster that was occurring until almost too late. Good for nostalgia purposes only and to get a feel for what James Cameron was competing against(barely) in his recreation.",negative
"The above seemed a much more appropriate title when me and my suicidal underlings decided to watch this masterpiece of modern bullshit <br /><br />Erotic,Scary, Suspenseful, Well thought out, these are all the things this film fails to be.<br /><br />It is however incredibly funny, the slow sound effects and bad dubbing add to this to make one of the greatest comedies I have seen in recent years. And yet this film doesn't even try to be funny and that is one of the movies grand achievements, it becomes a comedy without even attempting to amuse.<br /><br />Throughout the film an old guy who looks amazingly like Santa Claus goes around ploughing over zombies and smashing vampires into the ground. This made me fail to believe the films title, if this was vampires vs zombies why were the vampires and zombies not fighting? Oh well whatever, besides there were more flaws to this rental than the title. Such as this one; there has been a virus sweeping through America creating zombie like beings who go around acting a lot like your average tourist. And yet there's only four zombies in the entire film. Another problem is besides one shop everywhere is deserted. Surely you'd see zombies roaming about in the woods or in the background a bit. In fact I believe they just drove around in a circle of forest over and over again since they didn't have a high enough budget to film in a wider location, that or the director didn't want to waste his precious time filming in different areas of wood he was to busy sitting in a trailer jerking off to be bothered with such trivial matters.<br /><br />In fact the director had so much fun doing this that he didn't have enough time to hire a big enough cast or even an editor. And so he told the eight members of the cast to dress up as different people and try not to act inconspicuous, whilst I assume he changed his name and began randomly snipping at the film reels ""editing isn't a hard job anyway right?"" The only reason this ""movie"" found it's way into our bag was because somehow we got it confused with Freddy vs Jason, strange how these things happen isn't it. And the only way we made it though the night was by strapping gas masks on and bolting them to our skulls to avoid the stink of this nauseating mess.<br /><br />Oh yes we did laugh at the end, but I'm sure one does that a lot when he has lost his sanity...................",negative
"During a sleepless night, I was switching through the channels & found this embarrassment of a movie. What were they thinking?<br /><br />If this is life after ""Remote Control"" for Kari (Wuhrer) Salin, no wonder she's gone nowhere.<br /><br />And why did David Keith take this role? It's pathetic!<br /><br />Anyway, I turned on the movie near the end, so I didn't get much of the plot. But this must've been the best part. This nerdy college kid brings home this dominatrix-ish girl...this scene is straight out of the comic books -- or the cheap porn movies. She calls the mother anal retentive and kisses the father ""Oh, I didn't expect tongue!"" Great lines!<br /><br />After this, I had to see how it ended..<br /><br />Well, of course, this bitch from hell has a helluva past, so the SWAT team is upstairs. And yes...they surround her! And YES YES! The kid blows her brains out!!!! AHAHHAHAHAHA!!<br /><br />This is must-see TV. <br /><br />",negative
"I believe an entire book can be written about the odyssey to remake the classic film on which this film is loosely based. When Hollywood first started talking about such enterprise, the reaction was always negative because there were just too many aspects that could have gone wrong, starting with the solid ensemble that made the original unforgettable, and that's exactly where things begin souring here, with the selection of actresses that otherwise can do remarkable work, but that are not suited to the parts, and sadly enough, have been directed with the heavy hand of a director that doesn't understand or appreciate the source material.<br /><br />It seems as if there is no focus or direction, or as if the direction that has been taken is to obliterate anything that was good about the original film. This is called an updating, as in let's drain the story out of humor, snappy dialogue, and any interesting premise. Most of all, let's prove that women have come a long way, except that the problem is that we don't really get (at least by watching this film) where the women are truly going.<br /><br />For starters, casting Meg Ryan in the central role proves almost fatal to the movie because somehow she seems to have locked herself into some sort of limbo where women don't really change appearances, even after 20 years of working in the movies. Her Mary which proved to be a difficult role in the 30's, somehow grew from her interaction with the other stereotypes, like Dorothy in ""The Wizard of Oz"" by learning, observing, and realizing that she had a choice in the matter. It might not have been a choice that women would celebrate nowadays, but it was fun ride, and part of the fun, was the catty, silly, sometimes slapstick routines that elevated that movie into the realm of the sublime. In here, we are down to earth with a thud. By changing the nature of Sylvia, the film has lost a lot of its spark, and it isn't in anyway Annette Bening's fault. I couldn't help but admiring how she tried to save this sinking ship and got a sinking feeling as she struggled with the horrible lines she was handled. Thankfully I entertained myself by looking at some of her terrific outfits and kept reminding myself how talented this lady really was. Her Sylvia is wise but flawed, and she could have been a great creation. Unfortunately Ms. English wasn't paying attention to her own work and loses control of the one character that could have turned the film into a fresh direction.<br /><br />Yet that wasn't the biggest blasphemy of them all. In the original, we have Joan Crawford doing probably one of the best performances by a woman. Her Crystal is legendary, with conniving lines, incendiary moves, duplicitous maneuvers, and some very sexy poses. She was the link between the male and the female, and through her we knew what the whole catastrophe was about. She provided the tension between men and women. She was dangerous, sexy, the ultimate femme fatale. A woman of intelligence that we feared and admired, and most importantly, we wanted to destroy to save our heroine. Eva Mendes, as gorgeous as she is, is two dimensional in this outing because of weak writing, and once again, some bad casting.<br /><br />There are more atrocities in the film, such as the addition of a terrible role for Mensing as the dedicated mother who lives for having babies, and the rather annoying lesbian turn by Pinkett. Then comes the biggest waste of talent in the movie, as Bette Middler, who is a little unrecognizable in her make up, shows the spark of what could have been. Her acidic delivery reminds us of the contemporary angle the film could have taken. Her words revive and put a big of much needed naughtiness in the film, and it is exciting to see that it could really fly, then she is gone. She is in the film all of six minutes, and she fades away in the middle of the muddle.<br /><br />Here is a movie that raised our anticipation level and truly disappointed us, a film that could have joined the successful ""Sex in the City"" who made an amazing transition to the big screen because it respected its source material and didn't compromise. It gave us more, bigger and better adaptation. It truly updated what had made it successful before. ""The Women"" in its present reincarnation needs to go back and rework itself, much like ""The Hulk"" did it this year, find more suitable performers, a really good writer, and most of all, someone who truly treasures what good movies are about.",negative
"This is my first review on IMDb.com and probably first ever written review of a film I've done of my own accord - not for some class assignment. I think that fact alone says something about this movie... not a good thing! I am no seasoned journalist or critic (though I have seen my fair share of movies), but I found this particular film so terribly painful to watch, it was necessary for my own peace of mind to vent about the experience. Where better to do it than IMDb? As I forced myself to sit through the movie, physically writhing from the inability to connect-the-dots, I was sure there would be some ""light at the end of the tunnel"" - a revelation to explain what in samhe.-.ll was going on. The movie ended and I was as enlightened as dog****. After several rewinds to review certain scenes I still could conclude nothing sensible. I found myself wanting to yell ""Does this make sense to anybody?"" I would recommend to not waste your time, but then again if I were you I'd probably want to experience it myself. If that's the case, bring a crossword puzzle or something so you don't get bored.",negative
I am almost tempted to demand my money back from the video store. This movie plumbs the depths of inanity and is almost completely unwatchable. I NEVER bail out of a film early but this was painful to view. A thorough waste of celluloid. My vote 1/10 (it would have been zero).,negative
"Both Disney and Bill Paxton did a fine job in conveying a story that is based in fact. You do not have to like the game of golf to appreciate the story of one man's struggle to overcome the odds. It could have been based on any sport or simply on any other situation which involves competition, though this one just happens to be related to Golf. The only problem I have with the story is that I would have liked to see a bit deeper into each of the main characters, esp. Mr. Ouimet. Mr. Francis Ouimet is a typical young man of his times, turn of the century America, where ""class lines"" are well delineated and woe be it to anyone who deigns to try to rise above his ""class"" standing. I did a bit of historical research and my biggest question was indeed answered, to my satisfaction. Although the circumstances are a bit different than those portrayed in the film, I came away with a feeling of content. I thoroughly enjoyed this movie, I believe you will too.",positive
"Your ability to enjoy The Ashes of Time may depend on our expectations before stepping into the theater. Even its most strident supporters seem to agree that audiences can be split right up the middle in their appreciation of this unique film.<br /><br />Unlike most HK actioners, the battle scenes are curiously kept at a distance. When they do happen, they're rendered in a jerky style in which it's difficult to make out exactly what's occurring on screen. The dramatic scenes can be extravagantly beautiful, with the of Maggie Cheung, Brigitte Lin, and a roll-call of HK's top acting talent chewing up the scenery. As with some of Wong Kar-wai's early work, the dialog could be more precise. <br /><br />In short, The Ashes of Time requires a forgiving attitude. Released around the same time as Wong Kar-wai's spectacularly successful Chungking Express, it's clear that the director isn't as confident working with the elements of the martial arts film. Anyone looking for tense action is likely to be disappointed. But those intrigued by the director's aesthetic will likely find this a unique experience at the very least.",negative
"This movie is more deceiving than ever, using a suspenseful looking actor like Walken to play in this piece of junk made it look like he had nothing better to do than play a boring role like this one! And the fact that the movie was supposed to be about some witch and you really don't see that until almost the end of the movie but meanwhile you have to sit and watch this boring film while it gets, or tries to get to the meaning of the point and you have to go through this whole trail of boring actors and actresses thinking the whole time of how you passed off another movie and decided on this one and how you have just waisted your money just makes the whole point of time useless sitting there. I'd rather watch cartoons for goodness sakes. Leave this one alone,please!",negative
"Watching QUINTET is not unlike watching a group of people playing a word game in Portuguese, or some other language you do not understand. You get the idea that they are playing a game, and if you watch closely enough, you may just begin to understand the rules. But, why bother, since it is clear you can't join in and you wouldn't want to if you had the chance.<br /><br />Director Robert Altman is not one to beg an audience to like his films, let alone understand them. Sometimes he lets you slip into the picture to be a part of the crowd, like in M*A*S*H, NASHVILLE and A WEDDING, films so full of hubbub and orchestrated chaos, one or two more bodies in the scene wouldn't make much of a difference. And other times, he seems to resent the fact that someone might even be watching his film; as in IMAGES or THREE WOMEN, where the stories are almost personal monologues made for an audience of one, Altman. With QUINTET, Altman seems to purposely dare anyone to become involved with the narrative. <br /><br />You can't depend on Altman to do the logical or the expected, which is sometimes the thing that makes his films so remarkably iconoclastic. But sometimes doing the unexpected isn't daring, just dumb. For instance, in QUINTET, we are introduced to a young woman who is apparently the last person on earth capable of getting pregnant, and she is, indeed, with child. This last ray of hope in a decaying society is almost immediately extinguished; Altman doesn't even wait until the end to play his last depressing card in this elaborate nihilistic and pessimistic tale. He lets us know how empty and meaningless life is right off the bat. Brave? Maybe. Stupid? Definitely. Devoid of a purpose, he tries to build a story on a rapidly melting iceberg, all the while reminding us how pointless the effort is. <br /><br />For the record, QUINTET, can at least claim to be prophetic. The story is centered on a treacherous game played by the various bored characters. It is a form of TAG (the assassination game): a handful of people target each other for elimination, each as a would-be assassin and each as a would-be victim. Two or more can form alliances to kill a third. As they die off, new targets are assigned. Whoever lives, wins. All of this happens at some exotic, inhospitable wasteland. It is, to a great extent, an extreme, sci-fi version of ""Survivor"" -- minus the commercial plugs and faked ""reality.""<br /><br />It is not a bad concept for a sci-fi epic. A post-apocalyptic setting, a microcosm of the world (the cast is pointedly multinational), a game where no on can be trusted or least not for long, and where no one really wins. Literally a cold war. A steely eyed director with a taste for dark humor and violent invention could have a field day. The mystery in QUINTET is not in the game or how it is played, but in why it exists it all. If the game ""Quintet"" is a metaphor for life, then Altman, seems to see nothing in the material but a chance to show life to be an empty, meaningless game -- a conclusion as obvious as it is untrue. Given the lively, albeit cynical nature of the rest of his diverse films, I don't believe that Altman believes in QUINTET either. And if Altman has no faith in his material, why should we?",negative
I saw this on a boring Sunday morning just this morning. Well I was drawn to the fact that it's an outdoor movie.. I was hoping to find some nice sceneries but it the views where just limited.. They just go back and forth in the same spot all over again.. I hate it when they're using this so called hi-tech stuffs like the this Motorola blue-tooth headset they're using to eliminate the use of a walkie talkie it was just so funny.. they look like amateurs. And they where like advertising those badly designed alien-ware Laptops that could link up to a satellite to find people.. I couldn't say more about this TV-movie.. The ending was bad that it looks like they cut it short eliminating the use of rescue helicopters and etc.. */**********,negative
"For me personally this film goes down in my top four of all time. No exceptions. James Cameron has proved himself time and time again that he is a master storyteller. Through films such as Aliens, The Abyss and both Terminators it is clear that he was a brilliant and confidant director as far as action and science-fiction goes. He sees a story and adds a strange quality to the film. But Titanic is so much different to his other strokes of brilliance. The film is exceptionally moving and allows room for surprises, plot development and interesting character developments in a story that everyone knows. The story of the famed voyager sinking on her maiden voyage is legend so the challenge was for Cameron to make a truthful, interesting and entertaining film about it. The acting is wonderful as Leonardo DiCaprio who plays Jack and Kate Winslet who plays Rose became superstars overnight with the release of this film and in most films I get annoyed when the supporting characters aren't given a lot to do but in this film it is more purposeful because as an elderly Rose (Gloria Stuart) tells her story it is quickly apparent that it is Rose's and Jack's story alone, no one else. Emotionally it is entirely satisfying and can leave no dry eye in a theater or home. The music has become iconic and legendary. It is composer James Horner's finest soundtrack ever and evokes so much from the film and the audience. The song after so long has become annoying but I still appreciate it for the phenomenon it is and this film is. Only one problem, the usual James Cameron problem, is the dialogue which is memorable but in a bad way as in how cheesy it is at points but all that aside. James Cameron has delivered a masterpiece and a romantic epic that sweeps you away on a journey of a lifetime. My heart won't go on from this one.",positive
"I only voted excellent because this film took two snapshots of Americana: one in 1970, and one for every year afterward. <br /><br />Nothing's really changed.<br /><br />Joe is actually a jerk, a big stupid slob who's mad at everybody else in the world for his own idiocy. This ain't really a spoiler, but the key to the film is the big, corporate ""never does wrong"" guy making friends with this semi-troglodyte Joe, and he gets some kind of...validation from his bigotry and stupidity and sense of being wronged. <br /><br />Yet, few would argue, that the dealer boyfriend did deserve to die. And those kids shouldn't have ripped Joe and Compton off. And Joe and Compton were actually getting into the hash and the young skin until they got ripped off. A simple film in many ways, except that in 1970 New York City was par to a battle zone thanks to Nixon's care, and all of the money going to the war in Vietnam. As I write this (2/25/2007) there is a ""very long wait"" on Netflix for this film - which makes me happy because I think there are people out there who want to learn. This was a pretty good snapshot - not exact, a bit caricaturist - but actually pretty close to how it was back then. And the scary thing is - things haven't changed that much. Sure, there's no more welfare, but that just means the wage-slavery has won out. <br /><br />Amazing how millionaires will complain about not making enough money, then complain that $5.15 an hour is too much to pay their people.",positive
"THE WATERDANCE (1991) The main character of The Waterdance, played by Eric Stoltz, finds himself in a rehab center with some others similarly injured. And there he must face an harsh new life, confined to a wheelchair. It's an interesting, and promising premise, but unfortunately, it fails to deploy. What ensues instead is largely Hollywood schmaltz, with some interesting moments. Certainly the cast (Eric Stoltz, William Forsythe, Wesley Snipes, et al) is brilliant, and perform well here as one would expect, but their talents are wasted. The characters are mainly stereotypes of one kind or another, and most of them are thoroughly unlikeable (the Snipes character being the exception). I suppose this is some kind of attempt to break through people's ideas about the handicapped being ""crippled"" or ""weak"", by depicting them, for the most part, as in-your-face pricks, but it makes for an entirely annoying experience. Admittedly it will show you something of what those with permanent disabilities go through, in a way that is not softened or romanticized, which is useful, and a good idea, but while the process being depicted can make one a difficult person to get along with, and that's worth dealing with, it is not part and parcel to that that these characters must be, to varying degrees, despicable. They wouldn't have to be Disneyfied, either; surely there's a middle ground somewhere. By the film's conclusion, the Eric Stoltz character has come to accept his status as a handicapped person, but since he is such a flaming narcissistic monster from the beginning of the film to the end, we couldn't care less. <br /><br />In addition to its character problems, the film suffers from that weird syndrome that so many Hollywood movies suffer from; the syndrome doesn't really have an official name, but you might call it ""Inexplicable Forgiveness Syndrome"". It goes something like this: characters abuse the crap out of each other, and then without so much as an apology, all is forgiven (an especially obnoxious example of this is in the movie The Breakfast Club, in which one character spends most of the film verbally bullying everybody within earshot; as a resultthey love him. In one of the the latest examples, Spiderman 3, supervillain The Sandman lays waste to a chunk of Manhattan, then wails on Spiderman for what seems like about 15 monotonous minutes before being waved off with what amounts to ""bye, now""). The most egregious example of IFS in The Waterdance is a sequence in which, after being called the n-word by William Forsythe's racist biker character and his friends in the previous scene, the Wesley Snipes character whoops it up with the same Forsythe character in the next scene, as if nothing had just happened just a short time hence. Again, without so much as an ""Oh yeah, sorry about that business back there where I, you know, called you the n-word"". It makes me wonder, do these people actually watch these movies before they release them, or do they just film them with their eyes closed, kind of slap them together in the editing room according to scene number, and call it a day's work?",negative
"Wimpy stuffed shirt Armand Louque (blandly played by veteran character actor Dean Jagger in a rare lead role) joins a group of researchers who want to find and destroy the secret technique of creating zombies. Armand falls for the lovely Claire Duval (fetching blonde Dorothy Stone), who uses the meek sap to get Armand's colleague Clifford Grayson (the hopelessly wooden Robert Noland) to marry her. Furious over being used and spurned by Claire, Armand uses his knowledge of voodoo to get revenge. Sound exciting? Well, it sure ain't. For starters, Victor Halperin's static (non)direction lets the meandering and uneventful talk-ridden story plod along at an excruciatingly slow pace. Worse yet, Halperin crucially fails to bring any tension, atmosphere and momentum to the hideously tedious proceedings. The mostly blah acting from a largely insipid cast doesn't help matters any; only George Cleveland as the hearty General Duval and E. Alyn Warren as the irascible Dr. Trevissant manage to enliven things a bit with their welcome and refreshing hammy histrionics. The drippy stock film library score, the painfully obvious stagebound sets, and the crude cinematography are pretty lousy and unimpressive as well. In fact, this feeble excuse for a fright feature is so crummy that not even the uncredited starkly staring eyes of the great Bela Lugosi can alleviate the brain-numbing boredom. A dismally dull dud.",negative
"This movie is full of pseudo deep thoughtfulness and it's cloying in its writerly-ness, that includes a canned ham voice-over and some unbelievable dialogue. Dialogue that is tinny and tone deaf the way Spike sometimes (not always) is when writing ""certain"" characters. For those that like nonsense films like Pieces of April and One Hour Photo, this is another one for you.<br /><br />That said, this comment is nothing against Ryan Gosling who has shown his awesome chops in The Believer. A film that proves that movies are a director's medium, and when a movie is rotten it's fair to say the fault lies there and not in the actors.",negative
"This is probably the best cinematic depiction of life in a Manhattan ad agency: the pressure to perform; client and agency demands; the parties; the creativity; the money; the cool surface with powerful corporate undercurrents. <br /><br />Toss in parenthood for Dustin Hoffman. <br /><br />The movie is textured and deep. It follows his internal relationship as he tries to understand and live with what's going on; his relationship with Meryl Streep (and her friend, who becomes his friend), and his the relationship with his son. <br /><br />While Meryl Streep was great, did she set the record for least screen time to win an Oscar? She sure can deliver when she is on, though.",positive
"Woody Allen, when at his best, has one of the sharpest pens around. He can make an acute observation and wrap it around a punch line like nobody else. However, when he's at his worst his movies can stench of pretentiousness. Unfortunately, ""Melinda and Melinda"" has this stench from opening to closing. The set up is one of his more intriguing ideas in a while. Four friends sit in a restaurant discussing whether the essence of life is comedy or drama. To help settle the argument, one man relates the beginning of a story and asks the two other men arguing (one a comic playwright, the other a dramatic playwright) whether the story is a comedy or a tragedy. The two men then continue the story and the movie plays out the stories that they weave. Now, when I first heard about this film, my understanding was that they tell the exact same story, the genre (comedy or drama) only changes by how you look at it. Now that would have been interesting. However, the stories only share one main element and a few side elements. They are entirely different stories with major plot differences. The drama is so stiffly scripted and pretentious that it can only really work as self-parody. If this was the point, then it failed because these elements prevent the audience from feeling any emotional investment in any of the characters. The comedy is the story that has moments of success, but they are still short and fleeting. Will Farrell is obviously meant to be the stand-in for Woody, but he could have played this character so much more believably without adding Woody's stutters and hand-ticks. Woody is the best at being Woody. When someone else tries, they're not playing a character, they are modeling a recognizable actor. This type of thing only pulls the audience out of the story.<br /><br />My favorite Woody Allen movies make me leave the theater a little bit lighter in spirit than I walked in. This one made me wish I could get my money back.",negative
"This movie was NOTHING like the book. I think the writer of the screenplay must have wanted the job of writing the sequel to Gone with the Wind and been turned down. This was his or her way of getting their ideas in anyway. The only similarity between this movie and the story it was portraying was the names of the principle characters and the location of the main action. None of the events that are shown in the movie happened that way in the book. For a Gone with the Wind fan (of both the book and the movie) this was deeply disappointing. If you loved the book Scarlett, don't watch this movie hoping to see it played out on the screen. They only share the title in common.",negative
"I have to say this is the worst movie that I have ever watched in my life, I cannot believe that I wasted $10 at blockbuster ; this movie should be burned and who ever thought of it has issues. Who ever actually spent money to make this movie was insane =D This movie has TERRIBLE actors and some of the scenes make absolutely no sense. Well, the whole movie doesn't make sense. Also the part where those ""men"" come into the diner ( department of national securities )that happened to be the worst part of the film. How dare they say Frank Sinatra's name in vain? Also, what is up with those glasses? When the guy and girl are in the car and she ""drinks"" water, you can totally tell that she isn't even drinking! Also, what is up with the freaky dinner guy. And everyone knows that you don't stab tires, you slash them.",negative
"I think a great many viewers missed entirely the fact that this is obviously a parody of western films.<br /><br />This is not a bad movie - it is a clever tongue in cheek take on westerns. I don't believe this film was taking itself seriously for a moment.<br /><br />What makes this film even more unique is the fact it is centered around 4 strong, beautiful women, two of which are black, one Asian, and a Mexican/Hispanic character.<br /><br />These aren't your usual western women--they're tough--they can draw fast and shoot straight.<br /><br />They're so tough even the bartender is shaking when he pours their whiskey.<br /><br />The plot which moves this story along is typical of westerns--in the vein of ""you shot my brother--so I'm gonna get you!"" Only in this western, a woman's sister has been shot and she's out for vengeance on the gang who did it.<br /><br />So she goes and rounds up her old cronies from her bank robbing days.<br /><br />One of them, Maria, is not really all that interested in avenging Rachel's sister, but she is motived by the fact there's gold and jewelry hidden in the town where they're headed.<br /><br />There are a couple of scenes that don't quite make sense, not that they interfere that much, they can be ignored, but I wondered why they were there. So the film could use a little tightening, but over all, this is a well made film that has failed to find an audience that recognized what it is.<br /><br />My only disappointment was that the only lesbian in the film is a villain--of the ""heroines"", one is obviously straight, the others sexual orientations are never disclosed.<br /><br />7 Stars",positive
"Written by brilliant Monkees' TV writers Gerald Gardner and Dee Caruso,WHICH WAY TO THE FRONT was the last of the ""Jerry Lewis"" movies until ""Hardly Working"" almost a decade later. Jerry's comedy is evidently an acquired taste, and admittedly he can occasionally be his own worst enemy when he helms as producer/director--but even in the dreariest of his films, there are always moments of brilliance.<br /><br />WHICH WAY manages to be amusing,entertaining and yes,quite funny. It is somewhat unlike any of the typical Lewis films.The pace is very upbeat and ther are lots of excellent supporting players--a kind of JERRY DOES HOGANS HEROES.The whole thing looks kind of like an unsold TV pilot and you will either love it or hate it---but hopefully YOU VILL LAUGH",positive
"WARNING:I advise anyone who has not seen the film yet to not read this comment.<br /><br />When I first started to watch this movie my expectations were it was a vampire movie, that is going to be awesome considering how Rodriguez and Tarantino both helped make the film. I began about 15 minutes into it and already my hopes for this movie were down the drain, which shocked me. First, the story it was going with was not at all appealing in anyway possible, and just flat out boring and uncompelling to the point where I just wanted to turn it off. I was getting more frustrated with this movie as it dragged on, but I guess I had hopes that it would get better.... then when it finally showed vampires it BLEW MY MIND, in a VERY bad way. I thought,""Okay this movie started with some backwash horrible story about these two criminals, then VERY slowly turned into some vampire movie which I thought it was going to be from the beginning, in like, the last 30 minutes?"" To add on to that, they try to make the main characters all cool and awesome and mean around the end when they're just not; A bunny would've been more intimidating than these characters! This movie is a horrible piece of crap!!! From Dusk Till dawn disgraced me and left a terrible taste in my mouth, disheartening thoughts in my head, and left my body unable to move from the horrible shock that I just wasted 108 minutes of my life away on a horrendous film. I do not understand how George Clooney, Quentin Tarintino, Cheech Marin and Danny Trejo, all being the good and honorable actors that they are, could take part in this useless filth. In my opinion, From Dusk Till Dawn is one of the worst movies ever made that I have suffered my eyes on. Do not see it, you'll be doing yourelf a GREAT favor...",negative
"The 1983 BBC production of ""Jane Eyre"" starring Zelah Clarke and Timothy Dalton (LOVE HIM) has always been and will always be my favorite Jane Eyre. If you watch any other version of Jane Eyre without reading the book, it will be like watching some regular movie which you will forget the next day. But watching this one almost equals to reading the book. I used to watch these miniseries a lot when I was little, and they inspired me to read the book. At the time I didn't pay attention to how close this television production was to the book. Recently, I watched the 1996 version of Jane Eyre and was very disappointed. It was only 2 hours long and didn't have many important scenes from the book (such as my favorite gypsy scene). After that I fell in love with This ""Jane Eyre"" even more because it includes all the important scenes of the book and it just tells the whole story( the other versions don't, if you haven't read the book). <br /><br />The cast of 1983 Jane Eyre is excellent. It's true that Timothy Dalton is a very handsome actor (handsome enough to play Butler in ""Scarlet"", and Julius Caesar), but he is so great as Rochester that I can't imagine anybody else playing this role. And Zelah Clarke is, without a doubt, the only Jane that follows the description of the book. The other thing that makes this film so great is the clothes and the makeup of the actors. Jane looks so modest and naive, just as Bronte describes her (although she doesn't look 18, but do you actually pay attention to that?...) <br /><br />Some people say that this ""Jane Eyre"" is too long, but I would rather spend my whole day watching it than spend 2 hours watching some other version. Some say the movie is dull and boring because Jane is not passionate enough, or because there are not enough ""kissing scenes"". I hate when they make Jane Eyre some ""Hollywood movie"" with inappropriate kissing scenes. You don't have to include ""crazy, madly in love"" scenes to show the love between Jane and Rochester. And both Zelah and Timothy express this love so perfectly that there are no other scenes needed!! I am 19 years old, and many girls of my age refer to this film as ""boring and old-fashioned"". But I can only feel sorry for them because they don't appreciate the purity and beauty of it. After all, the novel is set in 19th century, and that old-fashioned look makes it more attractive and more like the book. <br /><br />I don't think there will ever be any other version of Jane Ayre that will have the popularity and love of this one. No matter who plays Jane and Rochester in other movies, the real Jane and Rochester (for me at least) will always be Zelah Clarke and Timothy Dalton!",positive
"As is nearly always the case, when Britain comes up with an entertaining and/or successful sit-com or quiz show, the Yanks will come along and poach the format and produce their own, grossly inferior, version. Man About The House is, of course, no exception to that rule. The Yanks' version ( Three's Company ) was unwatchable, braindead pap that seem to run forever. A prime example of quantity over ( non-existent ) quality. The original, on the other hand, is a fondly-remembered gem that had the savvy ( like Fawlty Towers ) to pull the plug at precisely the right time ( unlike the 637 episodes of 'hilarity' that Three's Company came up with ). Jo was cute, there was brilliant chemistry between the Ropers, Richard O'Sullivan made it all look so easy, the scripts, whilst not exactly Oscar Wilde-standard, were consistently funny and Chrissy was THE most drop-dead gorgeous woman who has walked the face of this planet since The Dead Sea was merely feeling unwell. 'Nuff said.",positive
"Steven Seagal appears to be sleepwalking through a dreadful movie shot almost entirely in close-up to disguise the complete lack of budget and resources. To pick on the technical flaws - silver F/A-18s and F-14s take of from a carrier for an air-strike, and miraculously become camouflaged F-16s for the actual strike - would give this movie more credibility than it deserves. Suffice it to say that the most interesting thing in the movie is the credit titles which fade on and then disappear in a lightning wipe, which presumably is available to all users of Final Cut Pro. Putting all your creativity into your own credit puts Michael Keusch in the same category as Marcel Mandu.",negative
"The `plot' of this film contains a few holes you could drive a massive truck through, but I reckon that isn't always top priority in horror. Two elderly sisters in rural England keep their brother in the cellar since more than 30 years. Now, he escaped and started a killing spree, focusing on militaries that are homed nearby. `We only did we thought was best for him' they keep on repeating and  strangely  all the army officers love these women and don't doubt their sincerity, even though 5 of their men died. I don't know whether to find the revelation near the end suspenseful  or tedious! In a way, this film reminded me about `Arsenic and Old Lace'. In that black-comedy classic, two half-insane siblings mother their goofy younger brother as well, yet they do the killing there. The old ladies in `The Beast in the Cellar' are by no means less crazy, though. The `horror' in this early 70's film is very amateurish and cheap, but there are a few neat attempts to build up the tension. Too many `old-ladies' talk about the good ol' days, though and that rarely is something you seek in a horror film with such an appealing title. Flora Robson, who may be recognized by classic film buffs, plays one of the sisters. She gave image to the Queen of England is the legendary Errol Flynn swashbuckler film, the Sea Hawk.",negative
